-- Adminer 4.6.2 MySQL dump

SET NAMES utf8;
SET time_zone = '+00:00';
SET foreign_key_checks = 0;
SET sql_mode = 'NO_AUTO_VALUE_ON_ZERO';

DROP TABLE IF EXISTS `cms3_apiship_orders`;
CREATE TABLE `cms3_apiship_orders` (
  `id` int(11) unsigned NOT NULL AUTO_INCREMENT,
  `number` int(11) unsigned NOT NULL,
  `umi_order_ref_number` int(11) unsigned NOT NULL,
  `provider_order_ref_number` varchar(255) DEFAULT NULL,
  `status` enum('pending','delivered','delivering','deliveryCanceled','lost','notApplicable','onPointIn','onPointOut','onWay','partialReturn','problem','readyForRecipient','returned','returnedFromDelivery','returning','returnReady','unknown','uploaded','uploading','uploadingError') NOT NULL,
  PRIMARY KEY (`id`),
  KEY `number` (`number`),
  KEY `umi_order_ref_number` (`umi_order_ref_number`),
  KEY `provider_order_ref_number` (`provider_order_ref_number`),
  KEY `status` (`status`)
) ENGINE=InnoDB DEFAULT CHARSET=utf8;


DROP TABLE IF EXISTS `cms3_appointment_employees`;
CREATE TABLE `cms3_appointment_employees` (
  `id` int(11) NOT NULL AUTO_INCREMENT,
  `name` varchar(255) NOT NULL,
  `photo` varchar(500) NOT NULL,
  `description` mediumtext NOT NULL,
  PRIMARY KEY (`id`)
) ENGINE=InnoDB DEFAULT CHARSET=utf8;

INSERT INTO `cms3_appointment_employees` (`id`, `name`, `photo`, `description`) VALUES
(1,	'Василий Зайцев',	'/images/employee.jpg',	'Ремонтник со стажем.');

DROP TABLE IF EXISTS `cms3_appointment_employees_services`;
CREATE TABLE `cms3_appointment_employees_services` (
  `id` int(11) NOT NULL AUTO_INCREMENT,
  `employee_id` int(11) NOT NULL,
  `service_id` int(11) NOT NULL,
  PRIMARY KEY (`id`),
  KEY `employee_id and service_id` (`employee_id`,`service_id`),
  KEY `employees services to services` (`service_id`),
  CONSTRAINT `employees services to employees` FOREIGN KEY (`employee_id`) REFERENCES `cms3_appointment_employees` (`id`) ON DELETE CASCADE,
  CONSTRAINT `employees services to services` FOREIGN KEY (`service_id`) REFERENCES `cms3_appointment_services` (`id`) ON DELETE CASCADE
) ENGINE=InnoDB DEFAULT CHARSET=utf8;

INSERT INTO `cms3_appointment_employees_services` (`id`, `employee_id`, `service_id`) VALUES
(1,	1,	1);

DROP TABLE IF EXISTS `cms3_appointment_employee_schedule`;
CREATE TABLE `cms3_appointment_employee_schedule` (
  `id` int(11) NOT NULL AUTO_INCREMENT,
  `employee_id` int(11) NOT NULL,
  `day` enum('0','1','2','3','4','5','6') NOT NULL,
  `time_start` time NOT NULL,
  `time_end` time NOT NULL,
  PRIMARY KEY (`id`),
  KEY `employee_id` (`employee_id`),
  CONSTRAINT `employee schedule to employees` FOREIGN KEY (`employee_id`) REFERENCES `cms3_appointment_employees` (`id`) ON DELETE CASCADE
) ENGINE=InnoDB DEFAULT CHARSET=utf8;

INSERT INTO `cms3_appointment_employee_schedule` (`id`, `employee_id`, `day`, `time_start`, `time_end`) VALUES
(1,	1,	'0',	'09:00:00',	'18:00:00'),
(2,	1,	'1',	'09:00:00',	'18:00:00'),
(3,	1,	'2',	'09:00:00',	'18:00:00'),
(4,	1,	'3',	'09:00:00',	'18:00:00'),
(5,	1,	'4',	'09:00:00',	'18:00:00');

DROP TABLE IF EXISTS `cms3_appointment_orders`;
CREATE TABLE `cms3_appointment_orders` (
  `id` int(11) NOT NULL AUTO_INCREMENT,
  `service_id` int(11) unsigned NOT NULL,
  `employee_id` int(11) unsigned DEFAULT NULL,
  `create_date` int(11) unsigned NOT NULL,
  `date` int(11) unsigned NOT NULL,
  `time` time NOT NULL,
  `phone` varchar(255) DEFAULT NULL,
  `email` varchar(255) DEFAULT NULL,
  `name` varchar(255) DEFAULT NULL,
  `comment` mediumtext DEFAULT NULL,
  `status_id` enum('1','2','3') NOT NULL,
  PRIMARY KEY (`id`),
  KEY `create_date` (`create_date`)
) ENGINE=InnoDB DEFAULT CHARSET=utf8;

INSERT INTO `cms3_appointment_orders` (`id`, `service_id`, `employee_id`, `create_date`, `date`, `time`, `phone`, `email`, `name`, `comment`, `status_id`) VALUES
(1,	1,	1,	1409013160,	1280390528,	'14:00:00',	'+7 899 434 43 34',	'tester@mail.ru',	'Василий Пупкин',	'На телефон отвечаю не позже 23:00',	'2');

DROP TABLE IF EXISTS `cms3_appointment_services`;
CREATE TABLE `cms3_appointment_services` (
  `id` int(11) NOT NULL AUTO_INCREMENT,
  `group_id` int(11) NOT NULL,
  `name` varchar(255) NOT NULL,
  `time` time NOT NULL,
  `price` double NOT NULL,
  PRIMARY KEY (`id`),
  KEY `services to service_groups` (`group_id`),
  CONSTRAINT `services to service_groups` FOREIGN KEY (`group_id`) REFERENCES `cms3_appointment_service_groups` (`id`) ON DELETE CASCADE
) ENGINE=InnoDB DEFAULT CHARSET=utf8;

INSERT INTO `cms3_appointment_services` (`id`, `group_id`, `name`, `time`, `price`) VALUES
(1,	1,	'Починка бытовой техники',	'03:00:00',	100.5);

DROP TABLE IF EXISTS `cms3_appointment_service_groups`;
CREATE TABLE `cms3_appointment_service_groups` (
  `id` int(11) NOT NULL AUTO_INCREMENT,
  `name` varchar(255) NOT NULL,
  PRIMARY KEY (`id`)
) ENGINE=InnoDB DEFAULT CHARSET=utf8;

INSERT INTO `cms3_appointment_service_groups` (`id`, `name`) VALUES
(1,	'Услуги');

DROP TABLE IF EXISTS `cms3_cluster_nodes`;
CREATE TABLE `cms3_cluster_nodes` (
  `id` int(11) NOT NULL AUTO_INCREMENT,
  `node_ip` varchar(16) NOT NULL DEFAULT '',
  PRIMARY KEY (`id`),
  KEY `node_id` (`id`),
  KEY `node_ip` (`node_ip`)
) ENGINE=InnoDB DEFAULT CHARSET=utf8;


DROP TABLE IF EXISTS `cms3_cluster_nodes_cache_keys`;
CREATE TABLE `cms3_cluster_nodes_cache_keys` (
  `node_id` int(11) DEFAULT NULL,
  `key` varchar(255) NOT NULL DEFAULT '',
  KEY `node_id` (`node_id`),
  KEY `key` (`key`)
) ENGINE=InnoDB DEFAULT CHARSET=utf8;


DROP TABLE IF EXISTS `cms3_data_cache`;
CREATE TABLE `cms3_data_cache` (
  `key` varchar(255) NOT NULL,
  `value` mediumtext NOT NULL,
  `create_time` int(11) NOT NULL,
  `expire_time` int(11) NOT NULL,
  `entry_time` int(11) NOT NULL,
  `entries_number` int(11) NOT NULL,
  PRIMARY KEY (`key`),
  KEY `Life time` (`expire_time`)
) ENGINE=MyISAM DEFAULT CHARSET=utf8;

INSERT INTO `cms3_data_cache` (`key`, `value`, `create_time`, `expire_time`, `entry_time`, `entries_number`) VALUES
('d41d8cd98f00b204e9800998ecf8427e',	's:204:\"{\"_browser_name\":\"unknown\",\"_version\":\"unknown\",\"_platform\":\"unknown\",\"_os\":\"unknown\",\"_is_aol\":false,\"_is_mobile\":false,\"_is_tablet\":false,\"_is_robot\":false,\"_is_facebook\":false,\"_aol_version\":\"unknown\"}\";',	1566304099,	1629462499,	0,	0),
('5a0a1437299005cd7744128c13165ec9',	's:206:\"{\"_browser_name\":\"Chrome\",\"_version\":\"75.0.3770.80\",\"_platform\":\"Linux\",\"_os\":\"unknown\",\"_is_aol\":false,\"_is_mobile\":false,\"_is_tablet\":false,\"_is_robot\":false,\"_is_facebook\":false,\"_aol_version\":\"unknown\"}\";',	1566304222,	1629462622,	0,	0),
('support-end-time',	'i:1762959720;',	1566304225,	1566563425,	0,	0),
('d6aedf4575b5874fc0d92ec6bf3ce1fc',	's:200:\"{\"_browser_name\":\"Mozilla\",\"_version\":\"5.0\",\"_platform\":\"unknown\",\"_os\":\"unknown\",\"_is_aol\":false,\"_is_mobile\":false,\"_is_tablet\":false,\"_is_robot\":false,\"_is_facebook\":false,\"_aol_version\":\"unknown\"}\";',	1566304262,	1629462662,	0,	0),
('54.36.149.16',	'O:40:\"UmiCms\\Classes\\Components\\GeoIP\\Location\":1:{s:46:\"\0UmiCms\\Classes\\Components\\GeoIP\\Location\0data\";a:5:{s:7:\"country\";s:20:\"Неизвестно\";s:6:\"region\";s:20:\"Неизвестно\";s:4:\"city\";s:20:\"Неизвестно\";s:8:\"latitude\";s:2:\"46\";s:9:\"longitude\";s:1:\"2\";}}',	1566304263,	1567513863,	0,	0),
('cb09e5639fbc6ccc5be6269ec1f7f047',	's:200:\"{\"_browser_name\":\"Mozilla\",\"_version\":\"5.0\",\"_platform\":\"unknown\",\"_os\":\"unknown\",\"_is_aol\":false,\"_is_mobile\":false,\"_is_tablet\":false,\"_is_robot\":false,\"_is_facebook\":false,\"_aol_version\":\"unknown\"}\";',	1566304269,	1629462669,	0,	0),
('46.229.168.141',	'O:40:\"UmiCms\\Classes\\Components\\GeoIP\\Location\":1:{s:46:\"\0UmiCms\\Classes\\Components\\GeoIP\\Location\0data\";a:5:{s:7:\"country\";s:6:\"США\";s:6:\"region\";s:20:\"Неизвестно\";s:4:\"city\";s:20:\"Неизвестно\";s:8:\"latitude\";s:20:\"Неизвестно\";s:9:\"longitude\";s:20:\"Неизвестно\";}}',	1566304269,	1567513869,	0,	0);

DROP TABLE IF EXISTS `cms3_domains`;
CREATE TABLE `cms3_domains` (
  `id` int(10) unsigned NOT NULL AUTO_INCREMENT,
  `host` varchar(64) NOT NULL,
  `is_default` tinyint(1) DEFAULT NULL,
  `default_lang_id` int(10) unsigned DEFAULT NULL,
  `use_ssl` tinyint(1) DEFAULT NULL,
  `favicon` mediumtext DEFAULT NULL,
  PRIMARY KEY (`id`),
  UNIQUE KEY `host` (`host`),
  KEY `Domain to default language relation_FK` (`default_lang_id`),
  CONSTRAINT `FK_Domain to default language relation` FOREIGN KEY (`default_lang_id`) REFERENCES `cms3_langs` (`id`) ON DELETE SET NULL ON UPDATE CASCADE
) ENGINE=InnoDB DEFAULT CHARSET=utf8;

INSERT INTO `cms3_domains` (`id`, `host`, `is_default`, `default_lang_id`, `use_ssl`, `favicon`) VALUES
(1,	'madgrant.ru',	1,	1,	0,	NULL);

DROP TABLE IF EXISTS `cms3_domain_mirrows`;
CREATE TABLE `cms3_domain_mirrows` (
  `id` int(10) unsigned NOT NULL AUTO_INCREMENT,
  `host` varchar(64) DEFAULT NULL,
  `rel` int(10) unsigned DEFAULT NULL,
  PRIMARY KEY (`id`),
  UNIQUE KEY `host` (`host`),
  KEY `Domain to mirrows relation_FK` (`rel`),
  CONSTRAINT `FK_Domain to mirrows relation` FOREIGN KEY (`rel`) REFERENCES `cms3_domains` (`id`) ON DELETE CASCADE ON UPDATE CASCADE
) ENGINE=InnoDB DEFAULT CHARSET=utf8;


DROP TABLE IF EXISTS `cms3_emarket_top`;
CREATE TABLE `cms3_emarket_top` (
  `id` int(11) NOT NULL,
  `date` bigint(20) NOT NULL,
  `title` varchar(255) NOT NULL,
  `amount` int(11) NOT NULL,
  `total_price` double NOT NULL
) ENGINE=InnoDB DEFAULT CHARSET=utf8;


DROP TABLE IF EXISTS `cms3_fields_controller`;
CREATE TABLE `cms3_fields_controller` (
  `ord` int(11) DEFAULT NULL,
  `field_id` int(10) unsigned DEFAULT NULL,
  `group_id` int(10) unsigned DEFAULT NULL,
  KEY `rel to field_FK` (`field_id`),
  KEY `rel to field group_FK` (`group_id`),
  KEY `ord` (`ord`),
  CONSTRAINT `FK_rel to field` FOREIGN KEY (`field_id`) REFERENCES `cms3_object_fields` (`id`) ON DELETE CASCADE ON UPDATE CASCADE,
  CONSTRAINT `FK_rel to field group` FOREIGN KEY (`group_id`) REFERENCES `cms3_object_field_groups` (`id`) ON DELETE CASCADE ON UPDATE CASCADE
) ENGINE=InnoDB DEFAULT CHARSET=utf8;

INSERT INTO `cms3_fields_controller` (`ord`, `field_id`, `group_id`) VALUES
(5,	1,	1),
(5,	2,	2),
(10,	3,	2),
(15,	4,	2),
(20,	5,	2),
(25,	6,	2),
(30,	7,	2),
(5,	8,	3),
(10,	9,	3),
(15,	10,	3),
(5,	11,	4),
(10,	12,	4),
(15,	13,	4),
(20,	14,	4),
(5,	15,	5),
(10,	16,	5),
(5,	17,	6),
(10,	18,	6),
(15,	19,	6),
(20,	20,	6),
(5,	21,	7),
(10,	22,	7),
(5,	23,	8),
(5,	2,	9),
(10,	3,	9),
(15,	6,	9),
(20,	5,	9),
(25,	7,	9),
(30,	24,	9),
(5,	8,	10),
(10,	9,	10),
(15,	10,	10),
(5,	11,	11),
(10,	12,	11),
(15,	13,	11),
(20,	14,	11),
(5,	15,	12),
(10,	16,	12),
(5,	17,	13),
(10,	18,	13),
(15,	19,	13),
(20,	20,	13),
(5,	21,	14),
(10,	22,	14),
(5,	25,	15),
(10,	26,	15),
(15,	27,	15),
(20,	28,	15),
(5,	29,	16),
(5,	30,	17),
(5,	31,	18),
(5,	31,	19),
(5,	32,	20),
(5,	32,	21),
(5,	33,	22),
(5,	34,	23),
(5,	35,	24),
(10,	36,	24),
(15,	37,	24),
(20,	38,	24),
(25,	39,	24),
(5,	40,	25),
(5,	41,	26),
(5,	42,	27),
(10,	43,	27),
(15,	44,	27),
(20,	45,	27),
(5,	46,	28),
(10,	47,	28),
(15,	48,	28),
(20,	49,	28),
(25,	50,	28),
(5,	51,	29),
(10,	52,	29),
(15,	53,	29),
(20,	54,	29),
(25,	55,	29),
(30,	56,	29),
(5,	57,	30),
(10,	53,	30),
(15,	58,	30),
(20,	59,	30),
(25,	55,	30),
(5,	57,	31),
(10,	53,	31),
(15,	58,	31),
(20,	59,	31),
(25,	55,	31),
(5,	34,	32),
(10,	60,	32),
(5,	61,	33),
(10,	62,	33),
(15,	63,	33),
(20,	64,	33),
(5,	65,	34),
(5,	66,	35),
(10,	67,	35),
(15,	68,	35),
(20,	69,	35),
(5,	70,	36),
(5,	71,	37),
(5,	72,	38),
(5,	73,	39),
(10,	74,	39),
(15,	75,	39),
(5,	76,	40),
(10,	77,	40),
(15,	78,	40),
(5,	73,	42),
(10,	74,	42),
(15,	75,	42),
(5,	79,	43),
(5,	80,	44),
(10,	81,	44),
(15,	82,	44),
(20,	83,	44),
(25,	84,	44),
(30,	85,	44),
(35,	86,	44),
(5,	87,	45),
(5,	88,	46),
(10,	89,	46),
(15,	90,	46),
(20,	91,	46),
(25,	92,	46),
(5,	93,	47),
(10,	94,	47),
(15,	95,	47),
(20,	96,	47),
(25,	97,	47),
(30,	98,	47),
(35,	99,	47),
(40,	100,	47),
(45,	101,	47),
(50,	102,	47),
(55,	103,	47),
(60,	104,	47),
(65,	105,	47),
(70,	106,	47),
(75,	107,	47),
(80,	108,	47),
(5,	109,	48),
(5,	110,	49),
(5,	40,	50),
(10,	111,	50),
(5,	112,	51),
(10,	113,	51),
(15,	114,	51),
(5,	115,	52),
(10,	116,	52),
(15,	117,	52),
(5,	40,	53),
(10,	111,	53),
(5,	118,	54),
(10,	119,	54),
(15,	120,	54),
(20,	49,	54),
(25,	121,	54),
(5,	122,	55),
(10,	123,	55),
(15,	124,	55),
(5,	125,	56),
(10,	126,	56),
(15,	127,	56),
(20,	128,	56),
(25,	129,	56),
(30,	130,	56),
(35,	131,	56),
(5,	132,	57),
(10,	133,	57),
(15,	134,	57),
(5,	135,	58),
(10,	136,	58),
(15,	137,	58),
(20,	138,	58),
(25,	139,	58),
(30,	140,	58),
(35,	141,	58),
(40,	142,	58),
(45,	143,	58),
(5,	40,	59),
(10,	111,	59),
(5,	144,	60),
(10,	145,	60),
(15,	146,	60),
(20,	147,	60),
(25,	148,	60),
(30,	149,	60),
(35,	150,	60),
(40,	151,	60),
(45,	152,	60),
(50,	153,	60),
(55,	154,	60),
(60,	155,	60),
(65,	156,	60),
(70,	157,	60),
(75,	158,	60),
(80,	159,	60),
(5,	160,	61),
(10,	161,	61),
(15,	162,	61),
(20,	163,	61),
(25,	164,	61),
(30,	165,	61),
(35,	166,	61),
(5,	167,	62),
(10,	168,	62),
(15,	169,	62),
(20,	170,	62),
(25,	171,	62),
(30,	172,	62),
(35,	173,	62),
(40,	174,	62),
(5,	175,	63),
(10,	176,	63),
(15,	177,	63),
(20,	178,	63),
(25,	179,	63),
(30,	180,	63),
(5,	181,	64),
(10,	182,	64),
(15,	183,	64),
(20,	184,	64),
(25,	185,	64),
(30,	186,	64),
(35,	187,	64),
(40,	188,	64),
(45,	189,	64),
(50,	190,	64),
(55,	191,	64),
(60,	192,	64),
(65,	193,	64),
(70,	194,	64),
(75,	195,	64),
(80,	196,	64),
(85,	197,	64),
(90,	198,	64),
(5,	199,	65),
(10,	200,	65),
(5,	201,	66),
(5,	202,	67),
(5,	203,	68),
(10,	204,	68),
(15,	205,	68),
(20,	206,	68),
(25,	207,	68),
(30,	208,	68),
(35,	209,	68),
(40,	210,	68),
(45,	211,	68),
(50,	212,	68),
(55,	213,	68),
(60,	214,	68),
(5,	215,	69),
(10,	216,	69),
(15,	217,	69),
(20,	218,	69),
(25,	219,	69),
(30,	220,	69),
(35,	221,	69),
(40,	222,	69),
(45,	223,	69),
(50,	224,	69),
(55,	225,	69),
(60,	226,	69),
(65,	227,	69),
(70,	228,	69),
(5,	229,	70),
(10,	230,	70),
(15,	231,	70),
(20,	232,	70),
(5,	233,	72),
(10,	234,	72),
(5,	235,	73),
(5,	236,	74),
(10,	65,	74),
(5,	70,	75),
(10,	237,	75),
(5,	238,	76),
(10,	239,	76),
(5,	2,	77),
(10,	3,	77),
(15,	6,	77),
(20,	5,	77),
(25,	7,	77),
(30,	240,	77),
(35,	4,	77),
(5,	241,	78),
(10,	242,	78),
(15,	243,	78),
(20,	244,	78),
(25,	245,	78),
(5,	8,	79),
(10,	9,	79),
(15,	10,	79),
(5,	11,	80),
(10,	12,	80),
(15,	13,	80),
(20,	14,	80),
(5,	246,	81),
(10,	247,	81),
(5,	248,	82),
(5,	15,	83),
(10,	16,	83),
(5,	17,	84),
(10,	18,	84),
(15,	19,	84),
(20,	20,	84),
(5,	21,	85),
(10,	22,	85),
(5,	2,	86),
(10,	3,	86),
(15,	6,	86),
(20,	5,	86),
(25,	7,	86),
(30,	4,	86),
(5,	8,	87),
(10,	9,	87),
(15,	10,	87),
(5,	11,	88),
(10,	12,	88),
(15,	13,	88),
(20,	14,	88),
(5,	15,	89),
(10,	16,	89),
(5,	17,	90),
(10,	18,	90),
(15,	19,	90),
(20,	20,	90),
(5,	21,	91),
(10,	22,	91),
(5,	249,	92),
(10,	250,	92),
(15,	251,	92),
(20,	252,	92),
(25,	253,	92),
(30,	254,	92),
(35,	255,	92),
(40,	256,	92),
(5,	2,	93),
(10,	3,	93),
(15,	257,	93),
(20,	5,	93),
(25,	6,	93),
(30,	7,	93),
(35,	258,	93),
(5,	8,	94),
(10,	9,	94),
(15,	10,	94),
(5,	11,	95),
(10,	12,	95),
(15,	13,	95),
(20,	14,	95),
(5,	15,	96),
(10,	16,	96),
(5,	259,	97),
(10,	260,	97),
(15,	261,	97),
(20,	262,	97),
(25,	263,	97),
(5,	4,	98),
(10,	264,	98),
(15,	243,	98),
(5,	15,	99),
(10,	16,	99),
(5,	265,	100),
(5,	2,	101),
(10,	3,	101),
(15,	4,	101),
(20,	5,	101),
(25,	6,	101),
(30,	7,	101),
(35,	243,	101),
(5,	8,	102),
(10,	9,	102),
(15,	10,	102),
(5,	11,	103),
(10,	12,	103),
(15,	13,	103),
(20,	14,	103),
(5,	15,	104),
(10,	16,	104),
(5,	17,	105),
(10,	18,	105),
(15,	19,	105),
(20,	20,	105),
(5,	21,	106),
(10,	22,	106),
(5,	266,	107),
(5,	265,	108),
(5,	2,	109),
(10,	3,	109),
(15,	6,	109),
(20,	5,	109),
(25,	7,	109),
(30,	267,	109),
(35,	268,	109),
(40,	269,	109),
(45,	270,	109),
(5,	8,	110),
(10,	9,	110),
(15,	10,	110),
(5,	11,	111),
(10,	12,	111),
(15,	13,	111),
(20,	14,	111),
(5,	15,	112),
(10,	16,	112),
(5,	17,	113),
(10,	18,	113),
(15,	19,	113),
(20,	20,	113),
(5,	21,	114),
(10,	22,	114),
(5,	2,	115),
(10,	3,	115),
(15,	6,	115),
(20,	7,	115),
(25,	5,	115),
(30,	269,	115),
(35,	270,	115),
(5,	8,	116),
(10,	9,	116),
(15,	10,	116),
(5,	11,	117),
(10,	12,	117),
(15,	13,	117),
(20,	14,	117),
(5,	243,	118),
(10,	264,	118),
(15,	271,	118),
(5,	15,	119),
(10,	16,	119),
(5,	17,	120),
(10,	18,	120),
(15,	19,	120),
(20,	20,	120),
(5,	21,	121),
(10,	22,	121),
(5,	2,	122),
(10,	3,	122),
(15,	6,	122),
(20,	5,	122),
(25,	7,	122),
(5,	8,	123),
(10,	9,	123),
(15,	10,	123),
(5,	11,	124),
(10,	12,	124),
(15,	13,	124),
(20,	14,	124),
(5,	272,	125),
(10,	264,	125),
(5,	15,	126),
(10,	16,	126),
(5,	17,	127),
(10,	18,	127),
(15,	19,	127),
(20,	20,	127),
(5,	21,	128),
(10,	22,	128),
(5,	2,	129),
(10,	3,	129),
(15,	6,	129),
(20,	5,	129),
(25,	7,	129),
(5,	8,	130),
(10,	9,	130),
(15,	10,	130),
(5,	11,	131),
(10,	12,	131),
(15,	13,	131),
(20,	14,	131),
(5,	272,	132),
(10,	243,	132),
(15,	264,	132),
(5,	15,	133),
(10,	16,	133),
(5,	17,	134),
(10,	18,	134),
(15,	19,	134),
(20,	20,	134),
(5,	21,	135),
(10,	22,	135),
(5,	265,	136),
(5,	273,	137),
(10,	274,	137),
(5,	2,	138),
(10,	3,	138),
(15,	6,	138),
(20,	5,	138),
(25,	7,	138),
(5,	8,	139),
(10,	9,	139),
(15,	10,	139),
(5,	11,	140),
(10,	12,	140),
(15,	13,	140),
(20,	14,	140),
(5,	275,	141),
(10,	276,	141),
(15,	243,	141),
(20,	277,	141),
(25,	278,	141),
(5,	15,	142),
(10,	16,	142),
(5,	17,	143),
(10,	18,	143),
(15,	19,	143),
(20,	20,	143),
(5,	21,	144),
(10,	22,	144),
(5,	2,	145),
(10,	3,	145),
(15,	4,	145),
(20,	5,	145),
(25,	6,	145),
(30,	7,	145),
(5,	8,	146),
(10,	9,	146),
(15,	10,	146),
(5,	11,	147),
(10,	12,	147),
(15,	13,	147),
(20,	14,	147),
(5,	15,	148),
(10,	16,	148),
(5,	17,	149),
(10,	18,	149),
(15,	19,	149),
(20,	20,	149),
(5,	21,	150),
(10,	22,	150),
(5,	279,	151),
(5,	280,	152),
(10,	281,	152),
(15,	282,	152),
(20,	283,	152),
(5,	284,	153),
(10,	285,	153),
(15,	286,	153),
(20,	287,	153),
(5,	288,	154),
(10,	289,	154),
(15,	290,	154),
(20,	291,	154),
(25,	292,	154),
(5,	293,	155),
(5,	294,	156),
(5,	295,	157),
(10,	296,	157),
(15,	297,	157),
(5,	2,	158),
(10,	3,	158),
(15,	5,	158),
(20,	6,	158),
(25,	7,	158),
(5,	8,	159),
(10,	9,	159),
(15,	10,	159),
(5,	11,	160),
(10,	12,	160),
(15,	13,	160),
(20,	14,	160),
(5,	267,	161),
(10,	298,	161),
(15,	299,	161),
(5,	15,	162),
(10,	16,	162),
(5,	17,	163),
(10,	18,	163),
(15,	19,	163),
(20,	20,	163),
(5,	21,	164),
(10,	22,	164),
(5,	2,	165),
(10,	3,	165),
(15,	5,	165),
(20,	6,	165),
(25,	7,	165),
(5,	8,	166),
(10,	9,	166),
(15,	10,	166),
(5,	11,	167),
(10,	12,	167),
(15,	13,	167),
(20,	14,	167),
(5,	300,	168),
(10,	267,	168),
(15,	298,	168),
(20,	299,	168),
(5,	15,	169),
(10,	16,	169),
(5,	17,	170),
(10,	18,	170),
(15,	19,	170),
(20,	20,	170),
(5,	21,	171),
(10,	22,	171),
(5,	2,	172),
(10,	3,	172),
(15,	4,	172),
(20,	5,	172),
(25,	6,	172),
(30,	7,	172),
(5,	8,	173),
(10,	9,	173),
(15,	10,	173),
(5,	11,	174),
(10,	12,	174),
(15,	13,	174),
(20,	14,	174),
(5,	15,	175),
(10,	16,	175),
(5,	17,	176),
(10,	18,	176),
(15,	19,	176),
(20,	20,	176),
(5,	21,	177),
(10,	22,	177),
(5,	2,	178),
(10,	3,	178),
(15,	4,	178),
(20,	5,	178),
(25,	6,	178),
(30,	7,	178),
(5,	8,	179),
(10,	9,	179),
(15,	10,	179),
(5,	11,	180),
(10,	12,	180),
(15,	13,	180),
(20,	14,	180),
(5,	15,	181),
(10,	16,	181),
(5,	17,	182),
(10,	18,	182),
(15,	19,	182),
(20,	20,	182),
(5,	21,	183),
(10,	22,	183),
(5,	2,	184),
(10,	3,	184),
(15,	5,	184),
(20,	6,	184),
(25,	7,	184),
(30,	276,	184),
(35,	301,	184),
(40,	264,	184),
(45,	243,	184),
(5,	8,	185),
(10,	9,	185),
(15,	10,	185),
(5,	11,	186),
(10,	12,	186),
(15,	13,	186),
(20,	14,	186),
(5,	17,	187),
(10,	18,	187),
(15,	19,	187),
(20,	20,	187),
(5,	21,	188),
(10,	22,	188),
(5,	265,	189),
(5,	302,	190),
(10,	303,	190),
(15,	304,	190),
(20,	305,	190),
(25,	306,	190),
(30,	307,	190),
(5,	308,	191),
(10,	309,	191),
(5,	310,	192),
(10,	311,	192),
(15,	312,	192),
(5,	313,	193),
(10,	314,	193),
(15,	315,	193),
(5,	316,	194),
(10,	317,	194),
(15,	318,	194),
(20,	319,	194),
(5,	320,	195),
(10,	321,	195),
(15,	322,	195),
(20,	323,	195),
(25,	324,	195),
(5,	325,	196),
(10,	326,	196),
(15,	327,	196),
(5,	2,	197),
(10,	3,	197),
(15,	6,	197),
(20,	5,	197),
(25,	7,	197),
(5,	8,	198),
(10,	9,	198),
(15,	10,	198),
(5,	11,	199),
(10,	12,	199),
(15,	13,	199),
(20,	14,	199),
(5,	267,	200),
(10,	328,	200),
(5,	15,	201),
(10,	16,	201),
(5,	17,	202),
(10,	18,	202),
(15,	19,	202),
(20,	20,	202),
(5,	21,	203),
(10,	22,	203),
(5,	329,	204),
(10,	330,	204),
(15,	331,	204),
(20,	332,	204),
(25,	333,	204),
(5,	2,	205),
(10,	3,	205),
(15,	6,	205),
(20,	5,	205),
(25,	7,	205),
(30,	334,	205),
(5,	8,	206),
(10,	9,	206),
(15,	10,	206),
(5,	11,	207),
(10,	14,	207),
(5,	335,	208),
(10,	336,	208),
(15,	337,	208),
(20,	338,	208),
(5,	339,	210),
(10,	340,	210),
(15,	341,	210),
(5,	342,	211),
(10,	343,	211),
(5,	15,	212),
(10,	16,	212),
(5,	17,	213),
(10,	18,	213),
(15,	19,	213),
(20,	20,	213),
(5,	21,	214),
(10,	22,	214),
(5,	47,	215),
(10,	46,	215),
(15,	48,	215),
(20,	344,	215),
(25,	345,	215),
(30,	346,	215),
(35,	347,	215),
(5,	49,	216),
(10,	50,	216),
(15,	348,	216),
(5,	349,	217),
(5,	350,	218),
(5,	65,	219),
(10,	351,	219),
(5,	70,	220),
(10,	352,	220),
(5,	70,	221),
(10,	353,	221),
(15,	354,	221),
(5,	70,	222),
(10,	355,	222),
(15,	356,	222),
(5,	70,	223),
(10,	357,	223),
(15,	358,	223),
(5,	70,	224),
(10,	359,	224),
(5,	70,	225),
(10,	360,	225),
(5,	135,	226),
(10,	136,	226),
(15,	137,	226),
(20,	138,	226),
(25,	139,	226),
(30,	140,	226),
(35,	141,	226),
(40,	142,	226),
(45,	143,	226),
(5,	135,	227),
(10,	136,	227),
(15,	138,	227),
(20,	139,	227),
(25,	140,	227),
(30,	141,	227),
(35,	142,	227),
(40,	143,	227),
(5,	361,	228),
(10,	137,	228),
(5,	135,	229),
(10,	136,	229),
(15,	138,	229),
(20,	139,	229),
(25,	140,	229),
(30,	141,	229),
(35,	142,	229),
(40,	143,	229),
(5,	362,	230),
(10,	363,	230),
(5,	135,	231),
(10,	136,	231),
(15,	138,	231),
(20,	141,	231),
(25,	142,	231),
(30,	143,	231),
(5,	364,	232),
(10,	365,	232),
(15,	366,	232),
(20,	367,	232),
(25,	368,	232),
(30,	369,	232),
(35,	370,	232),
(40,	371,	232),
(45,	139,	232),
(50,	140,	232),
(5,	115,	233),
(10,	116,	233),
(15,	117,	233),
(5,	372,	234),
(10,	373,	234),
(15,	374,	234),
(20,	375,	234),
(25,	376,	234),
(30,	377,	234),
(5,	115,	235),
(10,	116,	235),
(15,	117,	235),
(5,	378,	236),
(10,	379,	236),
(15,	380,	236),
(20,	381,	236),
(5,	115,	237),
(10,	116,	237),
(15,	117,	237),
(5,	115,	238),
(10,	116,	238),
(15,	117,	238),
(5,	382,	239),
(10,	383,	239),
(15,	384,	239),
(20,	385,	239),
(25,	380,	239),
(5,	115,	240),
(10,	116,	240),
(15,	117,	240),
(5,	386,	241),
(10,	387,	241),
(5,	115,	242),
(10,	116,	242),
(15,	117,	242),
(5,	388,	243),
(10,	389,	243),
(15,	390,	243),
(20,	391,	243),
(25,	392,	243),
(30,	393,	243),
(35,	394,	243),
(40,	395,	243),
(45,	376,	243),
(50,	396,	243),
(5,	115,	244),
(10,	116,	244),
(15,	117,	244),
(5,	397,	245),
(10,	398,	245),
(15,	399,	245),
(20,	400,	245),
(25,	401,	245),
(30,	402,	245),
(35,	380,	245),
(5,	115,	246),
(10,	116,	246),
(15,	117,	246),
(5,	403,	247),
(10,	404,	247),
(15,	405,	247),
(5,	115,	248),
(10,	406,	248),
(15,	407,	248),
(20,	387,	248),
(25,	408,	248),
(30,	116,	248),
(35,	117,	248),
(5,	115,	249),
(10,	116,	249),
(15,	117,	249),
(5,	409,	250),
(10,	410,	250),
(15,	411,	250),
(20,	412,	250),
(25,	413,	250),
(5,	115,	251),
(10,	116,	251),
(15,	117,	251),
(5,	414,	252),
(10,	415,	252),
(15,	416,	252),
(20,	417,	252),
(25,	408,	252),
(30,	380,	252),
(5,	115,	253),
(10,	116,	253),
(15,	117,	253),
(5,	385,	254),
(10,	418,	254),
(15,	419,	254),
(20,	420,	254),
(5,	115,	255),
(10,	116,	255),
(15,	117,	255),
(5,	421,	256),
(10,	422,	256),
(15,	380,	256),
(20,	381,	256),
(5,	423,	257),
(10,	424,	257),
(15,	425,	257),
(5,	426,	258),
(10,	427,	258),
(5,	428,	259),
(10,	429,	259),
(5,	430,	260),
(10,	431,	260),
(15,	432,	260),
(20,	433,	260),
(25,	434,	260),
(30,	435,	260),
(5,	436,	261),
(10,	437,	261),
(15,	438,	261),
(5,	439,	262),
(10,	440,	262),
(15,	441,	262),
(20,	442,	262),
(25,	443,	262),
(5,	444,	263),
(10,	445,	263),
(5,	446,	264),
(5,	426,	265),
(10,	427,	265),
(5,	447,	266),
(10,	448,	266),
(15,	449,	266),
(20,	450,	266),
(5,	428,	267),
(10,	429,	267),
(5,	430,	268),
(10,	431,	268),
(15,	432,	268),
(20,	433,	268),
(25,	434,	268),
(30,	435,	268),
(5,	436,	269),
(10,	437,	269),
(15,	438,	269),
(5,	439,	270),
(10,	440,	270),
(15,	441,	270),
(20,	442,	270),
(25,	443,	270),
(5,	444,	271),
(10,	445,	271),
(5,	446,	272),
(5,	426,	273),
(10,	427,	273),
(5,	451,	274),
(10,	448,	274),
(15,	449,	274),
(20,	452,	274),
(5,	428,	275),
(10,	429,	275),
(5,	430,	276),
(10,	431,	276),
(15,	432,	276),
(20,	433,	276),
(25,	434,	276),
(30,	435,	276),
(5,	436,	277),
(10,	437,	277),
(15,	438,	277),
(5,	439,	278),
(10,	440,	278),
(15,	441,	278),
(20,	442,	278),
(25,	443,	278),
(5,	444,	279),
(10,	445,	279),
(5,	446,	280),
(5,	426,	281),
(10,	427,	281),
(5,	453,	282),
(5,	428,	283),
(10,	429,	283),
(5,	430,	284),
(10,	431,	284),
(15,	432,	284),
(20,	433,	284),
(25,	434,	284),
(30,	435,	284),
(5,	436,	285),
(10,	437,	285),
(15,	438,	285),
(5,	439,	286),
(10,	440,	286),
(15,	441,	286),
(20,	442,	286),
(25,	443,	286),
(5,	444,	287),
(10,	445,	287),
(5,	446,	288),
(5,	454,	289),
(10,	455,	289),
(5,	456,	290),
(10,	457,	290),
(15,	458,	290),
(20,	459,	290),
(25,	460,	290),
(30,	461,	290),
(5,	462,	291),
(10,	463,	291),
(15,	464,	291),
(20,	465,	291),
(25,	466,	291),
(5,	2,	292),
(10,	3,	292),
(15,	5,	292),
(20,	6,	292),
(25,	7,	292),
(30,	4,	292),
(5,	8,	293),
(10,	9,	293),
(15,	10,	293),
(5,	11,	294),
(10,	12,	294),
(15,	13,	294),
(20,	14,	294),
(5,	467,	295),
(10,	468,	295),
(5,	15,	296),
(10,	16,	296),
(5,	17,	297),
(10,	18,	297),
(15,	19,	297),
(20,	20,	297),
(5,	21,	298),
(10,	22,	298),
(5,	469,	299),
(10,	470,	299),
(15,	471,	299),
(5,	43,	300),
(5,	43,	301),
(5,	2,	302),
(10,	3,	302),
(15,	4,	302),
(20,	5,	302),
(25,	6,	302),
(30,	7,	302),
(5,	8,	303),
(10,	9,	303),
(15,	10,	303),
(5,	11,	304),
(10,	12,	304),
(15,	13,	304),
(20,	14,	304),
(5,	15,	305),
(10,	16,	305),
(5,	17,	306),
(10,	18,	306),
(15,	19,	306),
(20,	20,	306),
(5,	21,	307),
(10,	22,	307),
(5,	472,	308),
(10,	473,	308),
(15,	474,	308),
(20,	475,	308),
(25,	476,	308),
(30,	477,	308),
(35,	478,	308),
(40,	479,	308),
(45,	480,	308),
(50,	481,	308),
(55,	482,	308),
(40,	483,	44),
(5,	484,	309),
(75,	485,	69),
(25,	486,	88),
(25,	487,	208),
(5,	300,	310),
(10,	488,	310),
(15,	489,	310),
(20,	490,	310),
(5,	491,	209),
(5,	492,	311),
(10,	493,	311),
(15,	243,	125),
(5,	2,	312),
(10,	3,	312),
(15,	6,	312),
(20,	5,	312),
(25,	7,	312),
(30,	334,	312),
(5,	8,	313),
(10,	9,	313),
(15,	10,	313),
(5,	11,	314),
(10,	14,	314),
(5,	335,	315),
(10,	336,	315),
(15,	337,	315),
(20,	338,	315),
(25,	487,	315),
(5,	491,	316),
(5,	339,	317),
(10,	340,	317),
(15,	341,	317),
(5,	342,	318),
(10,	343,	318),
(5,	15,	319),
(10,	16,	319),
(5,	17,	320),
(10,	18,	320),
(15,	19,	320),
(20,	20,	320),
(5,	21,	321),
(10,	22,	321),
(5,	300,	322),
(10,	488,	322),
(15,	489,	322),
(20,	490,	322),
(5,	492,	323),
(10,	493,	323),
(5,	494,	324),
(10,	495,	324),
(15,	496,	324),
(20,	497,	324),
(25,	498,	324),
(30,	499,	324),
(5,	2,	325),
(10,	3,	325),
(15,	6,	325),
(20,	5,	325),
(25,	7,	325),
(30,	334,	325),
(5,	8,	326),
(10,	9,	326),
(15,	10,	326),
(5,	11,	327),
(10,	14,	327),
(5,	335,	328),
(10,	336,	328),
(15,	337,	328),
(20,	338,	328),
(25,	487,	328),
(5,	491,	329),
(5,	339,	330),
(10,	340,	330),
(15,	341,	330),
(5,	342,	331),
(10,	343,	331),
(5,	15,	332),
(10,	16,	332),
(5,	17,	333),
(10,	18,	333),
(15,	19,	333),
(20,	20,	333),
(5,	21,	334),
(10,	22,	334),
(5,	300,	335),
(10,	488,	335),
(15,	489,	335),
(20,	490,	335),
(5,	492,	336),
(10,	493,	336),
(5,	494,	337),
(10,	495,	337),
(15,	500,	337),
(20,	501,	337),
(25,	502,	337),
(30,	503,	337),
(5,	2,	338),
(10,	3,	338),
(15,	6,	338),
(20,	5,	338),
(25,	7,	338),
(30,	334,	338),
(5,	8,	339),
(10,	9,	339),
(15,	10,	339),
(5,	11,	340),
(10,	14,	340),
(5,	335,	341),
(10,	336,	341),
(15,	337,	341),
(20,	338,	341),
(25,	487,	341),
(5,	491,	342),
(5,	339,	343),
(10,	340,	343),
(15,	341,	343),
(5,	342,	344),
(10,	343,	344),
(5,	15,	345),
(10,	16,	345),
(5,	17,	346),
(10,	18,	346),
(15,	19,	346),
(20,	20,	346),
(5,	21,	347),
(10,	22,	347),
(5,	300,	348),
(10,	488,	348),
(15,	489,	348),
(20,	490,	348),
(5,	492,	349),
(10,	493,	349),
(5,	494,	350),
(10,	495,	350),
(15,	500,	350),
(20,	501,	350),
(25,	502,	350),
(30,	503,	350),
(35,	504,	350),
(40,	505,	350),
(5,	2,	351),
(10,	3,	351),
(15,	6,	351),
(20,	5,	351),
(25,	7,	351),
(30,	334,	351),
(5,	8,	352),
(10,	9,	352),
(15,	10,	352),
(5,	11,	353),
(10,	14,	353),
(5,	335,	354),
(10,	336,	354),
(15,	337,	354),
(20,	338,	354),
(25,	487,	354),
(5,	491,	355),
(5,	339,	356),
(10,	340,	356),
(15,	341,	356),
(5,	342,	357),
(10,	343,	357),
(5,	15,	358),
(10,	16,	358),
(5,	17,	359),
(10,	18,	359),
(15,	19,	359),
(20,	20,	359),
(5,	21,	360),
(10,	22,	360),
(5,	300,	361),
(10,	488,	361),
(15,	489,	361),
(20,	490,	361),
(5,	492,	362),
(10,	493,	362),
(5,	506,	363),
(10,	494,	363),
(15,	507,	363),
(20,	508,	363),
(25,	495,	363),
(30,	509,	363),
(10,	510,	355),
(5,	2,	364),
(10,	3,	364),
(15,	6,	364),
(20,	5,	364),
(25,	7,	364),
(30,	334,	364),
(5,	8,	365),
(10,	9,	365),
(15,	10,	365),
(5,	11,	366),
(10,	14,	366),
(5,	335,	367),
(10,	336,	367),
(15,	337,	367),
(20,	338,	367),
(25,	487,	367),
(5,	491,	368),
(5,	339,	369),
(10,	340,	369),
(15,	341,	369),
(5,	342,	370),
(10,	343,	370),
(5,	15,	371),
(10,	16,	371),
(5,	17,	372),
(10,	18,	372),
(15,	19,	372),
(20,	20,	372),
(5,	21,	373),
(10,	22,	373),
(5,	300,	374),
(10,	488,	374),
(15,	489,	374),
(20,	490,	374),
(5,	492,	375),
(10,	493,	375),
(5,	494,	376),
(10,	507,	376),
(15,	495,	376),
(20,	511,	376),
(25,	512,	376),
(5,	513,	377),
(5,	2,	378),
(10,	3,	378),
(15,	6,	378),
(20,	5,	378),
(25,	7,	378),
(30,	4,	378),
(5,	8,	379),
(10,	9,	379),
(15,	10,	379),
(5,	11,	380),
(10,	12,	380),
(15,	13,	380),
(20,	14,	380),
(25,	486,	380),
(5,	15,	381),
(10,	16,	381),
(5,	17,	382),
(10,	18,	382),
(15,	19,	382),
(20,	20,	382),
(5,	21,	383),
(10,	22,	383),
(5,	514,	384),
(10,	515,	384),
(15,	516,	384),
(20,	517,	384),
(25,	518,	384),
(30,	519,	384),
(15,	520,	230),
(20,	521,	230),
(25,	522,	230),
(5,	523,	385),
(10,	524,	385),
(15,	525,	385),
(20,	526,	385),
(25,	527,	385),
(30,	528,	385),
(5,	280,	386),
(10,	281,	386),
(15,	282,	386),
(20,	283,	386),
(5,	529,	387),
(10,	530,	387),
(15,	531,	387);

DROP TABLE IF EXISTS `cms3_filter_index_56_pages_228`;
CREATE TABLE `cms3_filter_index_56_pages_228` (
  `id` int(10) unsigned NOT NULL,
  `obj_id` int(10) unsigned NOT NULL,
  `parent_id` int(10) unsigned NOT NULL,
  `type_id` int(10) unsigned NOT NULL,
  `lang_id` int(10) unsigned NOT NULL,
  `domain_id` int(10) unsigned NOT NULL,
  `brend` varchar(255) DEFAULT NULL,
  `cvet` varchar(255) DEFAULT NULL,
  `cvet_korpusa` varchar(255) DEFAULT NULL,
  `material_korpusa` varchar(255) DEFAULT NULL,
  `nalichie_budilnika` tinyint(1) DEFAULT 0,
  `naznachenie` varchar(255) DEFAULT NULL,
  `novoe_pole` varchar(255) DEFAULT NULL,
  `obem_upakovki` double DEFAULT NULL,
  `price` double DEFAULT 0,
  `proizvoditel` varchar(255) DEFAULT NULL,
  `razmer` varchar(255) DEFAULT NULL,
  `razmer_pitomca` varchar(255) DEFAULT NULL,
  `razmer_ramy_dyujmy` double DEFAULT NULL,
  `sezon` varchar(255) DEFAULT NULL,
  `sostav_napolnitelya` varchar(255) DEFAULT NULL,
  `steklo` varchar(255) DEFAULT NULL,
  `tip` varchar(255) DEFAULT NULL,
  `tip_mehanizma` varchar(255) DEFAULT NULL,
  `ves` double DEFAULT NULL,
  `ves_upakovki` double DEFAULT NULL,
  `ves_velosipeda` double DEFAULT NULL,
  `vid` varchar(255) DEFAULT NULL,
  `vmestimost` bigint(20) DEFAULT NULL,
  `vozrast` varchar(255) DEFAULT NULL,
  `vysota` double DEFAULT NULL,
  `zastezhka` varchar(255) DEFAULT NULL,
  PRIMARY KEY (`id`),
  KEY `obj_id` (`obj_id`),
  KEY `parent_id` (`parent_id`),
  KEY `type_id` (`type_id`),
  KEY `lang_id` (`lang_id`),
  KEY `domain_id` (`domain_id`),
  KEY `brend` (`brend`),
  KEY `cvet` (`cvet`),
  KEY `cvet_korpusa` (`cvet_korpusa`),
  KEY `material_korpusa` (`material_korpusa`),
  KEY `naznachenie` (`naznachenie`),
  KEY `novoe_pole` (`novoe_pole`),
  KEY `obem_upakovki` (`obem_upakovki`),
  KEY `price` (`price`),
  KEY `proizvoditel` (`proizvoditel`),
  KEY `razmer` (`razmer`),
  KEY `razmer_pitomca` (`razmer_pitomca`),
  KEY `razmer_ramy_dyujmy` (`razmer_ramy_dyujmy`),
  KEY `sezon` (`sezon`),
  KEY `sostav_napolnitelya` (`sostav_napolnitelya`),
  KEY `steklo` (`steklo`),
  KEY `tip` (`tip`),
  KEY `tip_mehanizma` (`tip_mehanizma`),
  KEY `ves` (`ves`),
  KEY `ves_upakovki` (`ves_upakovki`),
  KEY `ves_velosipeda` (`ves_velosipeda`),
  KEY `vid` (`vid`),
  KEY `vmestimost` (`vmestimost`),
  KEY `vozrast` (`vozrast`),
  KEY `vysota` (`vysota`),
  KEY `zastezhka` (`zastezhka`)
) ENGINE=InnoDB DEFAULT CHARSET=utf8;

INSERT INTO `cms3_filter_index_56_pages_228` (`id`, `obj_id`, `parent_id`, `type_id`, `lang_id`, `domain_id`, `brend`, `cvet`, `cvet_korpusa`, `material_korpusa`, `nalichie_budilnika`, `naznachenie`, `novoe_pole`, `obem_upakovki`, `price`, `proizvoditel`, `razmer`, `razmer_pitomca`, `razmer_ramy_dyujmy`, `sezon`, `sostav_napolnitelya`, `steklo`, `tip`, `tip_mehanizma`, `ves`, `ves_upakovki`, `ves_velosipeda`, `vid`, `vmestimost`, `vozrast`, `vysota`, `zastezhka`) VALUES
(1,	1407,	248,	136,	1,	1,	NULL,	NULL,	'Серый',	'Нержавеющая сталь',	0,	NULL,	'Jacques Lemans',	NULL,	13900,	NULL,	NULL,	NULL,	NULL,	NULL,	NULL,	'Минеральное',	NULL,	'Китай',	NULL,	NULL,	NULL,	NULL,	NULL,	NULL,	NULL,	NULL),
(2,	1408,	253,	136,	1,	1,	NULL,	NULL,	'Золотой',	'Нержавеющая сталь + PVD покрытие',	0,	NULL,	'Epos',	NULL,	70550,	NULL,	NULL,	NULL,	NULL,	NULL,	NULL,	'Сапфировое',	NULL,	'Швейцария',	NULL,	NULL,	NULL,	NULL,	NULL,	NULL,	NULL,	NULL),
(3,	1409,	248,	136,	1,	1,	NULL,	NULL,	NULL,	'Титан',	0,	NULL,	'Hublot',	NULL,	49800,	NULL,	NULL,	NULL,	NULL,	NULL,	NULL,	'Сапфировое',	NULL,	'Швейцария',	NULL,	NULL,	NULL,	NULL,	NULL,	NULL,	NULL,	NULL),
(4,	1410,	248,	136,	1,	1,	NULL,	NULL,	'Черный',	'Нержавеющая сталь',	0,	NULL,	'Suunto',	NULL,	14690,	NULL,	NULL,	NULL,	NULL,	NULL,	NULL,	'Минеральное',	NULL,	'Финляндия',	NULL,	NULL,	NULL,	NULL,	NULL,	NULL,	NULL,	NULL),
(5,	1411,	248,	136,	1,	1,	NULL,	NULL,	'Синий',	'Пластик',	0,	NULL,	'Timex',	NULL,	8120,	NULL,	NULL,	NULL,	NULL,	NULL,	NULL,	'Пластик',	NULL,	'США',	NULL,	NULL,	NULL,	NULL,	NULL,	NULL,	NULL,	NULL),
(6,	1412,	253,	136,	1,	1,	NULL,	NULL,	'Белый',	'Нержавеющая сталь + PVD покрытие',	1,	NULL,	'Victorinox Swiss Army',	NULL,	34700,	NULL,	NULL,	NULL,	NULL,	NULL,	NULL,	'Сапфировое',	NULL,	'США',	NULL,	NULL,	NULL,	NULL,	NULL,	NULL,	NULL,	NULL),
(7,	1413,	253,	136,	1,	1,	NULL,	NULL,	'Белый',	'Нержавеющая сталь',	0,	NULL,	'Seiko',	NULL,	22900,	NULL,	NULL,	NULL,	NULL,	NULL,	NULL,	'Сапфировое',	NULL,	'Япония',	NULL,	NULL,	NULL,	NULL,	NULL,	NULL,	NULL,	NULL),
(8,	1414,	253,	136,	1,	1,	NULL,	NULL,	'Черный',	'Керамика',	0,	NULL,	'Candino',	NULL,	19900,	NULL,	NULL,	NULL,	NULL,	NULL,	NULL,	'Сапфировое',	NULL,	'Швейцария',	NULL,	NULL,	NULL,	NULL,	NULL,	NULL,	NULL,	NULL),
(9,	1415,	253,	136,	1,	1,	NULL,	NULL,	'Золотой',	'Нержавеющая сталь',	0,	NULL,	'Michael Kors',	NULL,	11500,	NULL,	NULL,	NULL,	NULL,	NULL,	NULL,	'Минеральное',	NULL,	'Китай',	NULL,	NULL,	NULL,	NULL,	NULL,	NULL,	NULL,	NULL),
(10,	1416,	253,	136,	1,	1,	NULL,	NULL,	'Черный',	'Пластик',	1,	NULL,	'Posio',	NULL,	3790,	NULL,	NULL,	NULL,	NULL,	NULL,	NULL,	'Пластик',	NULL,	'Япония',	NULL,	NULL,	NULL,	NULL,	NULL,	NULL,	NULL,	NULL),
(11,	1417,	253,	136,	1,	1,	NULL,	NULL,	'Серый',	'Нержавеющая сталь',	0,	NULL,	'Jacques Lemans',	NULL,	13400,	NULL,	NULL,	NULL,	NULL,	NULL,	NULL,	'Минеральное',	NULL,	'Китай',	NULL,	NULL,	NULL,	NULL,	NULL,	NULL,	NULL,	NULL),
(12,	1418,	248,	136,	1,	1,	NULL,	NULL,	'Золотой',	'Нержавеющая сталь + PVD покрытие',	0,	NULL,	'Epos',	NULL,	58055,	NULL,	NULL,	NULL,	NULL,	NULL,	NULL,	'Сапфировое',	NULL,	'Швейцария',	NULL,	NULL,	NULL,	NULL,	NULL,	NULL,	NULL,	NULL),
(13,	1419,	248,	136,	1,	1,	NULL,	NULL,	NULL,	'Титан',	0,	NULL,	'Hublot',	NULL,	40500,	NULL,	NULL,	NULL,	NULL,	NULL,	NULL,	'Сапфировое',	NULL,	'Швейцария',	NULL,	NULL,	NULL,	NULL,	NULL,	NULL,	NULL,	NULL),
(14,	1420,	248,	136,	1,	1,	NULL,	NULL,	'Черный',	'Нержавеющая сталь',	0,	NULL,	'Suunto',	NULL,	11690,	NULL,	NULL,	NULL,	NULL,	NULL,	NULL,	'Минеральное',	NULL,	'Финляндия',	NULL,	NULL,	NULL,	NULL,	NULL,	NULL,	NULL,	NULL),
(15,	1421,	248,	136,	1,	1,	NULL,	NULL,	'Синий',	'Пластик',	0,	NULL,	'Timex',	NULL,	6190,	NULL,	NULL,	NULL,	NULL,	NULL,	NULL,	'Пластик',	NULL,	'США',	NULL,	NULL,	NULL,	NULL,	NULL,	NULL,	NULL,	NULL),
(16,	1422,	248,	136,	1,	1,	NULL,	NULL,	'Серый',	'Нержавеющая сталь',	0,	NULL,	'Jacques Lemans',	NULL,	15000,	NULL,	NULL,	NULL,	NULL,	NULL,	NULL,	'Минеральное',	NULL,	'Китай',	NULL,	NULL,	NULL,	NULL,	NULL,	NULL,	NULL,	NULL),
(17,	1423,	248,	136,	1,	1,	NULL,	NULL,	'Золотой',	'Нержавеющая сталь + PVD покрытие',	0,	NULL,	'Epos',	NULL,	78550,	NULL,	NULL,	NULL,	NULL,	NULL,	NULL,	'Сапфировое',	NULL,	'Швейцария',	NULL,	NULL,	NULL,	NULL,	NULL,	NULL,	NULL,	NULL),
(18,	1424,	248,	136,	1,	1,	NULL,	NULL,	'Золотой',	'Нержавеющая сталь + PVD покрытие',	0,	NULL,	'Epos',	NULL,	70550,	NULL,	NULL,	NULL,	NULL,	NULL,	NULL,	'Сапфировое',	NULL,	'Швейцария',	NULL,	NULL,	NULL,	NULL,	NULL,	NULL,	NULL,	NULL),
(19,	1425,	231,	145,	1,	1,	NULL,	'Красный',	NULL,	NULL,	0,	'Женский',	NULL,	NULL,	9900,	NULL,	NULL,	NULL,	9,	NULL,	NULL,	NULL,	'Городской',	NULL,	NULL,	NULL,	5,	'Хардтейл',	NULL,	NULL,	NULL,	NULL),
(20,	1365,	231,	145,	1,	1,	NULL,	'Красный',	NULL,	NULL,	0,	'Унисекс',	NULL,	NULL,	8900,	NULL,	NULL,	NULL,	10,	NULL,	NULL,	NULL,	'Городской',	NULL,	NULL,	NULL,	4,	'Хардтейл',	NULL,	NULL,	NULL,	NULL),
(21,	1427,	231,	145,	1,	1,	NULL,	'Красный',	NULL,	NULL,	0,	'Женский',	NULL,	NULL,	8900,	NULL,	NULL,	NULL,	9,	NULL,	NULL,	NULL,	'Городской',	NULL,	NULL,	NULL,	5,	'Хардтейл',	NULL,	NULL,	NULL,	NULL),
(22,	1428,	231,	145,	1,	1,	NULL,	'Красный',	NULL,	NULL,	0,	'Унисекс',	NULL,	NULL,	11900,	NULL,	NULL,	NULL,	10,	NULL,	NULL,	NULL,	'Городской',	NULL,	NULL,	NULL,	4,	'Хардтейл',	NULL,	NULL,	NULL,	NULL),
(23,	1429,	231,	145,	1,	1,	NULL,	'Красный',	NULL,	NULL,	0,	'Унисекс',	NULL,	NULL,	5500,	NULL,	NULL,	NULL,	8,	NULL,	NULL,	NULL,	'Городской',	NULL,	NULL,	NULL,	6,	'Хардтейл',	NULL,	NULL,	NULL,	NULL),
(24,	1430,	231,	145,	1,	1,	NULL,	'Красный',	NULL,	NULL,	0,	'Женский',	NULL,	NULL,	9400,	NULL,	NULL,	NULL,	9,	NULL,	NULL,	NULL,	'Городской',	NULL,	NULL,	NULL,	5,	'Хардтейл',	NULL,	NULL,	NULL,	NULL),
(25,	1431,	231,	145,	1,	1,	NULL,	'Красный',	NULL,	NULL,	0,	'Унисекс',	NULL,	NULL,	8900,	NULL,	NULL,	NULL,	10,	NULL,	NULL,	NULL,	'Городской',	NULL,	NULL,	NULL,	4,	'Хардтейл',	NULL,	NULL,	NULL,	NULL),
(26,	1432,	231,	145,	1,	1,	NULL,	'Красный',	NULL,	NULL,	0,	'Унисекс',	NULL,	NULL,	13000,	NULL,	NULL,	NULL,	10,	NULL,	NULL,	NULL,	'Городской',	NULL,	NULL,	NULL,	4,	'Хардтейл',	NULL,	NULL,	NULL,	NULL),
(27,	1433,	231,	145,	1,	1,	NULL,	'Красный',	NULL,	NULL,	0,	'Женский',	NULL,	NULL,	12000,	NULL,	NULL,	NULL,	9,	NULL,	NULL,	NULL,	'Городской',	NULL,	NULL,	NULL,	5,	'Хардтейл',	NULL,	NULL,	NULL,	NULL),
(28,	1434,	231,	145,	1,	1,	NULL,	'Красный',	NULL,	NULL,	0,	'Унисекс',	NULL,	NULL,	12900,	NULL,	NULL,	NULL,	10,	NULL,	NULL,	NULL,	'Городской',	NULL,	NULL,	NULL,	4,	'Хардтейл',	NULL,	NULL,	NULL,	NULL),
(29,	1435,	230,	145,	1,	1,	NULL,	'Бирюзовый',	NULL,	NULL,	0,	'Женский',	NULL,	NULL,	19990,	NULL,	NULL,	NULL,	18,	NULL,	NULL,	NULL,	'Дорожный',	NULL,	NULL,	NULL,	13,	'Хардтейл',	NULL,	NULL,	NULL,	NULL),
(30,	1436,	231,	145,	1,	1,	NULL,	'Красный',	NULL,	NULL,	0,	'Унисекс',	NULL,	NULL,	5900,	NULL,	NULL,	NULL,	8,	NULL,	NULL,	NULL,	'Городской',	NULL,	NULL,	NULL,	6,	'Хардтейл',	NULL,	NULL,	NULL,	NULL),
(31,	1437,	230,	145,	1,	1,	NULL,	'Черный',	NULL,	NULL,	0,	'Женский',	NULL,	NULL,	22900,	NULL,	NULL,	NULL,	21,	NULL,	NULL,	NULL,	'Дорожный',	NULL,	NULL,	NULL,	12,	'Дорожный',	NULL,	NULL,	NULL,	NULL),
(32,	1367,	230,	145,	1,	1,	NULL,	'Черный',	NULL,	NULL,	0,	'Мужской',	NULL,	NULL,	14990,	NULL,	NULL,	NULL,	18,	NULL,	NULL,	NULL,	'Городской',	NULL,	NULL,	NULL,	11,	'Хардтейл',	NULL,	NULL,	NULL,	NULL),
(33,	1360,	230,	145,	1,	1,	NULL,	'Зеленый',	NULL,	NULL,	0,	'Мужской',	NULL,	NULL,	39900,	NULL,	NULL,	NULL,	19,	NULL,	NULL,	NULL,	'Дорожный',	NULL,	NULL,	NULL,	12,	'Хардтейл',	NULL,	NULL,	NULL,	NULL),
(34,	1440,	230,	145,	1,	1,	NULL,	'Красный',	NULL,	NULL,	0,	'Унисекс',	NULL,	NULL,	18990,	NULL,	NULL,	NULL,	20,	NULL,	NULL,	NULL,	'Дорожный',	NULL,	NULL,	NULL,	11,	'Двухподвес',	NULL,	NULL,	NULL,	NULL),
(35,	1441,	230,	145,	1,	1,	NULL,	'Бирюзовый',	NULL,	NULL,	0,	'Женский',	NULL,	NULL,	13990,	NULL,	NULL,	NULL,	18,	NULL,	NULL,	NULL,	'Дорожный',	NULL,	NULL,	NULL,	13,	'Хардтейл',	NULL,	NULL,	NULL,	NULL),
(36,	1363,	230,	145,	1,	1,	NULL,	'Серый',	NULL,	NULL,	0,	'Женский',	NULL,	NULL,	32900,	NULL,	NULL,	NULL,	21,	NULL,	NULL,	NULL,	'Дорожный',	NULL,	NULL,	NULL,	9,	'Двухподвес',	NULL,	NULL,	NULL,	NULL),
(37,	1443,	230,	145,	1,	1,	NULL,	'Зеленый',	NULL,	NULL,	0,	'Мужской',	NULL,	NULL,	69900,	NULL,	NULL,	NULL,	20,	NULL,	NULL,	NULL,	'Горный',	NULL,	NULL,	NULL,	13,	'Хардтейл',	NULL,	NULL,	NULL,	NULL),
(38,	1444,	230,	145,	1,	1,	NULL,	'Красный',	NULL,	NULL,	0,	'Унисекс',	NULL,	NULL,	17990,	NULL,	NULL,	NULL,	20,	NULL,	NULL,	NULL,	'Дорожный',	NULL,	NULL,	NULL,	11,	'Двухподвес',	NULL,	NULL,	NULL,	NULL),
(39,	1445,	230,	145,	1,	1,	NULL,	'Зеленый',	NULL,	NULL,	0,	'Мужской',	NULL,	NULL,	79900,	NULL,	NULL,	NULL,	19,	NULL,	NULL,	NULL,	'Дорожный',	NULL,	NULL,	NULL,	12,	'Хардтейл',	NULL,	NULL,	NULL,	NULL),
(40,	1372,	230,	145,	1,	1,	NULL,	'Серый',	NULL,	NULL,	0,	'Женский',	NULL,	NULL,	38900,	NULL,	NULL,	NULL,	21,	NULL,	NULL,	NULL,	'Дорожный',	NULL,	NULL,	NULL,	9,	'Двухподвес',	NULL,	NULL,	NULL,	NULL),
(41,	1447,	230,	145,	1,	1,	NULL,	'Зеленый',	NULL,	NULL,	0,	'Мужской',	NULL,	NULL,	32900,	NULL,	NULL,	NULL,	19,	NULL,	NULL,	NULL,	'Дорожный',	NULL,	NULL,	NULL,	12,	'Хардтейл',	NULL,	NULL,	NULL,	NULL),
(42,	1448,	230,	145,	1,	1,	NULL,	'Зеленый',	NULL,	NULL,	0,	'Мужской',	NULL,	NULL,	49900,	NULL,	NULL,	NULL,	20,	NULL,	NULL,	NULL,	'Горный',	NULL,	NULL,	NULL,	13,	'Хардтейл',	NULL,	NULL,	NULL,	NULL),
(43,	1449,	230,	145,	1,	1,	NULL,	'Черный',	NULL,	NULL,	0,	'Женский',	NULL,	NULL,	24900,	NULL,	NULL,	NULL,	21,	NULL,	NULL,	NULL,	'Дорожный',	NULL,	NULL,	NULL,	12,	'Дорожный',	NULL,	NULL,	NULL,	NULL),
(44,	1450,	230,	145,	1,	1,	NULL,	'Зеленый',	NULL,	NULL,	0,	'Мужской',	NULL,	NULL,	56900,	NULL,	NULL,	NULL,	20,	NULL,	NULL,	NULL,	'Горный',	NULL,	NULL,	NULL,	13,	'Хардтейл',	NULL,	NULL,	NULL,	NULL),
(45,	1451,	258,	151,	1,	1,	NULL,	NULL,	NULL,	NULL,	0,	NULL,	NULL,	NULL,	950,	NULL,	NULL,	'Любой размер',	NULL,	NULL,	NULL,	NULL,	NULL,	NULL,	NULL,	1500,	NULL,	NULL,	NULL,	'Взрослые',	NULL,	NULL),
(46,	1452,	258,	151,	1,	1,	NULL,	NULL,	NULL,	NULL,	0,	NULL,	NULL,	NULL,	900,	NULL,	NULL,	NULL,	NULL,	NULL,	NULL,	NULL,	NULL,	NULL,	NULL,	3200,	NULL,	NULL,	NULL,	'Взрослые',	NULL,	NULL),
(47,	1453,	258,	151,	1,	1,	NULL,	NULL,	NULL,	NULL,	0,	NULL,	NULL,	NULL,	1100,	NULL,	NULL,	NULL,	NULL,	NULL,	NULL,	NULL,	NULL,	NULL,	NULL,	2000,	NULL,	NULL,	NULL,	'Взрослые',	NULL,	NULL),
(48,	1454,	258,	151,	1,	1,	NULL,	NULL,	NULL,	NULL,	0,	NULL,	NULL,	NULL,	1210,	NULL,	NULL,	NULL,	NULL,	NULL,	NULL,	NULL,	NULL,	NULL,	NULL,	2720,	NULL,	NULL,	NULL,	'Взрослые',	NULL,	NULL),
(49,	1455,	258,	151,	1,	1,	NULL,	NULL,	NULL,	NULL,	0,	NULL,	NULL,	NULL,	2280,	NULL,	NULL,	NULL,	NULL,	NULL,	NULL,	NULL,	NULL,	NULL,	NULL,	3630,	NULL,	NULL,	NULL,	'Любой',	NULL,	NULL),
(50,	1456,	259,	151,	1,	1,	NULL,	NULL,	NULL,	NULL,	0,	NULL,	NULL,	NULL,	810,	NULL,	NULL,	NULL,	NULL,	NULL,	NULL,	NULL,	NULL,	NULL,	NULL,	1020,	NULL,	NULL,	NULL,	'Взрослые',	NULL,	NULL),
(51,	1457,	259,	151,	1,	1,	NULL,	NULL,	NULL,	NULL,	0,	NULL,	NULL,	NULL,	1190,	NULL,	NULL,	NULL,	NULL,	NULL,	NULL,	NULL,	NULL,	NULL,	NULL,	2400,	NULL,	NULL,	NULL,	'Взрослые',	NULL,	NULL),
(52,	1458,	259,	151,	1,	1,	NULL,	NULL,	NULL,	NULL,	0,	NULL,	NULL,	NULL,	1320,	NULL,	NULL,	NULL,	NULL,	NULL,	NULL,	NULL,	NULL,	NULL,	NULL,	2040,	NULL,	NULL,	NULL,	'Любой',	NULL,	NULL),
(53,	1459,	259,	151,	1,	1,	NULL,	NULL,	NULL,	NULL,	0,	NULL,	NULL,	NULL,	1500,	NULL,	NULL,	NULL,	NULL,	NULL,	NULL,	NULL,	NULL,	NULL,	NULL,	1190,	NULL,	NULL,	NULL,	'Взрослые',	NULL,	NULL),
(54,	1460,	259,	151,	1,	1,	NULL,	NULL,	NULL,	NULL,	0,	NULL,	NULL,	NULL,	4100,	NULL,	NULL,	NULL,	NULL,	NULL,	NULL,	NULL,	NULL,	NULL,	NULL,	3840,	NULL,	NULL,	NULL,	'Взрослые',	NULL,	NULL),
(55,	1461,	266,	151,	1,	1,	NULL,	NULL,	NULL,	NULL,	0,	NULL,	NULL,	NULL,	190,	NULL,	NULL,	NULL,	NULL,	NULL,	NULL,	NULL,	NULL,	NULL,	NULL,	60,	NULL,	NULL,	NULL,	NULL,	NULL,	NULL),
(56,	1462,	266,	151,	1,	1,	NULL,	NULL,	NULL,	NULL,	0,	NULL,	NULL,	NULL,	389,	NULL,	NULL,	NULL,	NULL,	NULL,	NULL,	NULL,	NULL,	NULL,	NULL,	700,	NULL,	NULL,	NULL,	NULL,	NULL,	NULL),
(57,	1463,	266,	151,	1,	1,	NULL,	NULL,	NULL,	NULL,	0,	NULL,	NULL,	NULL,	410,	NULL,	NULL,	'Малый и средний',	NULL,	NULL,	NULL,	NULL,	NULL,	NULL,	NULL,	700,	NULL,	NULL,	NULL,	'Любой',	NULL,	NULL),
(58,	1464,	266,	151,	1,	1,	NULL,	NULL,	NULL,	NULL,	0,	NULL,	NULL,	NULL,	99,	NULL,	NULL,	'Любой размер',	NULL,	NULL,	NULL,	NULL,	NULL,	NULL,	NULL,	30,	NULL,	NULL,	NULL,	'Любой',	NULL,	NULL),
(59,	1465,	266,	151,	1,	1,	NULL,	NULL,	NULL,	NULL,	0,	NULL,	NULL,	NULL,	80,	NULL,	NULL,	'Любой размер',	NULL,	NULL,	NULL,	NULL,	NULL,	NULL,	NULL,	400,	NULL,	NULL,	NULL,	'Взрослые',	NULL,	NULL),
(60,	1466,	257,	155,	1,	1,	NULL,	NULL,	NULL,	NULL,	0,	NULL,	NULL,	4.5,	154,	NULL,	NULL,	NULL,	NULL,	NULL,	'Древесина',	NULL,	NULL,	NULL,	3,	NULL,	NULL,	NULL,	NULL,	NULL,	NULL,	NULL),
(61,	1467,	257,	155,	1,	1,	NULL,	NULL,	NULL,	NULL,	0,	NULL,	NULL,	4.54,	119,	NULL,	NULL,	NULL,	NULL,	NULL,	'Древесина',	NULL,	NULL,	NULL,	2.31,	NULL,	NULL,	NULL,	NULL,	NULL,	NULL,	NULL),
(62,	1468,	257,	155,	1,	1,	NULL,	NULL,	NULL,	NULL,	0,	NULL,	NULL,	10,	480,	NULL,	NULL,	NULL,	NULL,	NULL,	'Хлопок',	NULL,	NULL,	NULL,	0.96,	NULL,	NULL,	NULL,	NULL,	NULL,	NULL,	NULL),
(63,	1469,	257,	155,	1,	1,	NULL,	NULL,	NULL,	NULL,	0,	NULL,	NULL,	16,	1790,	NULL,	NULL,	NULL,	NULL,	NULL,	'Глина + мин. добавки',	NULL,	NULL,	NULL,	15.87,	NULL,	NULL,	NULL,	NULL,	NULL,	NULL,	NULL),
(64,	1470,	239,	157,	1,	1,	NULL,	NULL,	NULL,	NULL,	0,	NULL,	NULL,	NULL,	1310,	NULL,	NULL,	NULL,	NULL,	NULL,	NULL,	NULL,	NULL,	NULL,	1.9,	NULL,	NULL,	NULL,	2,	NULL,	105,	NULL),
(65,	1471,	239,	157,	1,	1,	NULL,	NULL,	NULL,	NULL,	0,	NULL,	NULL,	NULL,	2390,	NULL,	NULL,	NULL,	NULL,	NULL,	NULL,	NULL,	NULL,	NULL,	3.14,	NULL,	NULL,	NULL,	1,	NULL,	86,	NULL),
(66,	1472,	239,	157,	1,	1,	NULL,	NULL,	NULL,	NULL,	0,	NULL,	NULL,	NULL,	2950,	NULL,	NULL,	NULL,	NULL,	NULL,	NULL,	NULL,	NULL,	NULL,	3.12,	NULL,	NULL,	NULL,	1,	NULL,	137,	NULL),
(67,	1473,	239,	157,	1,	1,	NULL,	NULL,	NULL,	NULL,	0,	NULL,	NULL,	NULL,	2940,	NULL,	NULL,	NULL,	NULL,	NULL,	NULL,	NULL,	NULL,	NULL,	2.9,	NULL,	NULL,	NULL,	2,	NULL,	110,	NULL),
(68,	1474,	284,	161,	1,	1,	'Mango Man',	'Бежевый',	NULL,	NULL,	0,	NULL,	NULL,	NULL,	9900,	NULL,	'50-52',	NULL,	NULL,	'Демисезон',	NULL,	NULL,	NULL,	NULL,	NULL,	NULL,	NULL,	NULL,	NULL,	NULL,	NULL,	'Пуговицы'),
(69,	1475,	284,	161,	1,	1,	'MitLex',	'Черный',	NULL,	NULL,	0,	NULL,	NULL,	NULL,	11900,	NULL,	'52-54',	NULL,	NULL,	'Демисезон',	NULL,	NULL,	NULL,	NULL,	NULL,	NULL,	NULL,	NULL,	NULL,	NULL,	NULL,	'Молния+пуговицы'),
(70,	1476,	284,	161,	1,	1,	'Burton Menswear London',	'Черный',	NULL,	NULL,	0,	NULL,	NULL,	NULL,	8900,	NULL,	'50-52',	NULL,	NULL,	'Демисезон',	NULL,	NULL,	NULL,	NULL,	NULL,	NULL,	NULL,	NULL,	NULL,	NULL,	NULL,	'Пуговицы'),
(71,	1477,	284,	161,	1,	1,	'Roosevelt',	'Серый',	NULL,	NULL,	0,	NULL,	NULL,	NULL,	10399,	NULL,	'48-50',	NULL,	NULL,	'Демисезон',	NULL,	NULL,	NULL,	NULL,	NULL,	NULL,	NULL,	NULL,	NULL,	NULL,	NULL,	'Пуговицы'),
(72,	1478,	284,	161,	1,	1,	'United Colors of Benetton',	'Черный',	NULL,	NULL,	0,	NULL,	NULL,	NULL,	8900,	NULL,	'52-54',	NULL,	NULL,	'Зима',	NULL,	NULL,	NULL,	NULL,	NULL,	NULL,	NULL,	NULL,	NULL,	NULL,	NULL,	'Пуговицы'),
(73,	1479,	284,	161,	1,	1,	'Jack & Jones',	'Черный',	NULL,	NULL,	0,	NULL,	NULL,	NULL,	10999,	NULL,	'54-56',	NULL,	NULL,	'Демисезон',	NULL,	NULL,	NULL,	NULL,	NULL,	NULL,	NULL,	NULL,	NULL,	NULL,	NULL,	'Пуговицы'),
(74,	1480,	284,	161,	1,	1,	'Windsor',	'Черный',	NULL,	NULL,	0,	NULL,	NULL,	NULL,	52900,	NULL,	'54-56',	NULL,	NULL,	'Демисезон',	NULL,	NULL,	NULL,	NULL,	NULL,	NULL,	NULL,	NULL,	NULL,	NULL,	NULL,	NULL),
(75,	1481,	284,	161,	1,	1,	'Trussardi Jeans',	'Синий',	NULL,	NULL,	0,	NULL,	NULL,	NULL,	26900,	NULL,	'52-54',	NULL,	NULL,	'Демисезон',	NULL,	NULL,	NULL,	NULL,	NULL,	NULL,	NULL,	NULL,	NULL,	NULL,	NULL,	'Молния'),
(76,	1482,	284,	161,	1,	1,	'Berkytt',	'Коричневый',	NULL,	NULL,	0,	NULL,	NULL,	NULL,	12400,	NULL,	'54-56',	NULL,	NULL,	'Демисезон, зима',	NULL,	NULL,	NULL,	NULL,	NULL,	NULL,	NULL,	NULL,	NULL,	NULL,	NULL,	'Пуговицы'),
(77,	1483,	284,	161,	1,	1,	'Piazza Italia',	'Серый',	NULL,	NULL,	0,	NULL,	NULL,	NULL,	7399,	NULL,	'52-54',	NULL,	NULL,	'Демисезон',	NULL,	NULL,	NULL,	NULL,	NULL,	NULL,	NULL,	NULL,	NULL,	NULL,	NULL,	'Пуговицы'),
(78,	1484,	285,	161,	1,	1,	'Atributika & Club',	'Черный',	NULL,	NULL,	0,	NULL,	NULL,	NULL,	5499,	NULL,	'54-56',	NULL,	NULL,	'Демисезон, зима',	NULL,	NULL,	NULL,	NULL,	NULL,	NULL,	NULL,	NULL,	NULL,	NULL,	NULL,	'Молния'),
(79,	1485,	285,	161,	1,	1,	'Trespass',	'Хакки',	NULL,	NULL,	0,	NULL,	NULL,	NULL,	18999,	NULL,	'50-52',	NULL,	NULL,	'Демисезон, зима',	NULL,	NULL,	NULL,	NULL,	NULL,	NULL,	NULL,	NULL,	NULL,	NULL,	NULL,	'Молния'),
(80,	1486,	285,	161,	1,	1,	'EA7',	'Синий',	NULL,	NULL,	0,	NULL,	NULL,	NULL,	22899,	NULL,	'54-56',	NULL,	NULL,	'Демисезон, зима',	NULL,	NULL,	NULL,	NULL,	NULL,	NULL,	NULL,	NULL,	NULL,	NULL,	NULL,	'Молния'),
(81,	1487,	285,	161,	1,	1,	'Bergans of Norway',	'Черный',	NULL,	NULL,	0,	NULL,	NULL,	NULL,	27999,	NULL,	'54-56',	NULL,	NULL,	'Зима',	NULL,	NULL,	NULL,	NULL,	NULL,	NULL,	NULL,	NULL,	NULL,	NULL,	NULL,	'Молния'),
(82,	1488,	285,	161,	1,	1,	'Springfield',	'Желтый',	NULL,	NULL,	0,	NULL,	NULL,	NULL,	7999,	NULL,	'52-54',	NULL,	NULL,	'Демисезон, зима',	NULL,	NULL,	NULL,	NULL,	NULL,	NULL,	NULL,	NULL,	NULL,	NULL,	NULL,	'Молния'),
(83,	1489,	285,	161,	1,	1,	'Columbia',	'Красный',	NULL,	NULL,	0,	NULL,	NULL,	NULL,	23999,	NULL,	'54-56',	NULL,	NULL,	'Демисезон, зима',	NULL,	NULL,	NULL,	NULL,	NULL,	NULL,	NULL,	NULL,	NULL,	NULL,	NULL,	'Молния+пуговицы'),
(84,	1490,	285,	161,	1,	1,	'Columbia',	'Синий',	NULL,	NULL,	0,	NULL,	NULL,	NULL,	12999,	NULL,	'50-52',	NULL,	NULL,	'Демисезон, зима',	NULL,	NULL,	NULL,	NULL,	NULL,	NULL,	NULL,	NULL,	NULL,	NULL,	NULL,	'Молния'),
(85,	1491,	285,	161,	1,	1,	'Baon',	'Синий',	NULL,	NULL,	0,	NULL,	NULL,	NULL,	12699,	NULL,	'50-52',	NULL,	NULL,	'Демисезон, зима',	NULL,	NULL,	NULL,	NULL,	NULL,	NULL,	NULL,	NULL,	NULL,	NULL,	NULL,	'Молния'),
(86,	1492,	285,	161,	1,	1,	'Quiksilver',	'Черный',	NULL,	NULL,	0,	NULL,	NULL,	NULL,	17690,	NULL,	'50-52',	NULL,	NULL,	'Демисезон, зима',	NULL,	NULL,	NULL,	NULL,	NULL,	NULL,	NULL,	NULL,	NULL,	NULL,	NULL,	'Молния+пуговицы'),
(87,	1493,	285,	161,	1,	1,	'Columbia',	'Черный',	NULL,	NULL,	0,	NULL,	NULL,	NULL,	9999,	NULL,	'54-56',	NULL,	NULL,	'Демисезон, зима',	NULL,	NULL,	NULL,	NULL,	NULL,	NULL,	NULL,	NULL,	NULL,	NULL,	NULL,	'Молния'),
(88,	1494,	280,	161,	1,	1,	NULL,	'Синий',	NULL,	NULL,	0,	NULL,	NULL,	NULL,	6999,	NULL,	'54-56',	NULL,	NULL,	'Зима',	NULL,	NULL,	NULL,	NULL,	NULL,	NULL,	NULL,	NULL,	NULL,	NULL,	NULL,	'Молния+пуговицы'),
(89,	1495,	280,	161,	1,	1,	NULL,	'Зеленый',	NULL,	NULL,	0,	NULL,	NULL,	NULL,	6499,	NULL,	'54-56',	NULL,	NULL,	'Зима',	NULL,	NULL,	NULL,	NULL,	NULL,	NULL,	NULL,	NULL,	NULL,	NULL,	NULL,	'Молния+пуговицы'),
(90,	1496,	280,	161,	1,	1,	NULL,	'Голубая',	NULL,	NULL,	0,	NULL,	NULL,	NULL,	5499,	NULL,	'54-56',	NULL,	NULL,	'Зима',	NULL,	NULL,	NULL,	NULL,	NULL,	NULL,	NULL,	NULL,	NULL,	NULL,	NULL,	'Молния+пуговицы'),
(91,	1497,	280,	161,	1,	1,	NULL,	'Синий',	NULL,	NULL,	0,	NULL,	NULL,	NULL,	8499,	NULL,	'54-56',	NULL,	NULL,	'Зима',	NULL,	NULL,	NULL,	NULL,	NULL,	NULL,	NULL,	NULL,	NULL,	NULL,	NULL,	'Молния'),
(92,	1498,	280,	161,	1,	1,	NULL,	'Синий',	NULL,	NULL,	0,	NULL,	NULL,	NULL,	5799,	NULL,	'54-56',	NULL,	NULL,	'Зима',	NULL,	NULL,	NULL,	NULL,	NULL,	NULL,	NULL,	NULL,	NULL,	NULL,	NULL,	'Молния'),
(93,	1499,	280,	161,	1,	1,	NULL,	'Синий',	NULL,	NULL,	0,	NULL,	NULL,	NULL,	2499,	NULL,	'54-56',	NULL,	NULL,	'Зима',	NULL,	NULL,	NULL,	NULL,	NULL,	NULL,	NULL,	NULL,	NULL,	NULL,	NULL,	'Молния'),
(94,	1500,	280,	161,	1,	1,	NULL,	'Серый',	NULL,	NULL,	0,	NULL,	NULL,	NULL,	2499,	NULL,	'54-56',	NULL,	NULL,	'Зима',	NULL,	NULL,	NULL,	NULL,	NULL,	NULL,	NULL,	NULL,	NULL,	NULL,	NULL,	'Молния'),
(95,	1501,	280,	161,	1,	1,	NULL,	'Синий',	NULL,	NULL,	0,	NULL,	NULL,	NULL,	2699,	NULL,	'54-56',	NULL,	NULL,	'Зима',	NULL,	NULL,	NULL,	NULL,	NULL,	NULL,	NULL,	NULL,	NULL,	NULL,	NULL,	'Молния'),
(96,	1502,	279,	161,	1,	1,	NULL,	'Синий',	NULL,	NULL,	0,	NULL,	NULL,	NULL,	3040,	NULL,	'52-54',	NULL,	NULL,	'Лето',	NULL,	NULL,	NULL,	NULL,	NULL,	NULL,	NULL,	NULL,	NULL,	NULL,	NULL,	'Молния'),
(97,	1503,	279,	161,	1,	1,	NULL,	'Черный',	NULL,	NULL,	0,	NULL,	NULL,	NULL,	2999,	NULL,	'54-56',	NULL,	NULL,	'Лето',	NULL,	NULL,	NULL,	NULL,	NULL,	NULL,	NULL,	NULL,	NULL,	NULL,	NULL,	'Молния'),
(98,	1504,	279,	161,	1,	1,	NULL,	'Розовый',	NULL,	NULL,	0,	NULL,	NULL,	NULL,	3999,	NULL,	'54-56',	NULL,	NULL,	'Лето',	NULL,	NULL,	NULL,	NULL,	NULL,	NULL,	NULL,	NULL,	NULL,	NULL,	NULL,	'Молния'),
(99,	1505,	279,	161,	1,	1,	NULL,	'Голубая',	NULL,	NULL,	0,	NULL,	NULL,	NULL,	3370,	NULL,	'52-54',	NULL,	NULL,	'Лето',	NULL,	NULL,	NULL,	NULL,	NULL,	NULL,	NULL,	NULL,	NULL,	NULL,	NULL,	'Молния'),
(100,	1506,	279,	161,	1,	1,	NULL,	'Коричневый',	NULL,	NULL,	0,	NULL,	NULL,	NULL,	3445,	NULL,	'54-56',	NULL,	NULL,	'Лето',	NULL,	NULL,	NULL,	NULL,	NULL,	NULL,	NULL,	NULL,	NULL,	NULL,	NULL,	'Молния'),
(101,	1507,	279,	161,	1,	1,	NULL,	'Мультиколор',	NULL,	NULL,	0,	NULL,	NULL,	NULL,	2970,	NULL,	'52-54',	NULL,	NULL,	'Лето',	NULL,	NULL,	NULL,	NULL,	NULL,	NULL,	NULL,	NULL,	NULL,	NULL,	NULL,	'Молния'),
(102,	1508,	279,	161,	1,	1,	NULL,	'Красный',	NULL,	NULL,	0,	NULL,	NULL,	NULL,	3445,	NULL,	'48-50',	NULL,	NULL,	'Лето',	NULL,	NULL,	NULL,	NULL,	NULL,	NULL,	NULL,	NULL,	NULL,	NULL,	NULL,	'Молния+пуговицы'),
(103,	1509,	279,	161,	1,	1,	NULL,	'Желтый',	NULL,	NULL,	0,	NULL,	NULL,	NULL,	827,	NULL,	'52-54',	NULL,	NULL,	'Лето',	NULL,	NULL,	NULL,	NULL,	NULL,	NULL,	NULL,	NULL,	NULL,	NULL,	NULL,	'Молния'),
(104,	1510,	286,	161,	1,	1,	NULL,	'Серый',	NULL,	NULL,	0,	NULL,	NULL,	NULL,	7860,	NULL,	'54-56',	NULL,	NULL,	'Лето',	NULL,	NULL,	NULL,	NULL,	NULL,	NULL,	NULL,	NULL,	NULL,	NULL,	NULL,	'Молния'),
(105,	1511,	286,	161,	1,	1,	NULL,	'Коричневый',	NULL,	NULL,	0,	NULL,	NULL,	NULL,	5033,	NULL,	'54-56',	NULL,	NULL,	'Лето',	NULL,	NULL,	NULL,	NULL,	NULL,	NULL,	NULL,	NULL,	NULL,	NULL,	NULL,	'Молния'),
(106,	1512,	286,	161,	1,	1,	NULL,	'Темно-синий, малиновый',	NULL,	NULL,	0,	NULL,	NULL,	NULL,	5190,	NULL,	'54-56',	NULL,	NULL,	'Демисезон',	NULL,	NULL,	NULL,	NULL,	NULL,	NULL,	NULL,	NULL,	NULL,	NULL,	NULL,	'Молния'),
(107,	1513,	286,	161,	1,	1,	NULL,	'Голубая',	NULL,	NULL,	0,	NULL,	NULL,	NULL,	4999,	NULL,	'54-56',	NULL,	NULL,	'Лето',	NULL,	NULL,	NULL,	NULL,	NULL,	NULL,	NULL,	NULL,	NULL,	NULL,	NULL,	'Молния'),
(108,	1514,	286,	161,	1,	1,	NULL,	'Черный',	NULL,	NULL,	0,	NULL,	NULL,	NULL,	5390,	NULL,	'54-56',	NULL,	NULL,	'Лето',	NULL,	NULL,	NULL,	NULL,	NULL,	NULL,	NULL,	NULL,	NULL,	NULL,	NULL,	'Молния'),
(109,	1515,	286,	161,	1,	1,	NULL,	'Синий',	NULL,	NULL,	0,	NULL,	NULL,	NULL,	3458,	NULL,	'52-54',	NULL,	NULL,	'Лето',	NULL,	NULL,	NULL,	NULL,	NULL,	NULL,	NULL,	NULL,	NULL,	NULL,	NULL,	'Молния'),
(110,	1516,	286,	161,	1,	1,	NULL,	'Серый',	NULL,	NULL,	0,	NULL,	NULL,	NULL,	3467,	NULL,	'54-56',	NULL,	NULL,	'Лето',	NULL,	NULL,	NULL,	NULL,	NULL,	NULL,	NULL,	NULL,	NULL,	NULL,	NULL,	'Молния'),
(111,	1517,	286,	161,	1,	1,	NULL,	'Синий',	NULL,	NULL,	0,	NULL,	NULL,	NULL,	4890,	NULL,	'54-56',	NULL,	NULL,	'Демисезон',	NULL,	NULL,	NULL,	NULL,	NULL,	NULL,	NULL,	NULL,	NULL,	NULL,	NULL,	'Молния'),
(112,	1518,	287,	161,	1,	1,	NULL,	'Синий',	NULL,	NULL,	0,	NULL,	NULL,	NULL,	2480,	NULL,	'54-56',	NULL,	NULL,	'Лето',	NULL,	NULL,	NULL,	NULL,	NULL,	NULL,	NULL,	NULL,	NULL,	NULL,	NULL,	'Пуговицы'),
(113,	1519,	287,	161,	1,	1,	NULL,	'Синий',	NULL,	NULL,	0,	NULL,	NULL,	NULL,	3500,	NULL,	'54-56',	NULL,	NULL,	'Лето',	NULL,	NULL,	NULL,	NULL,	NULL,	NULL,	NULL,	NULL,	NULL,	NULL,	NULL,	'Пуговицы'),
(114,	1520,	287,	161,	1,	1,	NULL,	'Серый',	NULL,	NULL,	0,	NULL,	NULL,	NULL,	4700,	NULL,	'52-54',	NULL,	NULL,	'Лето',	NULL,	NULL,	NULL,	NULL,	NULL,	NULL,	NULL,	NULL,	NULL,	NULL,	NULL,	'Пуговицы'),
(115,	1521,	287,	161,	1,	1,	NULL,	'Синий',	NULL,	NULL,	0,	NULL,	NULL,	NULL,	3490,	NULL,	'48-50',	NULL,	NULL,	'Лето',	NULL,	NULL,	NULL,	NULL,	NULL,	NULL,	NULL,	NULL,	NULL,	NULL,	NULL,	'Пуговицы'),
(116,	1522,	287,	161,	1,	1,	NULL,	'Бежевый',	NULL,	NULL,	0,	NULL,	NULL,	NULL,	3090,	NULL,	'50-52',	NULL,	NULL,	'Лето',	NULL,	NULL,	NULL,	NULL,	NULL,	NULL,	NULL,	NULL,	NULL,	NULL,	NULL,	'Пуговицы'),
(117,	1523,	287,	161,	1,	1,	NULL,	'Серый',	NULL,	NULL,	0,	NULL,	NULL,	NULL,	3445,	NULL,	'48-50',	NULL,	NULL,	'Лето',	NULL,	NULL,	NULL,	NULL,	NULL,	NULL,	NULL,	NULL,	NULL,	NULL,	NULL,	'Пуговицы'),
(118,	1524,	287,	161,	1,	1,	NULL,	'Голубая',	NULL,	NULL,	0,	NULL,	NULL,	NULL,	2970,	NULL,	'48-50',	NULL,	NULL,	'Лето',	NULL,	NULL,	NULL,	NULL,	NULL,	NULL,	NULL,	NULL,	NULL,	NULL,	NULL,	'Пуговицы'),
(119,	1525,	287,	161,	1,	1,	NULL,	'Синий',	NULL,	NULL,	0,	NULL,	NULL,	NULL,	1270,	NULL,	'54-56',	NULL,	NULL,	'Лето',	NULL,	NULL,	NULL,	NULL,	NULL,	NULL,	NULL,	NULL,	NULL,	NULL,	NULL,	'Пуговицы'),
(120,	1526,	285,	161,	1,	1,	NULL,	'Черный',	NULL,	NULL,	0,	NULL,	NULL,	NULL,	22889,	NULL,	'54-56',	NULL,	NULL,	'Зима',	NULL,	NULL,	NULL,	NULL,	NULL,	NULL,	NULL,	NULL,	NULL,	NULL,	NULL,	'Молния'),
(121,	1527,	285,	161,	1,	1,	'Reebok',	'Серый',	NULL,	NULL,	0,	NULL,	NULL,	NULL,	14690,	NULL,	'48-50',	NULL,	NULL,	'Демисезон',	NULL,	NULL,	NULL,	NULL,	NULL,	NULL,	NULL,	NULL,	NULL,	NULL,	NULL,	'Молния'),
(122,	1528,	284,	161,	1,	1,	'Only & Sons',	'Черный',	NULL,	NULL,	0,	NULL,	NULL,	NULL,	6500,	NULL,	'54-56',	NULL,	NULL,	'Зима',	NULL,	NULL,	NULL,	NULL,	NULL,	NULL,	NULL,	NULL,	NULL,	NULL,	NULL,	'Пуговицы'),
(123,	1369,	131,	161,	1,	1,	'BRUNO BANANI',	'Синий',	NULL,	NULL,	0,	NULL,	NULL,	NULL,	3990,	NULL,	'52-54',	NULL,	NULL,	'Демисезон',	NULL,	NULL,	NULL,	NULL,	NULL,	NULL,	NULL,	NULL,	NULL,	NULL,	NULL,	NULL),
(124,	1530,	131,	161,	1,	1,	NULL,	'Синий',	NULL,	NULL,	0,	NULL,	NULL,	NULL,	5499,	NULL,	'50-52',	NULL,	NULL,	'Демисезон',	NULL,	NULL,	NULL,	NULL,	NULL,	NULL,	NULL,	NULL,	NULL,	NULL,	NULL,	NULL),
(125,	1531,	131,	161,	1,	1,	'RHODE ISLAND',	'Синий',	NULL,	NULL,	0,	NULL,	NULL,	NULL,	2350,	NULL,	'52-54',	NULL,	NULL,	'Демисезон',	NULL,	NULL,	NULL,	NULL,	NULL,	NULL,	NULL,	NULL,	NULL,	NULL,	NULL,	NULL),
(126,	1532,	131,	161,	1,	1,	'BRUNO BANANI',	'Серый',	NULL,	NULL,	0,	NULL,	NULL,	NULL,	3450,	NULL,	'54-56',	NULL,	NULL,	'Демисезон',	NULL,	NULL,	NULL,	NULL,	NULL,	NULL,	NULL,	NULL,	NULL,	NULL,	NULL,	'Молния+пуговицы'),
(127,	770,	131,	161,	1,	1,	NULL,	'Черный',	NULL,	NULL,	0,	NULL,	NULL,	NULL,	6590,	NULL,	'54-56',	NULL,	NULL,	'Демисезон',	NULL,	NULL,	NULL,	NULL,	NULL,	NULL,	NULL,	NULL,	NULL,	NULL,	NULL,	NULL),
(128,	1534,	131,	161,	1,	1,	'Kekker style',	'Серый',	NULL,	NULL,	0,	NULL,	NULL,	NULL,	8950,	NULL,	'54-56',	NULL,	NULL,	'Демисезон',	NULL,	NULL,	NULL,	NULL,	NULL,	NULL,	NULL,	NULL,	NULL,	NULL,	NULL,	'Молния+пуговицы'),
(129,	1535,	131,	161,	1,	1,	'JOHN DEVIN',	'Серый',	NULL,	NULL,	0,	NULL,	NULL,	NULL,	5690,	NULL,	'52-54',	NULL,	NULL,	'Демисезон, зима',	NULL,	NULL,	NULL,	NULL,	NULL,	NULL,	NULL,	NULL,	NULL,	NULL,	NULL,	'Молния+пуговицы'),
(130,	1536,	131,	161,	1,	1,	NULL,	'Синий',	NULL,	NULL,	0,	NULL,	NULL,	NULL,	4590,	NULL,	'54-56',	NULL,	NULL,	'Демисезон, зима',	NULL,	NULL,	NULL,	NULL,	NULL,	NULL,	NULL,	NULL,	NULL,	NULL,	NULL,	'Молния+пуговицы'),
(132,	1538,	131,	161,	1,	1,	NULL,	'Синий',	NULL,	NULL,	0,	NULL,	NULL,	NULL,	6790,	NULL,	'54-56',	NULL,	NULL,	'Демисезон',	NULL,	NULL,	NULL,	NULL,	NULL,	NULL,	NULL,	NULL,	NULL,	NULL,	NULL,	'Молния+пуговицы'),
(133,	1539,	131,	161,	1,	1,	'Kekker style',	'Синий',	NULL,	NULL,	0,	NULL,	NULL,	NULL,	2350,	NULL,	'54-56',	NULL,	NULL,	'Демисезон, зима',	NULL,	NULL,	NULL,	NULL,	NULL,	NULL,	NULL,	NULL,	NULL,	NULL,	NULL,	'Молния+пуговицы'),
(134,	1540,	131,	161,	1,	1,	'Kekker style',	'Серый',	NULL,	NULL,	0,	NULL,	NULL,	NULL,	4590,	NULL,	'54-56',	NULL,	NULL,	'Демисезон, зима',	NULL,	NULL,	NULL,	NULL,	NULL,	NULL,	NULL,	NULL,	NULL,	NULL,	NULL,	'Молния+пуговицы'),
(135,	1541,	131,	161,	1,	1,	'Kekker style',	'Синий',	NULL,	NULL,	0,	NULL,	NULL,	NULL,	8950,	NULL,	'54-56',	NULL,	NULL,	'Демисезон',	NULL,	NULL,	NULL,	NULL,	NULL,	NULL,	NULL,	NULL,	NULL,	NULL,	NULL,	'Молния+пуговицы'),
(136,	1542,	274,	162,	1,	1,	'Bell',	NULL,	NULL,	NULL,	0,	NULL,	NULL,	NULL,	2300,	NULL,	NULL,	NULL,	NULL,	NULL,	NULL,	NULL,	NULL,	NULL,	NULL,	NULL,	NULL,	NULL,	NULL,	NULL,	NULL,	NULL),
(137,	1543,	274,	162,	1,	1,	'Bell',	NULL,	NULL,	NULL,	0,	NULL,	NULL,	NULL,	149,	NULL,	NULL,	NULL,	NULL,	NULL,	NULL,	NULL,	NULL,	NULL,	NULL,	NULL,	NULL,	NULL,	NULL,	NULL,	NULL,	NULL),
(138,	1544,	274,	162,	1,	1,	'Bell',	NULL,	NULL,	NULL,	0,	NULL,	NULL,	NULL,	310,	NULL,	NULL,	NULL,	NULL,	NULL,	NULL,	NULL,	NULL,	NULL,	NULL,	NULL,	NULL,	NULL,	NULL,	NULL,	NULL,	NULL),
(139,	1545,	274,	162,	1,	1,	'L`Oreal',	NULL,	NULL,	NULL,	0,	NULL,	NULL,	NULL,	440,	NULL,	NULL,	NULL,	NULL,	NULL,	NULL,	NULL,	NULL,	NULL,	NULL,	NULL,	NULL,	NULL,	NULL,	NULL,	NULL,	NULL),
(140,	1546,	274,	162,	1,	1,	'L`Oreal',	NULL,	NULL,	NULL,	0,	NULL,	NULL,	NULL,	430,	NULL,	NULL,	NULL,	NULL,	NULL,	NULL,	NULL,	NULL,	NULL,	NULL,	NULL,	NULL,	NULL,	NULL,	NULL,	NULL,	NULL),
(141,	1547,	274,	162,	1,	1,	'Maybelline New York',	NULL,	NULL,	NULL,	0,	NULL,	NULL,	NULL,	220,	NULL,	NULL,	NULL,	NULL,	NULL,	NULL,	NULL,	NULL,	NULL,	NULL,	NULL,	NULL,	NULL,	NULL,	NULL,	NULL,	NULL),
(142,	1548,	274,	162,	1,	1,	'Rimmel',	NULL,	NULL,	NULL,	0,	NULL,	NULL,	NULL,	300,	NULL,	NULL,	NULL,	NULL,	NULL,	NULL,	NULL,	NULL,	NULL,	NULL,	NULL,	NULL,	NULL,	NULL,	NULL,	NULL,	NULL),
(143,	1549,	274,	162,	1,	1,	'Rimmel',	NULL,	NULL,	NULL,	0,	NULL,	NULL,	NULL,	390,	NULL,	NULL,	NULL,	NULL,	NULL,	NULL,	NULL,	NULL,	NULL,	NULL,	NULL,	NULL,	NULL,	NULL,	NULL,	NULL,	NULL),
(144,	1550,	274,	162,	1,	1,	'NOUBA',	NULL,	NULL,	NULL,	0,	NULL,	NULL,	NULL,	1099,	NULL,	NULL,	NULL,	NULL,	NULL,	NULL,	NULL,	NULL,	NULL,	NULL,	NULL,	NULL,	NULL,	NULL,	NULL,	NULL,	NULL),
(145,	1551,	274,	162,	1,	1,	'MAX FACTOR',	NULL,	NULL,	NULL,	0,	NULL,	NULL,	NULL,	350,	NULL,	NULL,	NULL,	NULL,	NULL,	NULL,	NULL,	NULL,	NULL,	NULL,	NULL,	NULL,	NULL,	NULL,	NULL,	NULL,	NULL),
(146,	1552,	274,	162,	1,	1,	'Revlon',	NULL,	NULL,	NULL,	0,	NULL,	NULL,	NULL,	390,	NULL,	NULL,	NULL,	NULL,	NULL,	NULL,	NULL,	NULL,	NULL,	NULL,	NULL,	NULL,	NULL,	NULL,	NULL,	NULL,	NULL),
(147,	1553,	274,	162,	1,	1,	'Bell',	NULL,	NULL,	NULL,	0,	NULL,	NULL,	NULL,	210,	NULL,	NULL,	NULL,	NULL,	NULL,	NULL,	NULL,	NULL,	NULL,	NULL,	NULL,	NULL,	NULL,	NULL,	NULL,	NULL,	NULL),
(148,	1554,	274,	162,	1,	1,	'LUXVISAGE',	NULL,	NULL,	NULL,	0,	NULL,	NULL,	NULL,	280,	NULL,	NULL,	NULL,	NULL,	NULL,	NULL,	NULL,	NULL,	NULL,	NULL,	NULL,	NULL,	NULL,	NULL,	NULL,	NULL,	NULL),
(149,	1555,	267,	163,	1,	1,	NULL,	'Зеленый',	NULL,	NULL,	0,	NULL,	NULL,	NULL,	2750,	NULL,	NULL,	NULL,	NULL,	NULL,	NULL,	NULL,	NULL,	NULL,	NULL,	NULL,	NULL,	NULL,	NULL,	NULL,	NULL,	NULL),
(150,	1556,	267,	163,	1,	1,	NULL,	'Зеленый',	NULL,	NULL,	0,	NULL,	NULL,	NULL,	3400,	NULL,	NULL,	NULL,	NULL,	NULL,	NULL,	NULL,	NULL,	NULL,	NULL,	NULL,	NULL,	NULL,	NULL,	NULL,	NULL,	NULL),
(151,	1557,	267,	163,	1,	1,	NULL,	'Синий',	NULL,	NULL,	0,	NULL,	NULL,	NULL,	2600,	NULL,	NULL,	NULL,	NULL,	NULL,	NULL,	NULL,	NULL,	NULL,	NULL,	NULL,	NULL,	NULL,	NULL,	NULL,	NULL,	NULL),
(152,	1558,	267,	163,	1,	1,	NULL,	'Серый',	NULL,	NULL,	0,	NULL,	NULL,	NULL,	6700,	NULL,	NULL,	NULL,	NULL,	NULL,	NULL,	NULL,	NULL,	NULL,	NULL,	NULL,	NULL,	NULL,	NULL,	NULL,	NULL,	NULL),
(153,	1559,	267,	163,	1,	1,	NULL,	'Красный',	NULL,	NULL,	0,	NULL,	NULL,	NULL,	6875,	NULL,	NULL,	NULL,	NULL,	NULL,	NULL,	NULL,	NULL,	NULL,	NULL,	NULL,	NULL,	NULL,	NULL,	NULL,	NULL,	NULL),
(154,	1560,	269,	169,	1,	1,	NULL,	'Черный',	NULL,	NULL,	0,	NULL,	NULL,	NULL,	18990,	'RICCI',	NULL,	NULL,	NULL,	NULL,	NULL,	NULL,	'Механическое',	NULL,	NULL,	NULL,	NULL,	NULL,	NULL,	NULL,	NULL,	NULL),
(155,	1561,	269,	169,	1,	1,	NULL,	'Серый',	NULL,	NULL,	0,	NULL,	NULL,	NULL,	16900,	'Hansa',	NULL,	NULL,	NULL,	NULL,	NULL,	NULL,	'Механическое',	NULL,	NULL,	NULL,	NULL,	NULL,	NULL,	NULL,	NULL,	NULL),
(156,	1562,	269,	169,	1,	1,	NULL,	'Черный',	NULL,	NULL,	0,	NULL,	NULL,	NULL,	12900,	'Hansa',	NULL,	NULL,	NULL,	NULL,	NULL,	NULL,	'Механическое',	NULL,	NULL,	NULL,	NULL,	NULL,	NULL,	NULL,	NULL,	NULL),
(157,	1563,	269,	169,	1,	1,	NULL,	'Серый',	NULL,	NULL,	0,	NULL,	NULL,	NULL,	25900,	'Bosch',	NULL,	NULL,	NULL,	NULL,	NULL,	NULL,	'Электронный',	NULL,	NULL,	NULL,	NULL,	NULL,	NULL,	NULL,	NULL,	NULL),
(158,	1564,	269,	169,	1,	1,	NULL,	'Серый',	NULL,	NULL,	0,	NULL,	NULL,	NULL,	27900,	'Samsung',	NULL,	NULL,	NULL,	NULL,	NULL,	NULL,	'Электронный',	NULL,	NULL,	NULL,	NULL,	NULL,	NULL,	NULL,	NULL,	NULL),
(159,	1565,	269,	169,	1,	1,	NULL,	'Антрацит',	NULL,	NULL,	0,	NULL,	NULL,	NULL,	145500,	'Asko',	NULL,	NULL,	NULL,	NULL,	NULL,	NULL,	'Сенсорный',	NULL,	NULL,	NULL,	NULL,	NULL,	NULL,	NULL,	NULL,	NULL),
(160,	1566,	269,	169,	1,	1,	NULL,	'Бежевый',	NULL,	NULL,	0,	NULL,	NULL,	NULL,	15900,	'Darina',	NULL,	NULL,	NULL,	NULL,	NULL,	NULL,	'Механическое',	NULL,	NULL,	NULL,	NULL,	NULL,	NULL,	NULL,	NULL,	NULL),
(161,	1567,	269,	169,	1,	1,	NULL,	'Лед',	NULL,	NULL,	0,	NULL,	NULL,	NULL,	60999,	'Hotpoint-Ariston',	NULL,	NULL,	NULL,	NULL,	NULL,	NULL,	'Поворотные переключатели',	NULL,	NULL,	NULL,	NULL,	NULL,	NULL,	NULL,	NULL,	NULL),
(162,	1568,	270,	171,	1,	1,	'LG',	NULL,	NULL,	NULL,	0,	NULL,	NULL,	NULL,	24900,	NULL,	NULL,	NULL,	NULL,	NULL,	NULL,	NULL,	NULL,	NULL,	NULL,	NULL,	NULL,	NULL,	NULL,	NULL,	NULL,	NULL),
(163,	1569,	270,	171,	1,	1,	'Bosch',	NULL,	NULL,	NULL,	0,	NULL,	NULL,	NULL,	22000,	NULL,	NULL,	NULL,	NULL,	NULL,	NULL,	NULL,	NULL,	NULL,	NULL,	NULL,	NULL,	NULL,	NULL,	NULL,	NULL,	NULL),
(164,	1570,	270,	171,	1,	1,	'Indesit',	NULL,	NULL,	NULL,	0,	NULL,	NULL,	NULL,	15499,	NULL,	NULL,	NULL,	NULL,	NULL,	NULL,	NULL,	NULL,	NULL,	61,	NULL,	NULL,	NULL,	NULL,	NULL,	NULL,	NULL),
(165,	1571,	270,	171,	1,	1,	'Bosch',	NULL,	NULL,	NULL,	0,	NULL,	NULL,	NULL,	29999,	NULL,	NULL,	NULL,	NULL,	NULL,	NULL,	NULL,	NULL,	NULL,	NULL,	NULL,	NULL,	NULL,	NULL,	NULL,	NULL,	NULL),
(166,	1572,	270,	171,	1,	1,	'SAMSUNG',	NULL,	NULL,	NULL,	0,	NULL,	NULL,	NULL,	27999,	NULL,	NULL,	NULL,	NULL,	NULL,	NULL,	NULL,	NULL,	NULL,	NULL,	NULL,	NULL,	NULL,	NULL,	NULL,	NULL,	NULL),
(167,	1573,	270,	171,	1,	1,	'BEKO',	NULL,	NULL,	NULL,	0,	NULL,	NULL,	NULL,	12499,	NULL,	NULL,	NULL,	NULL,	NULL,	NULL,	NULL,	NULL,	NULL,	NULL,	NULL,	NULL,	NULL,	NULL,	NULL,	NULL,	NULL),
(168,	1574,	270,	171,	1,	1,	'ZANUSSI',	NULL,	NULL,	NULL,	0,	NULL,	NULL,	NULL,	25999,	NULL,	NULL,	NULL,	NULL,	NULL,	NULL,	NULL,	NULL,	NULL,	NULL,	NULL,	NULL,	NULL,	NULL,	NULL,	NULL,	NULL),
(169,	1575,	270,	171,	1,	1,	'SHARP',	NULL,	NULL,	NULL,	0,	NULL,	NULL,	NULL,	184999,	NULL,	NULL,	NULL,	NULL,	NULL,	NULL,	NULL,	NULL,	NULL,	NULL,	NULL,	NULL,	NULL,	NULL,	NULL,	NULL,	NULL),
(170,	1576,	271,	172,	1,	1,	NULL,	NULL,	NULL,	NULL,	0,	NULL,	NULL,	NULL,	6999,	NULL,	NULL,	NULL,	NULL,	NULL,	NULL,	NULL,	NULL,	NULL,	NULL,	NULL,	NULL,	NULL,	NULL,	NULL,	NULL,	NULL),
(171,	1577,	271,	172,	1,	1,	NULL,	NULL,	NULL,	NULL,	0,	NULL,	NULL,	NULL,	2799,	NULL,	NULL,	NULL,	NULL,	NULL,	NULL,	NULL,	NULL,	NULL,	NULL,	NULL,	NULL,	NULL,	NULL,	NULL,	NULL,	NULL),
(172,	1578,	271,	172,	1,	1,	NULL,	NULL,	NULL,	NULL,	0,	NULL,	NULL,	NULL,	19990,	NULL,	NULL,	NULL,	NULL,	NULL,	NULL,	NULL,	NULL,	NULL,	NULL,	NULL,	NULL,	NULL,	NULL,	NULL,	NULL,	NULL),
(173,	1579,	271,	172,	1,	1,	NULL,	NULL,	NULL,	NULL,	0,	NULL,	NULL,	NULL,	3499,	NULL,	NULL,	NULL,	NULL,	NULL,	NULL,	NULL,	NULL,	NULL,	NULL,	NULL,	NULL,	NULL,	NULL,	NULL,	NULL,	NULL),
(174,	1580,	271,	172,	1,	1,	NULL,	NULL,	NULL,	NULL,	0,	NULL,	NULL,	NULL,	4999,	NULL,	NULL,	NULL,	NULL,	NULL,	NULL,	NULL,	NULL,	NULL,	NULL,	NULL,	NULL,	NULL,	NULL,	NULL,	NULL,	NULL),
(175,	1581,	271,	172,	1,	1,	NULL,	NULL,	NULL,	NULL,	0,	NULL,	NULL,	NULL,	14999,	NULL,	NULL,	NULL,	NULL,	NULL,	NULL,	NULL,	NULL,	NULL,	NULL,	NULL,	NULL,	NULL,	NULL,	NULL,	NULL,	NULL),
(176,	1582,	271,	172,	1,	1,	NULL,	NULL,	NULL,	NULL,	0,	NULL,	NULL,	NULL,	8299,	NULL,	NULL,	NULL,	NULL,	NULL,	NULL,	NULL,	NULL,	NULL,	NULL,	NULL,	NULL,	NULL,	NULL,	NULL,	NULL,	NULL),
(177,	1583,	271,	172,	1,	1,	NULL,	NULL,	NULL,	NULL,	0,	NULL,	NULL,	NULL,	4999,	NULL,	NULL,	NULL,	NULL,	NULL,	NULL,	NULL,	NULL,	NULL,	NULL,	NULL,	NULL,	NULL,	NULL,	NULL,	NULL,	NULL),
(178,	1584,	272,	174,	1,	1,	NULL,	NULL,	NULL,	NULL,	0,	NULL,	'Двухкамерный',	NULL,	17999,	NULL,	NULL,	NULL,	NULL,	NULL,	NULL,	NULL,	NULL,	NULL,	NULL,	NULL,	NULL,	NULL,	NULL,	NULL,	NULL,	NULL),
(179,	1585,	272,	174,	1,	1,	NULL,	NULL,	NULL,	NULL,	0,	NULL,	'Двухкамерный',	NULL,	37999,	NULL,	NULL,	NULL,	NULL,	NULL,	NULL,	NULL,	NULL,	NULL,	NULL,	NULL,	NULL,	NULL,	NULL,	NULL,	NULL,	NULL),
(180,	1586,	272,	174,	1,	1,	NULL,	NULL,	NULL,	NULL,	0,	NULL,	'Двухкамерный',	NULL,	45699,	NULL,	NULL,	NULL,	NULL,	NULL,	NULL,	NULL,	NULL,	NULL,	NULL,	NULL,	NULL,	NULL,	NULL,	NULL,	NULL,	NULL),
(181,	1587,	272,	174,	1,	1,	NULL,	NULL,	NULL,	NULL,	0,	NULL,	'Трехкамерный',	NULL,	89959,	NULL,	NULL,	NULL,	NULL,	NULL,	NULL,	NULL,	NULL,	NULL,	NULL,	NULL,	NULL,	NULL,	NULL,	NULL,	NULL,	NULL),
(182,	1588,	272,	174,	1,	1,	NULL,	NULL,	NULL,	NULL,	0,	NULL,	'Двухкамерный',	NULL,	36999,	NULL,	NULL,	NULL,	NULL,	NULL,	NULL,	NULL,	NULL,	NULL,	NULL,	NULL,	NULL,	NULL,	NULL,	NULL,	NULL,	NULL),
(183,	1589,	272,	174,	1,	1,	NULL,	NULL,	NULL,	NULL,	0,	NULL,	'Двухкамерный',	NULL,	32899,	NULL,	NULL,	NULL,	NULL,	NULL,	NULL,	NULL,	NULL,	NULL,	NULL,	NULL,	NULL,	NULL,	NULL,	NULL,	NULL,	NULL),
(184,	1590,	272,	174,	1,	1,	NULL,	NULL,	NULL,	NULL,	0,	NULL,	'Двухкамерный',	NULL,	76999,	NULL,	NULL,	NULL,	NULL,	NULL,	NULL,	NULL,	NULL,	NULL,	NULL,	NULL,	NULL,	NULL,	NULL,	NULL,	NULL,	NULL),
(185,	1591,	272,	174,	1,	1,	NULL,	NULL,	NULL,	NULL,	0,	NULL,	'Двухкамерный',	NULL,	24299,	NULL,	NULL,	NULL,	NULL,	NULL,	NULL,	NULL,	NULL,	NULL,	NULL,	NULL,	NULL,	NULL,	NULL,	NULL,	NULL,	NULL),
(186,	1592,	281,	175,	1,	1,	NULL,	NULL,	NULL,	NULL,	0,	NULL,	NULL,	NULL,	2970,	NULL,	NULL,	NULL,	NULL,	NULL,	NULL,	NULL,	NULL,	NULL,	NULL,	NULL,	NULL,	NULL,	NULL,	NULL,	NULL,	NULL),
(187,	1593,	281,	175,	1,	1,	NULL,	NULL,	NULL,	NULL,	0,	NULL,	NULL,	NULL,	2399,	NULL,	NULL,	NULL,	NULL,	NULL,	NULL,	NULL,	NULL,	NULL,	NULL,	NULL,	NULL,	NULL,	NULL,	NULL,	NULL,	NULL),
(188,	1594,	281,	175,	1,	1,	NULL,	NULL,	NULL,	NULL,	0,	NULL,	NULL,	NULL,	3599,	NULL,	NULL,	NULL,	NULL,	NULL,	NULL,	NULL,	NULL,	NULL,	NULL,	NULL,	NULL,	NULL,	NULL,	NULL,	NULL,	NULL),
(189,	1595,	281,	175,	1,	1,	NULL,	NULL,	NULL,	NULL,	0,	NULL,	NULL,	NULL,	2999,	NULL,	NULL,	NULL,	NULL,	NULL,	NULL,	NULL,	NULL,	NULL,	NULL,	NULL,	NULL,	NULL,	NULL,	NULL,	NULL,	NULL),
(190,	1596,	281,	175,	1,	1,	NULL,	NULL,	NULL,	NULL,	0,	NULL,	NULL,	NULL,	2999,	NULL,	NULL,	NULL,	NULL,	NULL,	NULL,	NULL,	NULL,	NULL,	NULL,	NULL,	NULL,	NULL,	NULL,	NULL,	NULL,	NULL),
(191,	1597,	281,	175,	1,	1,	NULL,	NULL,	NULL,	NULL,	0,	NULL,	NULL,	NULL,	3999,	NULL,	NULL,	NULL,	NULL,	NULL,	NULL,	NULL,	NULL,	NULL,	NULL,	NULL,	NULL,	NULL,	NULL,	NULL,	NULL,	NULL),
(192,	1598,	281,	175,	1,	1,	NULL,	NULL,	NULL,	NULL,	0,	NULL,	NULL,	NULL,	1999,	NULL,	NULL,	NULL,	NULL,	NULL,	NULL,	NULL,	NULL,	NULL,	NULL,	NULL,	NULL,	NULL,	NULL,	NULL,	NULL,	NULL),
(193,	1599,	281,	175,	1,	1,	NULL,	NULL,	NULL,	NULL,	0,	NULL,	NULL,	NULL,	3337,	NULL,	NULL,	NULL,	NULL,	NULL,	NULL,	NULL,	NULL,	NULL,	NULL,	NULL,	NULL,	NULL,	NULL,	NULL,	NULL,	NULL),
(194,	1600,	275,	176,	1,	1,	NULL,	NULL,	NULL,	NULL,	0,	NULL,	NULL,	NULL,	3780,	NULL,	NULL,	NULL,	NULL,	NULL,	NULL,	NULL,	NULL,	NULL,	NULL,	NULL,	NULL,	NULL,	NULL,	NULL,	NULL,	NULL),
(195,	1601,	275,	176,	1,	1,	NULL,	NULL,	NULL,	NULL,	0,	NULL,	NULL,	NULL,	2100,	NULL,	NULL,	NULL,	NULL,	NULL,	NULL,	NULL,	NULL,	NULL,	NULL,	NULL,	NULL,	NULL,	NULL,	NULL,	NULL,	NULL),
(196,	1602,	275,	176,	1,	1,	NULL,	NULL,	NULL,	NULL,	0,	NULL,	NULL,	NULL,	598,	NULL,	NULL,	NULL,	NULL,	NULL,	NULL,	NULL,	NULL,	NULL,	NULL,	NULL,	NULL,	NULL,	NULL,	NULL,	NULL,	NULL),
(197,	1603,	275,	176,	1,	1,	NULL,	NULL,	NULL,	NULL,	0,	NULL,	NULL,	NULL,	1824,	NULL,	NULL,	NULL,	NULL,	NULL,	NULL,	NULL,	NULL,	NULL,	NULL,	NULL,	NULL,	NULL,	NULL,	NULL,	NULL,	NULL),
(198,	1604,	275,	176,	1,	1,	NULL,	NULL,	NULL,	NULL,	0,	NULL,	NULL,	NULL,	708,	NULL,	NULL,	NULL,	NULL,	NULL,	NULL,	NULL,	NULL,	NULL,	NULL,	NULL,	NULL,	NULL,	NULL,	NULL,	NULL,	NULL),
(199,	1605,	275,	176,	1,	1,	NULL,	NULL,	NULL,	NULL,	0,	NULL,	NULL,	NULL,	1297,	NULL,	NULL,	NULL,	NULL,	NULL,	NULL,	NULL,	NULL,	NULL,	NULL,	NULL,	NULL,	NULL,	NULL,	NULL,	NULL,	NULL),
(200,	1606,	275,	176,	1,	1,	NULL,	NULL,	NULL,	NULL,	0,	NULL,	NULL,	NULL,	269,	NULL,	NULL,	NULL,	NULL,	NULL,	NULL,	NULL,	NULL,	NULL,	NULL,	NULL,	NULL,	NULL,	NULL,	NULL,	NULL,	NULL),
(201,	1607,	275,	176,	1,	1,	NULL,	NULL,	NULL,	NULL,	0,	NULL,	NULL,	NULL,	1084,	NULL,	NULL,	NULL,	NULL,	NULL,	NULL,	NULL,	NULL,	NULL,	NULL,	NULL,	NULL,	NULL,	NULL,	NULL,	NULL,	NULL),
(202,	1608,	276,	176,	1,	1,	NULL,	NULL,	NULL,	NULL,	0,	NULL,	NULL,	NULL,	132,	NULL,	NULL,	NULL,	NULL,	NULL,	NULL,	NULL,	NULL,	NULL,	NULL,	NULL,	NULL,	NULL,	NULL,	NULL,	NULL,	NULL),
(203,	1609,	276,	176,	1,	1,	NULL,	NULL,	NULL,	NULL,	0,	NULL,	NULL,	NULL,	337,	NULL,	NULL,	NULL,	NULL,	NULL,	NULL,	NULL,	NULL,	NULL,	NULL,	NULL,	NULL,	NULL,	NULL,	NULL,	NULL,	NULL),
(204,	1610,	276,	176,	1,	1,	NULL,	NULL,	NULL,	NULL,	0,	NULL,	NULL,	NULL,	588,	NULL,	NULL,	NULL,	NULL,	NULL,	NULL,	NULL,	NULL,	NULL,	NULL,	NULL,	NULL,	NULL,	NULL,	NULL,	NULL,	NULL),
(205,	1611,	276,	176,	1,	1,	NULL,	NULL,	NULL,	NULL,	0,	NULL,	NULL,	NULL,	393,	NULL,	NULL,	NULL,	NULL,	NULL,	NULL,	NULL,	NULL,	NULL,	NULL,	NULL,	NULL,	NULL,	NULL,	NULL,	NULL,	NULL),
(206,	1612,	276,	176,	1,	1,	NULL,	NULL,	NULL,	NULL,	0,	NULL,	NULL,	NULL,	998,	NULL,	NULL,	NULL,	NULL,	NULL,	NULL,	NULL,	NULL,	NULL,	NULL,	NULL,	NULL,	NULL,	NULL,	NULL,	NULL,	NULL),
(207,	1613,	276,	176,	1,	1,	NULL,	NULL,	NULL,	NULL,	0,	NULL,	NULL,	NULL,	337,	NULL,	NULL,	NULL,	NULL,	NULL,	NULL,	NULL,	NULL,	NULL,	NULL,	NULL,	NULL,	NULL,	NULL,	NULL,	NULL,	NULL),
(208,	1614,	276,	176,	1,	1,	NULL,	NULL,	NULL,	NULL,	0,	NULL,	NULL,	NULL,	393,	NULL,	NULL,	NULL,	NULL,	NULL,	NULL,	NULL,	NULL,	NULL,	NULL,	NULL,	NULL,	NULL,	NULL,	NULL,	NULL,	NULL),
(209,	1615,	276,	176,	1,	1,	NULL,	NULL,	NULL,	NULL,	0,	NULL,	NULL,	NULL,	337,	NULL,	NULL,	NULL,	NULL,	NULL,	NULL,	NULL,	NULL,	NULL,	NULL,	NULL,	NULL,	NULL,	NULL,	NULL,	NULL,	NULL),
(210,	1616,	277,	178,	1,	1,	NULL,	NULL,	NULL,	NULL,	0,	NULL,	NULL,	NULL,	2600,	NULL,	NULL,	NULL,	NULL,	NULL,	NULL,	NULL,	NULL,	NULL,	NULL,	NULL,	NULL,	NULL,	NULL,	NULL,	NULL,	NULL),
(211,	1617,	277,	178,	1,	1,	NULL,	NULL,	NULL,	NULL,	0,	NULL,	NULL,	NULL,	3500,	NULL,	NULL,	NULL,	NULL,	NULL,	NULL,	NULL,	NULL,	NULL,	NULL,	NULL,	NULL,	NULL,	NULL,	NULL,	NULL,	NULL),
(212,	1618,	277,	178,	1,	1,	NULL,	NULL,	NULL,	NULL,	0,	NULL,	NULL,	NULL,	5000,	NULL,	NULL,	NULL,	NULL,	NULL,	NULL,	NULL,	NULL,	NULL,	NULL,	NULL,	NULL,	NULL,	NULL,	NULL,	NULL,	NULL),
(213,	1619,	277,	178,	1,	1,	NULL,	NULL,	NULL,	NULL,	0,	NULL,	NULL,	NULL,	2465,	NULL,	NULL,	NULL,	NULL,	NULL,	NULL,	NULL,	NULL,	NULL,	NULL,	NULL,	NULL,	NULL,	NULL,	NULL,	NULL,	NULL),
(214,	1620,	277,	178,	1,	1,	NULL,	NULL,	NULL,	NULL,	0,	NULL,	NULL,	NULL,	4562,	NULL,	NULL,	NULL,	NULL,	NULL,	NULL,	NULL,	NULL,	NULL,	NULL,	NULL,	NULL,	NULL,	NULL,	NULL,	NULL,	NULL),
(215,	1621,	277,	178,	1,	1,	NULL,	NULL,	NULL,	NULL,	0,	NULL,	NULL,	NULL,	2580,	NULL,	NULL,	NULL,	NULL,	NULL,	NULL,	NULL,	NULL,	NULL,	NULL,	NULL,	NULL,	NULL,	NULL,	NULL,	NULL,	NULL),
(216,	1622,	277,	178,	1,	1,	NULL,	NULL,	NULL,	NULL,	0,	NULL,	NULL,	NULL,	7500,	NULL,	NULL,	NULL,	NULL,	NULL,	NULL,	NULL,	NULL,	NULL,	NULL,	NULL,	NULL,	NULL,	NULL,	NULL,	NULL,	NULL),
(217,	1623,	277,	178,	1,	1,	NULL,	NULL,	NULL,	NULL,	0,	NULL,	NULL,	NULL,	9000,	NULL,	NULL,	NULL,	NULL,	NULL,	NULL,	NULL,	NULL,	NULL,	NULL,	NULL,	NULL,	NULL,	NULL,	NULL,	NULL,	NULL),
(218,	1624,	246,	180,	1,	1,	'Yedoo',	NULL,	NULL,	NULL,	0,	NULL,	NULL,	NULL,	10000,	NULL,	NULL,	NULL,	NULL,	NULL,	NULL,	NULL,	NULL,	NULL,	NULL,	NULL,	NULL,	NULL,	NULL,	NULL,	NULL,	NULL),
(219,	1625,	246,	180,	1,	1,	'Trolo Raptor',	NULL,	NULL,	NULL,	0,	NULL,	NULL,	NULL,	12500,	NULL,	NULL,	NULL,	NULL,	NULL,	NULL,	NULL,	NULL,	NULL,	NULL,	NULL,	NULL,	NULL,	NULL,	NULL,	NULL,	NULL),
(220,	1626,	246,	180,	1,	1,	'MICRO SPEED',	NULL,	NULL,	NULL,	0,	NULL,	NULL,	NULL,	7860,	NULL,	NULL,	NULL,	NULL,	NULL,	NULL,	NULL,	NULL,	NULL,	NULL,	NULL,	NULL,	NULL,	NULL,	NULL,	NULL,	NULL),
(221,	1627,	246,	180,	1,	1,	'Micro Suspension',	NULL,	NULL,	NULL,	0,	NULL,	NULL,	NULL,	8999,	NULL,	NULL,	NULL,	NULL,	NULL,	NULL,	NULL,	NULL,	NULL,	NULL,	NULL,	NULL,	NULL,	NULL,	NULL,	NULL,	NULL),
(222,	1628,	246,	180,	1,	1,	'Razor',	NULL,	NULL,	NULL,	0,	NULL,	NULL,	NULL,	15000,	NULL,	NULL,	NULL,	NULL,	NULL,	NULL,	NULL,	NULL,	NULL,	NULL,	NULL,	NULL,	NULL,	NULL,	NULL,	NULL,	NULL),
(223,	1629,	246,	180,	1,	1,	'Weelz Rock',	NULL,	NULL,	NULL,	0,	NULL,	NULL,	NULL,	9800,	NULL,	NULL,	NULL,	NULL,	NULL,	NULL,	NULL,	NULL,	NULL,	NULL,	NULL,	NULL,	NULL,	NULL,	NULL,	NULL,	NULL),
(224,	1630,	246,	180,	1,	1,	'HUDORA',	NULL,	NULL,	NULL,	0,	NULL,	NULL,	NULL,	17900,	NULL,	NULL,	NULL,	NULL,	NULL,	NULL,	NULL,	NULL,	NULL,	NULL,	NULL,	NULL,	NULL,	NULL,	NULL,	NULL,	NULL),
(225,	1631,	246,	180,	1,	1,	'Xootr',	NULL,	NULL,	NULL,	0,	NULL,	NULL,	NULL,	11800,	NULL,	NULL,	NULL,	NULL,	NULL,	NULL,	NULL,	NULL,	NULL,	NULL,	NULL,	NULL,	NULL,	NULL,	NULL,	NULL,	NULL),
(235,	1641,	234,	87,	1,	1,	NULL,	NULL,	NULL,	NULL,	0,	NULL,	NULL,	NULL,	780,	NULL,	NULL,	NULL,	NULL,	NULL,	NULL,	NULL,	NULL,	NULL,	NULL,	NULL,	NULL,	NULL,	NULL,	NULL,	NULL,	NULL),
(236,	1642,	234,	87,	1,	1,	NULL,	NULL,	NULL,	NULL,	0,	NULL,	NULL,	NULL,	410,	NULL,	NULL,	NULL,	NULL,	NULL,	NULL,	NULL,	NULL,	NULL,	NULL,	NULL,	NULL,	NULL,	NULL,	NULL,	NULL,	NULL),
(237,	1643,	234,	87,	1,	1,	NULL,	NULL,	NULL,	NULL,	0,	NULL,	NULL,	NULL,	2200,	NULL,	NULL,	NULL,	NULL,	NULL,	NULL,	NULL,	NULL,	NULL,	NULL,	NULL,	NULL,	NULL,	NULL,	NULL,	NULL,	NULL),
(241,	1647,	240,	87,	1,	1,	NULL,	NULL,	NULL,	NULL,	0,	NULL,	NULL,	NULL,	740,	NULL,	NULL,	NULL,	NULL,	NULL,	NULL,	NULL,	NULL,	NULL,	NULL,	NULL,	NULL,	NULL,	NULL,	NULL,	NULL,	NULL),
(242,	1648,	240,	87,	1,	1,	NULL,	NULL,	NULL,	NULL,	0,	NULL,	NULL,	NULL,	1200,	NULL,	NULL,	NULL,	NULL,	NULL,	NULL,	NULL,	NULL,	NULL,	NULL,	NULL,	NULL,	NULL,	NULL,	NULL,	NULL,	NULL),
(243,	1649,	240,	87,	1,	1,	NULL,	NULL,	NULL,	NULL,	0,	NULL,	NULL,	NULL,	2100,	NULL,	NULL,	NULL,	NULL,	NULL,	NULL,	NULL,	NULL,	NULL,	NULL,	NULL,	NULL,	NULL,	NULL,	NULL,	NULL,	NULL),
(244,	1650,	240,	87,	1,	1,	NULL,	NULL,	NULL,	NULL,	0,	NULL,	NULL,	NULL,	2700,	NULL,	NULL,	NULL,	NULL,	NULL,	NULL,	NULL,	NULL,	NULL,	NULL,	NULL,	NULL,	NULL,	NULL,	NULL,	NULL,	NULL),
(245,	1651,	240,	87,	1,	1,	NULL,	NULL,	NULL,	NULL,	0,	NULL,	NULL,	NULL,	3300,	NULL,	NULL,	NULL,	NULL,	NULL,	NULL,	NULL,	NULL,	NULL,	NULL,	NULL,	NULL,	NULL,	NULL,	NULL,	NULL,	NULL),
(249,	1655,	248,	87,	1,	1,	NULL,	NULL,	NULL,	NULL,	0,	NULL,	NULL,	NULL,	29200,	NULL,	NULL,	NULL,	NULL,	NULL,	NULL,	NULL,	NULL,	NULL,	NULL,	NULL,	NULL,	NULL,	NULL,	NULL,	NULL,	NULL),
(250,	1656,	248,	87,	1,	1,	NULL,	NULL,	NULL,	NULL,	0,	NULL,	NULL,	NULL,	47900,	NULL,	NULL,	NULL,	NULL,	NULL,	NULL,	NULL,	NULL,	NULL,	NULL,	NULL,	NULL,	NULL,	NULL,	NULL,	NULL,	NULL),
(251,	1657,	248,	87,	1,	1,	NULL,	NULL,	NULL,	NULL,	0,	NULL,	NULL,	NULL,	18000,	NULL,	NULL,	NULL,	NULL,	NULL,	NULL,	NULL,	NULL,	NULL,	NULL,	NULL,	NULL,	NULL,	NULL,	NULL,	NULL,	NULL),
(252,	1658,	248,	87,	1,	1,	NULL,	NULL,	NULL,	NULL,	0,	NULL,	NULL,	NULL,	17900,	NULL,	NULL,	NULL,	NULL,	NULL,	NULL,	NULL,	NULL,	NULL,	NULL,	NULL,	NULL,	NULL,	NULL,	NULL,	NULL,	NULL),
(254,	1660,	253,	87,	1,	1,	NULL,	NULL,	NULL,	NULL,	0,	NULL,	NULL,	NULL,	18000,	NULL,	NULL,	NULL,	NULL,	NULL,	NULL,	NULL,	NULL,	NULL,	NULL,	NULL,	NULL,	NULL,	NULL,	NULL,	NULL,	NULL),
(262,	1668,	261,	87,	1,	1,	NULL,	NULL,	NULL,	NULL,	0,	NULL,	NULL,	NULL,	1210,	NULL,	NULL,	NULL,	NULL,	NULL,	NULL,	NULL,	NULL,	NULL,	NULL,	NULL,	NULL,	NULL,	NULL,	NULL,	NULL,	NULL),
(263,	1669,	261,	87,	1,	1,	NULL,	NULL,	NULL,	NULL,	0,	NULL,	NULL,	NULL,	1750,	NULL,	NULL,	NULL,	NULL,	NULL,	NULL,	NULL,	NULL,	NULL,	NULL,	NULL,	NULL,	NULL,	NULL,	NULL,	NULL,	NULL),
(264,	1670,	261,	87,	1,	1,	NULL,	NULL,	NULL,	NULL,	0,	NULL,	NULL,	NULL,	2610,	NULL,	NULL,	NULL,	NULL,	NULL,	NULL,	NULL,	NULL,	NULL,	NULL,	NULL,	NULL,	NULL,	NULL,	NULL,	NULL,	NULL);

DROP TABLE IF EXISTS `cms3_filter_index_56_pages_4`;
CREATE TABLE `cms3_filter_index_56_pages_4` (
  `id` int(10) unsigned NOT NULL,
  `obj_id` int(10) unsigned NOT NULL,
  `parent_id` int(10) unsigned NOT NULL,
  `type_id` int(10) unsigned NOT NULL,
  `lang_id` int(10) unsigned NOT NULL,
  `domain_id` int(10) unsigned NOT NULL,
  `cvet` varchar(255) DEFAULT NULL,
  `diagonal` varchar(255) DEFAULT NULL,
  `diametr_sm` bigint(20) DEFAULT NULL,
  `ekran` varchar(255) DEFAULT NULL,
  `glubina` bigint(20) DEFAULT NULL,
  `kolichestvo_podklyuchenij` bigint(20) DEFAULT NULL,
  `nositeli` mediumtext DEFAULT NULL,
  `operacionnaya_sistema` varchar(255) DEFAULT NULL,
  `price` double DEFAULT 0,
  `shirina` bigint(20) DEFAULT NULL,
  `udachno_sochetaetsya_s` mediumtext DEFAULT NULL,
  `vozmozhnost_zapisi` tinyint(1) DEFAULT 0,
  `vremya_dejstviya_ot_akb` bigint(20) DEFAULT NULL,
  `vysota` bigint(20) DEFAULT NULL,
  `weight` double DEFAULT NULL,
  `yarkost` varchar(255) DEFAULT NULL,
  `zawita_ot_detej` tinyint(1) DEFAULT 0,
  `zvuk` varchar(255) DEFAULT NULL,
  PRIMARY KEY (`id`),
  KEY `obj_id` (`obj_id`),
  KEY `parent_id` (`parent_id`),
  KEY `type_id` (`type_id`),
  KEY `lang_id` (`lang_id`),
  KEY `domain_id` (`domain_id`),
  KEY `cvet` (`cvet`),
  KEY `diagonal` (`diagonal`),
  KEY `diametr_sm` (`diametr_sm`),
  KEY `ekran` (`ekran`),
  KEY `glubina` (`glubina`),
  KEY `kolichestvo_podklyuchenij` (`kolichestvo_podklyuchenij`),
  KEY `operacionnaya_sistema` (`operacionnaya_sistema`),
  KEY `price` (`price`),
  KEY `shirina` (`shirina`),
  KEY `vremya_dejstviya_ot_akb` (`vremya_dejstviya_ot_akb`),
  KEY `vysota` (`vysota`),
  KEY `weight` (`weight`),
  KEY `yarkost` (`yarkost`),
  KEY `zvuk` (`zvuk`)
) ENGINE=InnoDB DEFAULT CHARSET=utf8;

INSERT INTO `cms3_filter_index_56_pages_4` (`id`, `obj_id`, `parent_id`, `type_id`, `lang_id`, `domain_id`, `cvet`, `diagonal`, `diametr_sm`, `ekran`, `glubina`, `kolichestvo_podklyuchenij`, `nositeli`, `operacionnaya_sistema`, `price`, `shirina`, `udachno_sochetaetsya_s`, `vozmozhnost_zapisi`, `vremya_dejstviya_ot_akb`, `vysota`, `weight`, `yarkost`, `zawita_ot_detej`, `zvuk`) VALUES
(1,	628,	2,	140,	1,	1,	'Синий',	NULL,	NULL,	'Мини',	NULL,	NULL,	NULL,	'SMB',	236,	NULL,	NULL,	0,	31,	NULL,	500,	NULL,	0,	NULL),
(52,	699,	47,	130,	1,	1,	'Красный',	NULL,	NULL,	NULL,	25,	NULL,	NULL,	NULL,	89,	50,	NULL,	0,	NULL,	90,	500,	NULL,	0,	'Моно'),
(53,	702,	47,	130,	1,	1,	'Серебристый',	NULL,	NULL,	NULL,	200,	NULL,	NULL,	NULL,	45,	250,	NULL,	0,	NULL,	46,	500,	NULL,	0,	'Моно'),
(54,	704,	49,	130,	1,	1,	'Черный',	NULL,	NULL,	NULL,	340,	NULL,	NULL,	NULL,	580,	350,	NULL,	0,	NULL,	190,	500,	NULL,	0,	'Стерео'),
(55,	708,	39,	132,	1,	1,	'Черный',	NULL,	NULL,	NULL,	NULL,	5,	';DVD;',	NULL,	168,	NULL,	';Player A4;plaer T2;Teac GF-650;',	0,	NULL,	NULL,	500,	NULL,	0,	NULL),
(56,	710,	47,	130,	1,	1,	'Красный',	NULL,	NULL,	NULL,	30,	NULL,	NULL,	NULL,	88,	200,	NULL,	0,	NULL,	100,	500,	NULL,	0,	'Моно'),
(57,	711,	49,	130,	1,	1,	'Черный',	NULL,	NULL,	NULL,	300,	NULL,	NULL,	NULL,	650,	400,	NULL,	0,	NULL,	150,	500,	NULL,	0,	'Стерео'),
(58,	712,	39,	132,	1,	1,	'Серебристый',	NULL,	NULL,	NULL,	NULL,	3,	';DVD;Винил;',	NULL,	289,	NULL,	';plaer T2;plaer T3;Teac LP-R400;',	0,	NULL,	NULL,	500,	NULL,	0,	NULL),
(59,	713,	48,	130,	1,	1,	'Черный',	NULL,	NULL,	NULL,	230,	NULL,	NULL,	NULL,	210,	200,	NULL,	0,	NULL,	380,	500,	NULL,	0,	'Стерео'),
(60,	714,	39,	132,	1,	1,	'Черный',	NULL,	NULL,	NULL,	NULL,	4,	';DVD;',	NULL,	310,	NULL,	';Teac GF-650;Coral CX-7;',	0,	NULL,	NULL,	500,	NULL,	0,	NULL),
(61,	716,	39,	132,	1,	1,	'Бордовый',	NULL,	NULL,	NULL,	NULL,	4,	';Винил;',	NULL,	428,	NULL,	';Toshiba SR-Q660;',	1,	NULL,	NULL,	500,	NULL,	0,	NULL),
(62,	718,	41,	133,	1,	1,	'Серебристый',	NULL,	20,	NULL,	NULL,	NULL,	NULL,	NULL,	15,	NULL,	NULL,	0,	NULL,	NULL,	500,	NULL,	0,	NULL),
(63,	719,	39,	132,	1,	1,	'Черный',	NULL,	NULL,	NULL,	NULL,	1,	';DVD;Винил;',	NULL,	235,	NULL,	';dvd 01;',	0,	NULL,	NULL,	500,	NULL,	0,	NULL),
(64,	726,	45,	138,	1,	1,	'Очень прозрачный',	'120 см',	NULL,	'Большой',	NULL,	NULL,	NULL,	NULL,	800,	NULL,	NULL,	0,	NULL,	NULL,	500,	'Очень ярко',	1,	NULL),
(65,	727,	39,	132,	1,	1,	'Не особо прозрачный',	NULL,	NULL,	NULL,	NULL,	2,	';CD;DVD;Винил;',	NULL,	643,	NULL,	';Телевизор «LG»;',	1,	NULL,	NULL,	500,	NULL,	0,	NULL),
(66,	728,	39,	132,	1,	1,	'Синий',	NULL,	NULL,	NULL,	NULL,	NULL,	';Винил;',	NULL,	332,	NULL,	';Akai TF-000;',	0,	NULL,	NULL,	500,	NULL,	0,	NULL),
(67,	730,	39,	132,	1,	1,	'Коричневый',	NULL,	NULL,	NULL,	NULL,	3,	';CD;DVD;',	NULL,	123,	NULL,	NULL,	1,	NULL,	NULL,	500,	NULL,	0,	NULL),
(68,	731,	41,	133,	1,	1,	'Черный',	NULL,	22,	NULL,	NULL,	NULL,	NULL,	NULL,	15,	NULL,	NULL,	0,	NULL,	NULL,	500,	NULL,	0,	NULL),
(69,	732,	39,	132,	1,	1,	'Очень прозрачный',	NULL,	NULL,	NULL,	NULL,	2,	';CD;DVD;Винил;',	NULL,	67,	NULL,	';dvd 03;',	1,	NULL,	NULL,	500,	NULL,	0,	NULL),
(70,	733,	45,	138,	1,	1,	'Очень прозрачный',	'120 см',	NULL,	'Большой',	NULL,	NULL,	NULL,	NULL,	1500,	NULL,	NULL,	0,	NULL,	NULL,	500,	'Очень ярко',	1,	NULL),
(71,	734,	39,	132,	1,	1,	'Бордовый',	NULL,	NULL,	NULL,	NULL,	1,	';DVD;Винил;',	NULL,	787,	NULL,	';Телевизор «Philips»;',	0,	NULL,	NULL,	500,	NULL,	0,	NULL),
(72,	735,	40,	132,	1,	1,	'Коричневый',	NULL,	NULL,	NULL,	NULL,	8,	';DVD;CD;',	NULL,	546,	NULL,	NULL,	1,	NULL,	NULL,	500,	NULL,	0,	NULL),
(73,	736,	40,	132,	1,	1,	'Серебристый',	NULL,	NULL,	NULL,	NULL,	7,	';DVD;',	NULL,	680,	NULL,	NULL,	1,	NULL,	NULL,	500,	NULL,	0,	NULL),
(74,	737,	40,	132,	1,	1,	'Черный',	NULL,	NULL,	NULL,	NULL,	9,	';DVD;',	NULL,	888,	NULL,	NULL,	1,	NULL,	NULL,	500,	NULL,	0,	NULL),
(75,	739,	40,	132,	1,	1,	'Зеленый',	NULL,	NULL,	NULL,	NULL,	2,	';DVD;CD;',	NULL,	523,	NULL,	NULL,	1,	NULL,	NULL,	500,	NULL,	0,	NULL),
(76,	740,	45,	138,	1,	1,	'Очень прозрачный',	'120 см',	NULL,	'Большой',	NULL,	NULL,	NULL,	NULL,	2900,	NULL,	NULL,	0,	NULL,	NULL,	500,	'Очень ярко',	1,	NULL),
(77,	741,	40,	132,	1,	1,	'Очень прозрачный',	NULL,	NULL,	NULL,	NULL,	8,	';CD;Винил;',	NULL,	886,	NULL,	';Телевизор «Panasonic»;',	1,	NULL,	NULL,	500,	NULL,	0,	NULL),
(78,	742,	40,	132,	1,	1,	'Черный',	NULL,	NULL,	NULL,	NULL,	9,	';DVD;CD;Винил;',	NULL,	347,	NULL,	NULL,	1,	NULL,	NULL,	500,	NULL,	0,	NULL),
(79,	744,	40,	132,	1,	1,	'Серебристый',	NULL,	NULL,	NULL,	NULL,	14,	';DVD;CD;Винил;',	NULL,	2305,	NULL,	';Sony PS-6750;',	1,	NULL,	NULL,	500,	NULL,	0,	NULL),
(80,	746,	40,	132,	1,	1,	'Прозрачный',	NULL,	NULL,	NULL,	NULL,	7,	';CD;',	NULL,	421,	NULL,	';Toshiba X-555;',	1,	NULL,	NULL,	500,	NULL,	0,	NULL),
(81,	747,	40,	132,	1,	1,	'Черный',	NULL,	NULL,	NULL,	NULL,	9,	';DVD;',	NULL,	888,	NULL,	NULL,	1,	NULL,	NULL,	500,	NULL,	0,	NULL),
(82,	748,	40,	132,	1,	1,	'Зеленый',	NULL,	NULL,	NULL,	NULL,	3,	';DVD;CD;',	NULL,	764,	NULL,	NULL,	1,	NULL,	NULL,	500,	NULL,	0,	NULL),
(83,	753,	42,	138,	1,	1,	'Бордовый',	'20 см',	NULL,	'Глянцевый',	NULL,	NULL,	NULL,	NULL,	111,	NULL,	NULL,	0,	NULL,	NULL,	500,	'200:1',	0,	NULL),
(84,	756,	42,	138,	1,	1,	'Синий',	'15 см',	NULL,	'Мини',	NULL,	NULL,	NULL,	NULL,	321,	NULL,	NULL,	0,	NULL,	NULL,	500,	'100:1',	0,	NULL),
(85,	759,	44,	138,	1,	1,	'Коричневый',	'60 см',	NULL,	'Насыщенный',	NULL,	NULL,	NULL,	NULL,	325,	NULL,	NULL,	0,	NULL,	NULL,	500,	'200:1',	0,	NULL),
(86,	762,	44,	138,	1,	1,	'Серебристый',	'65 см',	NULL,	'Глянцевый',	NULL,	NULL,	NULL,	NULL,	210,	NULL,	NULL,	0,	NULL,	NULL,	500,	'300:1',	0,	NULL),
(87,	765,	42,	138,	1,	1,	'Синий',	'8 см',	NULL,	'Мини',	NULL,	NULL,	NULL,	NULL,	157,	NULL,	NULL,	0,	NULL,	NULL,	500,	'Не очень ярко',	1,	NULL),
(88,	766,	45,	138,	1,	1,	'Очень прозрачный',	'120 см',	NULL,	'Большой',	NULL,	NULL,	NULL,	NULL,	4700,	NULL,	NULL,	0,	NULL,	NULL,	500,	'Очень ярко',	1,	NULL),
(89,	767,	45,	138,	1,	1,	'Не особо прозрачный',	'120 см',	NULL,	'Большой',	NULL,	NULL,	NULL,	NULL,	7500,	NULL,	NULL,	0,	NULL,	NULL,	500,	'Не очень ярко',	1,	NULL),
(90,	769,	42,	138,	1,	1,	'Серебристый',	'15 см',	NULL,	'Мини',	NULL,	NULL,	NULL,	NULL,	546,	NULL,	NULL,	0,	NULL,	NULL,	500,	'50:1',	0,	NULL),
(91,	771,	42,	138,	1,	1,	'Прозрачный',	'45 см',	NULL,	'Насыщенный',	NULL,	NULL,	NULL,	NULL,	653,	NULL,	NULL,	0,	NULL,	NULL,	500,	'100:1',	0,	NULL),
(92,	772,	43,	138,	1,	1,	'Коричневый',	'8 см',	NULL,	'Мини',	NULL,	NULL,	NULL,	NULL,	256,	NULL,	NULL,	0,	NULL,	NULL,	500,	'50:1',	0,	NULL),
(93,	774,	43,	138,	1,	1,	'Коричневый',	'15 см',	NULL,	'Матовый',	NULL,	NULL,	NULL,	NULL,	125,	NULL,	NULL,	0,	NULL,	NULL,	500,	'100:1',	0,	NULL),
(94,	775,	43,	138,	1,	1,	'Коричневый',	'15 см',	NULL,	'Матовый',	NULL,	NULL,	NULL,	NULL,	114,	NULL,	NULL,	0,	NULL,	NULL,	500,	'100:1',	0,	NULL),
(95,	776,	43,	138,	1,	1,	'Коричневый',	'15 см',	NULL,	'Матовый',	NULL,	NULL,	NULL,	NULL,	113,	NULL,	NULL,	0,	NULL,	NULL,	500,	'100:1',	0,	NULL),
(96,	777,	43,	138,	1,	1,	'Синий',	'20 см',	NULL,	'Матовый',	NULL,	NULL,	NULL,	NULL,	905,	NULL,	NULL,	0,	NULL,	NULL,	500,	'Не очень ярко',	1,	NULL),
(97,	778,	44,	138,	1,	1,	'Коричневый',	'45 см',	NULL,	'Матовый',	NULL,	NULL,	NULL,	NULL,	200,	NULL,	NULL,	0,	NULL,	NULL,	500,	'100:1',	0,	NULL),
(98,	779,	44,	138,	1,	1,	'Красный',	'20 см',	NULL,	'Большой',	NULL,	NULL,	NULL,	NULL,	235,	NULL,	NULL,	0,	NULL,	NULL,	500,	'100:1',	1,	NULL),
(99,	780,	44,	138,	1,	1,	'Зеленый',	'45 см',	NULL,	'Матовый',	NULL,	NULL,	NULL,	NULL,	456,	NULL,	NULL,	0,	NULL,	NULL,	500,	'Не очень ярко',	0,	NULL),
(100,	782,	46,	130,	1,	1,	'Серебристый',	NULL,	NULL,	NULL,	145,	NULL,	NULL,	NULL,	200,	500,	NULL,	0,	NULL,	250,	500,	NULL,	0,	'Объемный'),
(101,	783,	46,	130,	1,	1,	'Черный',	NULL,	NULL,	NULL,	200,	NULL,	NULL,	NULL,	320,	500,	NULL,	0,	NULL,	450,	500,	NULL,	0,	'Стерео'),
(102,	784,	46,	130,	1,	1,	'Черный',	NULL,	NULL,	NULL,	135,	NULL,	NULL,	NULL,	199,	400,	NULL,	0,	NULL,	250,	500,	NULL,	0,	'Стерео'),
(103,	786,	46,	130,	1,	1,	'Серый',	NULL,	NULL,	NULL,	166,	NULL,	NULL,	NULL,	213,	235,	NULL,	0,	NULL,	432,	500,	NULL,	0,	'Моно'),
(104,	787,	46,	130,	1,	1,	'Зеленый',	NULL,	NULL,	NULL,	234,	NULL,	NULL,	NULL,	2764,	526,	NULL,	0,	NULL,	214,	500,	NULL,	0,	'Стерео'),
(105,	788,	47,	130,	1,	1,	'Коричневый',	NULL,	NULL,	NULL,	22,	NULL,	NULL,	NULL,	523,	45,	NULL,	0,	NULL,	25,	500,	NULL,	0,	'Объемный'),
(106,	789,	47,	130,	1,	1,	'Бордовый',	NULL,	NULL,	NULL,	45,	NULL,	NULL,	NULL,	34,	266,	NULL,	0,	NULL,	14,	500,	NULL,	0,	'Стерео'),
(107,	790,	48,	130,	1,	1,	'Коричневый',	NULL,	NULL,	NULL,	220,	NULL,	NULL,	NULL,	200,	190,	NULL,	0,	NULL,	350,	500,	NULL,	0,	'Стерео'),
(108,	791,	48,	130,	1,	1,	'Коричневый',	NULL,	NULL,	NULL,	280,	NULL,	NULL,	NULL,	190,	260,	NULL,	0,	NULL,	400,	500,	NULL,	0,	'Стерео'),
(109,	792,	48,	130,	1,	1,	NULL,	NULL,	NULL,	NULL,	111,	NULL,	NULL,	NULL,	345,	325,	NULL,	0,	NULL,	14,	500,	NULL,	0,	NULL),
(110,	793,	48,	130,	1,	1,	'Черный',	NULL,	NULL,	NULL,	241,	NULL,	NULL,	NULL,	77,	24,	NULL,	0,	NULL,	352,	500,	NULL,	0,	'Стерео'),
(111,	794,	49,	130,	1,	1,	'Красный',	NULL,	NULL,	NULL,	357,	NULL,	NULL,	NULL,	756,	500,	NULL,	0,	NULL,	252,	500,	NULL,	0,	'Объемный'),
(112,	795,	49,	130,	1,	1,	'Бордовый',	NULL,	NULL,	NULL,	456,	NULL,	NULL,	NULL,	234,	665,	NULL,	0,	NULL,	352,	500,	NULL,	0,	'Моно'),
(113,	796,	49,	130,	1,	1,	'Черный',	NULL,	NULL,	NULL,	52,	NULL,	NULL,	NULL,	409,	421,	NULL,	0,	NULL,	432,	500,	NULL,	0,	'Стерео'),
(114,	798,	50,	140,	1,	1,	'Черный',	NULL,	NULL,	'Мини',	NULL,	NULL,	NULL,	'gsm',	123,	NULL,	NULL,	0,	8,	NULL,	500,	NULL,	0,	NULL),
(115,	799,	50,	140,	1,	1,	'Не особо прозрачный',	NULL,	NULL,	'Матовый',	NULL,	NULL,	NULL,	'gsm',	125,	NULL,	NULL,	0,	9,	NULL,	500,	NULL,	0,	NULL),
(116,	800,	50,	140,	1,	1,	'Очень прозрачный',	NULL,	NULL,	'Матовый',	NULL,	NULL,	NULL,	'gsm',	325,	NULL,	NULL,	0,	66,	NULL,	500,	NULL,	0,	NULL),
(117,	802,	50,	140,	1,	1,	'Красный',	NULL,	NULL,	'Насыщенный',	NULL,	NULL,	NULL,	'TXT',	362,	NULL,	NULL,	0,	888,	NULL,	500,	NULL,	0,	NULL),
(118,	803,	50,	140,	1,	1,	'Красный',	NULL,	NULL,	'Глянцевый',	NULL,	NULL,	NULL,	'SMB',	425,	NULL,	NULL,	0,	2,	NULL,	500,	NULL,	0,	NULL),
(119,	804,	2,	140,	1,	1,	'Зеленый',	NULL,	NULL,	'Мини',	NULL,	NULL,	NULL,	'SMB',	188,	NULL,	NULL,	0,	19,	NULL,	500,	NULL,	0,	NULL),
(120,	805,	2,	140,	1,	1,	'Синий',	NULL,	NULL,	'Глянцевый',	NULL,	NULL,	NULL,	'TXT',	124,	NULL,	NULL,	0,	44,	NULL,	500,	NULL,	0,	NULL),
(121,	806,	2,	140,	1,	1,	'Коричневый',	NULL,	NULL,	'Насыщенный',	NULL,	NULL,	NULL,	'TXT',	88,	NULL,	NULL,	0,	45,	NULL,	500,	NULL,	0,	NULL),
(122,	808,	2,	140,	1,	1,	'Прозрачный',	NULL,	NULL,	'Мини',	NULL,	NULL,	NULL,	'Windows M',	875,	NULL,	NULL,	0,	244,	NULL,	500,	NULL,	0,	NULL),
(123,	809,	51,	140,	1,	1,	'Серебристый',	NULL,	NULL,	'Мини',	NULL,	NULL,	NULL,	'TXT',	123,	NULL,	NULL,	0,	9999999,	NULL,	500,	NULL,	0,	NULL),
(124,	810,	51,	140,	1,	1,	'Серый',	NULL,	NULL,	'Матовый',	NULL,	NULL,	NULL,	'Windows M',	562,	NULL,	NULL,	0,	20,	NULL,	500,	NULL,	0,	NULL),
(125,	811,	51,	140,	1,	1,	'Серый',	NULL,	NULL,	'Глянцевый',	NULL,	NULL,	NULL,	'Windows M',	456,	NULL,	NULL,	0,	22,	NULL,	500,	NULL,	0,	NULL),
(126,	812,	51,	140,	1,	1,	'Коричневый',	NULL,	NULL,	'Мини',	NULL,	NULL,	NULL,	'SMB',	453,	NULL,	NULL,	0,	52,	NULL,	500,	NULL,	0,	NULL),
(127,	813,	51,	140,	1,	1,	'Красный',	NULL,	NULL,	'Большой',	NULL,	NULL,	NULL,	'gsm',	443,	NULL,	NULL,	0,	23,	NULL,	500,	NULL,	0,	NULL),
(133,	819,	41,	133,	1,	1,	'Прозрачный',	NULL,	14,	NULL,	NULL,	NULL,	NULL,	NULL,	55,	NULL,	';Akai TF-000;',	0,	NULL,	NULL,	500,	NULL,	0,	NULL),
(134,	820,	41,	133,	1,	1,	'Зеленый',	NULL,	66,	NULL,	NULL,	NULL,	NULL,	NULL,	33,	NULL,	';dvd 01;dvd 03;',	0,	NULL,	NULL,	500,	NULL,	0,	NULL),
(135,	821,	41,	133,	1,	1,	'Синий',	NULL,	4,	NULL,	NULL,	NULL,	NULL,	NULL,	25,	NULL,	';Akai TF-000;Телевизор «Panasonic»;',	0,	NULL,	NULL,	500,	NULL,	0,	NULL),
(136,	822,	41,	133,	1,	1,	'Черный',	NULL,	22,	NULL,	NULL,	NULL,	NULL,	NULL,	15,	NULL,	NULL,	0,	NULL,	NULL,	500,	NULL,	0,	NULL),
(137,	823,	41,	133,	1,	1,	'Серебристый',	NULL,	10,	NULL,	NULL,	NULL,	NULL,	NULL,	32,	NULL,	NULL,	0,	NULL,	NULL,	500,	NULL,	0,	NULL),
(138,	824,	41,	133,	1,	1,	'Не особо прозрачный',	NULL,	15,	NULL,	NULL,	NULL,	NULL,	NULL,	15,	NULL,	NULL,	0,	NULL,	NULL,	500,	NULL,	0,	NULL),
(139,	825,	41,	133,	1,	1,	'Коричневый',	NULL,	25,	NULL,	NULL,	NULL,	NULL,	NULL,	10,	NULL,	';Akai VN-87;Sony BF-5534;',	0,	NULL,	NULL,	500,	NULL,	0,	NULL),
(140,	826,	41,	133,	1,	1,	'Серый',	NULL,	16,	NULL,	NULL,	NULL,	NULL,	NULL,	6,	NULL,	';dvd 12;Телевизор «Vityas»;',	0,	NULL,	NULL,	500,	NULL,	0,	NULL);

DROP TABLE IF EXISTS `cms3_hierarchy`;
CREATE TABLE `cms3_hierarchy` (
  `id` int(10) unsigned NOT NULL AUTO_INCREMENT,
  `rel` int(10) unsigned NOT NULL,
  `type_id` int(10) unsigned NOT NULL,
  `lang_id` int(10) unsigned NOT NULL,
  `domain_id` int(10) unsigned NOT NULL,
  `obj_id` int(10) unsigned NOT NULL,
  `ord` int(11) DEFAULT 0,
  `tpl_id` int(10) unsigned DEFAULT NULL,
  `alt_name` varchar(128) DEFAULT NULL,
  `is_active` tinyint(1) DEFAULT NULL,
  `is_deleted` tinyint(1) DEFAULT NULL,
  `is_visible` tinyint(1) DEFAULT NULL,
  `updatetime` int(11) DEFAULT NULL,
  `is_default` tinyint(1) DEFAULT 0,
  PRIMARY KEY (`id`),
  KEY `types rels_FK` (`type_id`),
  KEY `Prefix from lang_id_FK` (`lang_id`),
  KEY `Domain from domain_id relation_FK` (`domain_id`),
  KEY `hierarchy to plain object image_FK` (`obj_id`),
  KEY `Getting template data_FK` (`tpl_id`),
  KEY `is_default` (`is_default`),
  KEY `alt_name` (`alt_name`),
  KEY `is_deleted` (`is_deleted`),
  KEY `is_active` (`is_active`),
  KEY `ord` (`ord`),
  KEY `rel` (`rel`),
  KEY `updatetime` (`updatetime`),
  KEY `is_visible` (`is_visible`),
  CONSTRAINT `FK_Domain from domain_id relation` FOREIGN KEY (`domain_id`) REFERENCES `cms3_domains` (`id`) ON DELETE CASCADE ON UPDATE CASCADE,
  CONSTRAINT `FK_Getting template data` FOREIGN KEY (`tpl_id`) REFERENCES `cms3_templates` (`id`) ON DELETE CASCADE ON UPDATE CASCADE,
  CONSTRAINT `FK_Prefix from lang_id` FOREIGN KEY (`lang_id`) REFERENCES `cms3_langs` (`id`) ON DELETE CASCADE ON UPDATE CASCADE,
  CONSTRAINT `FK_hierarchy to plain object image` FOREIGN KEY (`obj_id`) REFERENCES `cms3_objects` (`id`) ON DELETE CASCADE ON UPDATE CASCADE,
  CONSTRAINT `FK_types rels` FOREIGN KEY (`type_id`) REFERENCES `cms3_hierarchy_types` (`id`) ON DELETE CASCADE ON UPDATE CASCADE
) ENGINE=InnoDB DEFAULT CHARSET=utf8;

INSERT INTO `cms3_hierarchy` (`id`, `rel`, `type_id`, `lang_id`, `domain_id`, `obj_id`, `ord`, `tpl_id`, `alt_name`, `is_active`, `is_deleted`, `is_visible`, `updatetime`, `is_default`) VALUES
(1,	2,	56,	1,	1,	628,	2,	2,	'ericssont_450',	1,	0,	0,	1566304142,	0),
(2,	38,	55,	1,	1,	629,	5,	2,	'smartfony',	1,	0,	0,	1566304146,	0),
(3,	0,	30,	1,	1,	635,	1,	2,	'luchshie_predlozheniya',	1,	0,	0,	1566304139,	1),
(4,	0,	55,	1,	1,	636,	2,	2,	'shop',	1,	0,	0,	1566304145,	0),
(5,	0,	1,	1,	1,	637,	3,	2,	'news1',	1,	0,	0,	1566304139,	0),
(6,	0,	30,	1,	1,	638,	10,	2,	'delivery_and_payment',	1,	0,	0,	1566304139,	0),
(7,	0,	30,	1,	1,	639,	12,	2,	'help',	1,	0,	0,	1566304139,	0),
(8,	0,	30,	1,	1,	641,	13,	2,	'contacts',	1,	0,	0,	1566304139,	0),
(9,	0,	30,	1,	1,	642,	9,	2,	'about',	1,	0,	0,	1566304114,	0),
(10,	0,	30,	1,	1,	643,	18,	2,	'notfound',	1,	0,	0,	1566304139,	0),
(11,	0,	41,	1,	1,	648,	19,	2,	'gotovy_li_vy_kupit_ipad',	1,	0,	0,	1566304139,	0),
(12,	0,	32,	1,	1,	649,	22,	2,	'obzory_novinok_tehniki',	1,	0,	1,	1566304139,	0),
(13,	0,	48,	1,	1,	650,	23,	2,	'remont_bytovoj_tehniki_na_domu',	1,	0,	1,	1566304139,	0),
(14,	15,	38,	1,	1,	652,	2,	2,	'podelites_mneniyami',	1,	0,	0,	1566304139,	0),
(15,	16,	37,	1,	1,	653,	1,	2,	'ya_vybral_m-150_chto_skazhete',	1,	0,	0,	1566304139,	0),
(16,	0,	36,	1,	1,	654,	24,	2,	'pioneer_club',	1,	0,	1,	1566304139,	0),
(17,	0,	46,	1,	1,	655,	25,	2,	'kabeli_i_razemy',	1,	0,	1,	1566304139,	0),
(18,	0,	30,	1,	1,	656,	26,	2,	'_',	0,	0,	1,	1566304139,	0),
(19,	0,	30,	2,	1,	657,	27,	3,	'luchshie_predlozheniya',	1,	0,	0,	1566304139,	1),
(20,	0,	55,	2,	1,	658,	28,	3,	'shop',	1,	0,	0,	1566304139,	0),
(21,	0,	1,	2,	1,	659,	93,	3,	'news1',	1,	0,	0,	1566304139,	0),
(22,	0,	30,	2,	1,	660,	96,	3,	'delivery_and_payment',	1,	0,	0,	1566304139,	0),
(23,	0,	30,	2,	1,	661,	97,	3,	'help',	1,	0,	0,	1566304139,	0),
(24,	0,	30,	2,	1,	663,	98,	3,	'contacts',	1,	0,	0,	1566304139,	0),
(25,	0,	30,	2,	1,	664,	99,	3,	'about',	1,	0,	0,	1566304139,	0),
(26,	0,	30,	2,	1,	665,	100,	3,	'notfound',	1,	0,	0,	1566304139,	0),
(27,	0,	32,	2,	1,	666,	102,	3,	'obzory_novinok_tehniki',	1,	0,	1,	1566304139,	0),
(28,	0,	48,	2,	1,	667,	105,	3,	'remont_bytovoj_tehniki_na_domu',	1,	0,	1,	1566304139,	0),
(29,	30,	38,	2,	1,	668,	112,	3,	'podelites_mneniyami',	1,	0,	0,	1566304139,	0),
(30,	31,	37,	2,	1,	669,	110,	3,	'ya_vybral_m-150_chto_skazhete',	1,	0,	0,	1566304139,	0),
(31,	0,	36,	2,	1,	670,	109,	3,	'pioneer_club',	1,	0,	1,	1566304139,	0),
(32,	0,	46,	2,	1,	671,	113,	3,	'kabeli_i_razemy',	1,	0,	1,	1566304139,	0),
(33,	0,	30,	2,	1,	672,	118,	3,	'_',	0,	0,	1,	1566304139,	0),
(34,	0,	41,	2,	1,	677,	119,	3,	'are_you_ready_to_buy_ipad',	1,	0,	0,	1566304139,	0),
(35,	4,	55,	1,	1,	678,	1,	2,	'dvd_tehnika',	1,	0,	0,	1566304145,	0),
(36,	4,	55,	1,	1,	679,	12,	2,	'televizory',	1,	0,	0,	1566304146,	0),
(37,	4,	55,	1,	1,	680,	11,	2,	'audiotehnika',	1,	0,	0,	1566304146,	0),
(38,	4,	55,	1,	1,	681,	13,	2,	'mobil_naya_svyaz',	1,	0,	0,	1566304146,	0),
(39,	35,	55,	1,	1,	682,	2,	2,	'dvd_pleery',	1,	0,	0,	1566304263,	0),
(40,	35,	55,	1,	1,	683,	3,	2,	'dvd_rekordery',	1,	0,	0,	1566304145,	0),
(41,	35,	55,	1,	1,	684,	7,	2,	'dvd_diski',	1,	0,	1,	1566304146,	0),
(42,	36,	55,	1,	1,	685,	14,	2,	'port_televi',	1,	0,	0,	1566304146,	0),
(43,	36,	55,	1,	1,	686,	16,	2,	'cherno-belye_televizory',	1,	0,	0,	1566304146,	0),
(44,	36,	55,	1,	1,	687,	13,	2,	'cvetnye_televizory',	1,	0,	0,	1566304146,	0),
(45,	36,	55,	1,	1,	688,	11,	2,	'zhk_televizory',	1,	0,	0,	1566304146,	0),
(46,	37,	55,	1,	1,	689,	6,	2,	'magnitofony',	1,	0,	0,	1566304146,	0),
(47,	37,	55,	1,	1,	690,	3,	2,	'pleery',	1,	0,	0,	1566304146,	0),
(48,	37,	55,	1,	1,	691,	4,	2,	'acoustics',	1,	0,	0,	1566304146,	0),
(49,	37,	55,	1,	1,	692,	1,	2,	'muzykal_nye_centry',	1,	0,	0,	1566304145,	0),
(50,	38,	55,	1,	1,	693,	1,	2,	'telefony_gsm',	1,	0,	0,	1566304145,	0),
(51,	38,	55,	1,	1,	694,	4,	2,	'kommunikatory',	1,	0,	0,	1566304146,	0),
(52,	47,	56,	1,	1,	699,	1,	2,	'player_a4',	1,	0,	0,	1566304142,	0),
(53,	47,	56,	1,	1,	702,	2,	2,	'plaer_t2',	1,	0,	0,	1566304142,	0),
(54,	49,	56,	1,	1,	704,	1,	2,	'teac-gf650',	1,	0,	0,	1566304142,	0),
(55,	39,	56,	1,	1,	708,	1,	2,	'akai_apa206c',	1,	0,	0,	1566304142,	0),
(56,	47,	56,	1,	1,	710,	3,	2,	'plaer_t3',	1,	0,	0,	1566304142,	0),
(57,	49,	56,	1,	1,	711,	2,	2,	'teac_lpr400',	1,	0,	0,	1566304142,	0),
(58,	39,	56,	1,	1,	712,	2,	2,	'sony_ps6750',	1,	0,	0,	1566304142,	0),
(59,	48,	56,	1,	1,	713,	1,	2,	'coral_cx7',	1,	0,	0,	1566304141,	0),
(60,	39,	56,	1,	1,	714,	3,	2,	'toshiba_srq660',	1,	0,	0,	1566304142,	0),
(61,	39,	56,	1,	1,	716,	4,	2,	'akai_bb-1442',	1,	0,	0,	1566304142,	0),
(62,	41,	56,	1,	1,	718,	1,	2,	'dvd_1',	1,	0,	0,	1566304142,	0),
(63,	39,	56,	1,	1,	719,	5,	2,	'akai_tf-',	1,	0,	0,	1566304142,	0),
(64,	45,	56,	1,	1,	726,	21,	2,	'televizor_horizont1',	1,	0,	0,	1566304142,	0),
(65,	39,	56,	1,	1,	727,	6,	2,	'sony_tg-2356',	1,	0,	0,	1566304142,	0),
(66,	39,	56,	1,	1,	728,	7,	2,	'sony_t5z534',	1,	0,	0,	1566304142,	0),
(67,	39,	56,	1,	1,	730,	8,	2,	'sony_bf-5534',	1,	0,	0,	1566304142,	0),
(68,	41,	56,	1,	1,	731,	2,	2,	'dvd_2',	1,	0,	0,	1566304142,	0),
(69,	39,	56,	1,	1,	732,	9,	2,	'akai_vn-87',	1,	0,	0,	1566304142,	0),
(70,	45,	56,	1,	1,	733,	23,	2,	'televizor_horizont3',	1,	0,	0,	1566304142,	0),
(71,	39,	56,	1,	1,	734,	10,	2,	'toshiba_x-555',	1,	0,	0,	1566304142,	0),
(72,	40,	56,	1,	1,	735,	1,	2,	'dual_c819',	1,	0,	0,	1566304142,	0),
(73,	40,	56,	1,	1,	736,	2,	2,	'pioneer_ct970',	1,	0,	0,	1566304142,	0),
(74,	40,	56,	1,	1,	737,	3,	2,	'toshiba_pcx6ad',	1,	0,	0,	1566304142,	0),
(75,	40,	56,	1,	1,	739,	120,	2,	'dual_c-522',	1,	0,	0,	1566304142,	0),
(76,	45,	56,	1,	1,	740,	22,	2,	'televizor_horizont2',	1,	0,	0,	1566304142,	0),
(77,	40,	56,	1,	1,	741,	121,	2,	'pioneer_gd-90',	1,	0,	0,	1566304142,	0),
(78,	40,	56,	1,	1,	742,	122,	2,	'toshiba_gf-908',	1,	0,	0,	1566304142,	0),
(79,	40,	56,	1,	1,	744,	123,	2,	'dual_x-980z',	1,	0,	0,	1566304142,	0),
(80,	40,	56,	1,	1,	746,	124,	2,	'pioneer_pk-2355',	1,	0,	0,	1566304142,	0),
(81,	40,	56,	1,	1,	747,	125,	2,	'toshiba_pc-x6ad',	1,	0,	0,	1566304142,	0),
(82,	40,	56,	1,	1,	748,	126,	2,	'dual_cg-755',	1,	0,	0,	1566304142,	0),
(83,	42,	56,	1,	1,	753,	1,	2,	'elektronika_432',	1,	0,	0,	1566304142,	0),
(84,	42,	56,	1,	1,	756,	2,	2,	'oki_7',	1,	0,	0,	1566304142,	0),
(85,	44,	56,	1,	1,	759,	1,	2,	'sovet_tc1',	1,	0,	0,	1566304142,	0),
(86,	44,	56,	1,	1,	762,	2,	2,	'sovet_tc2',	1,	0,	0,	1566304142,	0),
(87,	42,	56,	1,	1,	765,	146,	2,	'elektronika_botrk-16',	1,	0,	0,	1566304142,	0),
(88,	45,	56,	1,	1,	766,	24,	2,	'televizor_horizont4',	1,	0,	0,	1566304142,	0),
(89,	45,	56,	1,	1,	767,	1,	2,	'televizor_horizont',	1,	0,	0,	1566304142,	0),
(90,	42,	56,	1,	1,	769,	147,	2,	'oki_garen-1',	1,	0,	0,	1566304142,	0),
(91,	42,	56,	1,	1,	771,	148,	2,	'elektronika_trist-r90',	1,	0,	0,	1566304143,	0),
(92,	43,	56,	1,	1,	772,	1,	2,	'moskwich',	1,	0,	0,	1566304142,	0),
(93,	43,	56,	1,	1,	774,	2,	2,	'soviet_b1',	1,	0,	0,	1566304142,	0),
(94,	43,	56,	1,	1,	775,	3,	2,	'soviet_ba',	1,	0,	0,	1566304142,	0),
(95,	43,	56,	1,	1,	776,	4,	2,	'soviet_t7',	1,	0,	0,	1566304142,	0),
(96,	43,	56,	1,	1,	777,	149,	2,	'moskwich_singed12',	1,	0,	0,	1566304143,	0),
(97,	44,	56,	1,	1,	778,	3,	2,	'sovet_tc3',	1,	0,	0,	1566304142,	0),
(98,	44,	56,	1,	1,	779,	144,	2,	'sovet_wb-435',	1,	0,	0,	1566304142,	0),
(99,	44,	56,	1,	1,	780,	145,	2,	'sovet_bc-hook',	1,	0,	0,	1566304142,	0),
(100,	46,	56,	1,	1,	782,	1,	2,	'magn_208',	1,	0,	0,	1566304142,	0),
(101,	46,	56,	1,	1,	783,	2,	2,	'sony_tc640',	1,	0,	0,	1566304142,	0),
(102,	46,	56,	1,	1,	784,	3,	2,	'magn_315',	1,	0,	0,	1566304142,	0),
(103,	46,	56,	1,	1,	786,	142,	2,	'magn_ss-top',	1,	0,	0,	1566304142,	0),
(104,	46,	56,	1,	1,	787,	143,	2,	'sony_ace-5',	1,	0,	0,	1566304142,	0),
(105,	47,	56,	1,	1,	788,	135,	2,	'player_b783',	1,	0,	0,	1566304142,	0),
(106,	47,	56,	1,	1,	789,	136,	2,	'plaer_n78',	1,	0,	0,	1566304142,	0),
(107,	48,	56,	1,	1,	790,	2,	2,	'pioneer_m150',	1,	0,	0,	1566304142,	0),
(108,	48,	56,	1,	1,	791,	3,	2,	'technics_sbg800',	1,	0,	0,	1566304142,	0),
(109,	48,	56,	1,	1,	792,	140,	2,	'coral_gg-wp',	1,	0,	0,	1566304142,	0),
(110,	48,	56,	1,	1,	793,	141,	2,	'pioneer_gl-hf',	1,	0,	0,	1566304142,	0),
(111,	49,	56,	1,	1,	794,	137,	2,	'teac_2525',	1,	0,	0,	1566304142,	0),
(112,	49,	56,	1,	1,	795,	138,	2,	'teac_bb-200',	1,	0,	0,	1566304142,	0),
(113,	49,	56,	1,	1,	796,	139,	2,	'teac_ps-4',	1,	0,	0,	1566304142,	0),
(114,	50,	56,	1,	1,	798,	1,	2,	'fy8850',	1,	0,	0,	1566304142,	0),
(115,	50,	56,	1,	1,	799,	2,	2,	'gsm_cl4',	1,	0,	0,	1566304142,	0),
(116,	50,	56,	1,	1,	800,	150,	2,	'fy-lr1250',	1,	0,	0,	1566304143,	0),
(117,	50,	56,	1,	1,	802,	151,	2,	'gsm_bf1550',	1,	0,	0,	1566304143,	0),
(118,	50,	56,	1,	1,	803,	152,	2,	'fy_push888',	1,	0,	0,	1566304143,	0),
(119,	2,	56,	1,	1,	804,	1,	2,	'ericssont_415',	1,	0,	0,	1566304142,	0),
(120,	2,	56,	1,	1,	805,	155,	2,	'ericssont_disen9',	1,	0,	0,	1566304143,	0),
(121,	2,	56,	1,	1,	806,	156,	2,	'ericssont_tome2',	1,	0,	0,	1566304143,	0),
(122,	2,	56,	1,	1,	808,	157,	2,	'ericssont_ashe-53',	1,	0,	0,	1566304143,	0),
(123,	51,	56,	1,	1,	809,	1,	2,	'elektronika_71',	1,	0,	0,	1566304141,	0),
(124,	51,	56,	1,	1,	810,	2,	2,	'mpad_2000',	1,	0,	0,	1566304142,	0),
(125,	51,	56,	1,	1,	811,	3,	2,	'newton',	1,	0,	0,	1566304142,	0),
(126,	51,	56,	1,	1,	812,	153,	2,	'elektronika_ie3800',	1,	0,	0,	1566304143,	0),
(127,	51,	56,	1,	1,	813,	154,	2,	'mpad_inhib100',	1,	0,	0,	1566304143,	0),
(128,	89,	39,	1,	1,	814,	5,	2,	're_televizor_horizont',	1,	0,	0,	1566304139,	0),
(129,	89,	39,	1,	1,	815,	6,	2,	're_televizor_horizont1',	0,	0,	0,	1566304139,	0),
(130,	89,	39,	1,	1,	816,	7,	2,	're_televizor_horizont2',	0,	0,	0,	1566304139,	0),
(131,	5,	29,	1,	1,	817,	2,	2,	'speshite_akciya',	1,	0,	0,	1566304139,	0),
(132,	5,	29,	1,	1,	818,	1,	2,	'ne_speshite_ona_zakonchilas',	1,	0,	0,	1566304139,	0),
(133,	41,	56,	1,	1,	819,	127,	2,	'dvd_4',	1,	0,	0,	1566304142,	0),
(134,	41,	56,	1,	1,	820,	128,	2,	'dvd_5',	1,	0,	0,	1566304142,	0),
(135,	41,	56,	1,	1,	821,	129,	2,	'dvd_6',	1,	0,	0,	1566304142,	0),
(136,	41,	56,	1,	1,	822,	130,	2,	'dvd_3',	1,	0,	0,	1566304142,	0),
(137,	41,	56,	1,	1,	823,	131,	2,	'dvd_7',	1,	0,	0,	1566304142,	0),
(138,	41,	56,	1,	1,	824,	132,	2,	'dvd_9',	1,	0,	0,	1566304142,	0),
(139,	41,	56,	1,	1,	825,	134,	2,	'dvd_12',	1,	0,	0,	1566304142,	0),
(140,	41,	56,	1,	1,	826,	133,	2,	'dvd_11',	1,	0,	0,	1566304142,	0),
(141,	76,	39,	1,	1,	827,	1,	2,	're_televizor_panasonic',	1,	1,	0,	1566304130,	0),
(142,	76,	39,	1,	1,	828,	2,	2,	're_televizor_panasonic1',	1,	1,	0,	1566304130,	0),
(143,	76,	39,	1,	1,	829,	3,	2,	're_televizor_panasonic',	1,	0,	0,	1566304130,	0),
(144,	55,	39,	1,	1,	830,	1,	2,	're_akai_ap-a206c',	1,	1,	0,	1566304130,	0),
(145,	55,	39,	1,	1,	831,	2,	2,	're_akai_ap-a206c',	1,	0,	0,	1566304130,	0),
(146,	62,	39,	1,	1,	833,	1,	2,	'fweffwe',	1,	1,	0,	1566304130,	0),
(147,	1,	39,	1,	1,	834,	1,	2,	're_ericssont_450',	1,	1,	0,	1566304130,	0),
(148,	1,	39,	1,	1,	835,	2,	2,	're_ericssont_450',	1,	0,	0,	1566304130,	0),
(149,	12,	35,	1,	1,	836,	1,	2,	'elektronika_432d',	1,	0,	0,	1566304121,	0),
(150,	149,	34,	1,	1,	837,	1,	2,	'bravo',	1,	0,	0,	1566304130,	0),
(151,	13,	49,	1,	1,	838,	1,	2,	's_chego_nachat',	1,	0,	0,	1566304121,	0),
(152,	151,	50,	1,	1,	839,	1,	2,	'kak_snyat_korpus',	1,	0,	0,	1566304121,	0),
(153,	151,	50,	1,	1,	840,	2,	2,	'nuzhno_li_vyklyuchat_pribor',	1,	0,	0,	1566304130,	0),
(154,	15,	38,	1,	1,	841,	1,	2,	'ya_vybral_m-150_chto_skazhete',	1,	0,	0,	1566304130,	0),
(155,	17,	47,	1,	1,	842,	1,	2,	'optovolokonnyj_razem',	1,	0,	0,	1566304121,	0),
(156,	17,	47,	1,	1,	843,	2,	2,	'bnc_connector',	1,	0,	0,	1566304121,	0),
(157,	17,	47,	1,	1,	844,	3,	2,	'razem_dlya_psp',	1,	0,	0,	1566304121,	0),
(158,	17,	47,	1,	1,	845,	4,	2,	'razem_firewire',	1,	0,	0,	1566304121,	0),
(159,	20,	55,	2,	1,	846,	29,	3,	'dvd_tehnika',	1,	0,	0,	1566304139,	0),
(160,	20,	55,	2,	1,	847,	42,	3,	'audiotehnika',	1,	0,	0,	1566304139,	0),
(161,	20,	55,	2,	1,	848,	58,	3,	'televizory',	1,	0,	0,	1566304139,	0),
(162,	20,	55,	2,	1,	849,	81,	3,	'mobil_naya_svyaz',	1,	0,	0,	1566304139,	0),
(163,	159,	55,	2,	1,	850,	30,	3,	'dvd_pleery',	1,	0,	0,	1566304139,	0),
(164,	159,	55,	2,	1,	851,	35,	3,	'dvd_rekordery',	1,	0,	0,	1566304139,	0),
(165,	159,	55,	2,	1,	852,	39,	3,	'dvd_diski',	1,	0,	1,	1566304139,	0),
(166,	163,	56,	2,	1,	853,	31,	3,	'akai_apa206c',	1,	0,	0,	1566304139,	0),
(167,	168,	56,	2,	1,	854,	48,	3,	'plaer_t2',	1,	0,	0,	1566304139,	0),
(168,	160,	55,	2,	1,	855,	46,	3,	'pleery',	1,	0,	0,	1566304139,	0),
(169,	168,	56,	2,	1,	856,	49,	3,	'plaer_t3',	1,	0,	0,	1566304139,	0),
(170,	171,	56,	2,	1,	857,	45,	3,	'teac_lpr400',	1,	0,	0,	1566304139,	0),
(171,	160,	55,	2,	1,	858,	43,	3,	'muzykal_nye_centry',	1,	0,	0,	1566304139,	0),
(172,	163,	56,	2,	1,	859,	33,	3,	'sony_ps6750',	1,	0,	0,	1566304139,	0),
(173,	163,	56,	2,	1,	860,	34,	3,	'toshiba_srq660',	1,	0,	0,	1566304139,	0),
(174,	166,	39,	2,	1,	861,	32,	3,	're_akai_ap-a206c',	1,	0,	0,	1566304139,	0),
(175,	164,	56,	2,	1,	862,	36,	3,	'dual_c819',	1,	0,	0,	1566304139,	0),
(176,	164,	56,	2,	1,	863,	37,	3,	'pioneer_ct970',	1,	0,	0,	1566304139,	0),
(177,	164,	56,	2,	1,	864,	38,	3,	'toshiba_pcx6ad',	1,	0,	0,	1566304139,	0),
(178,	165,	56,	2,	1,	865,	40,	3,	'dvd_1',	1,	0,	0,	1566304139,	0),
(179,	165,	56,	2,	1,	866,	41,	3,	'dvd_2',	1,	0,	0,	1566304139,	0),
(180,	160,	55,	2,	1,	867,	50,	3,	'acoustics',	1,	0,	0,	1566304140,	0),
(181,	160,	55,	2,	1,	868,	54,	3,	'magnitofony',	1,	0,	0,	1566304140,	0),
(182,	171,	56,	2,	1,	869,	44,	3,	'teac-gf650',	1,	0,	0,	1566304140,	0),
(183,	168,	56,	2,	1,	870,	47,	3,	'player_a4',	1,	0,	0,	1566304140,	0),
(184,	180,	56,	2,	1,	871,	51,	3,	'coral_cx7',	1,	0,	0,	1566304140,	0),
(185,	180,	56,	2,	1,	872,	52,	3,	'pioneer_m150',	1,	0,	0,	1566304140,	0),
(186,	180,	56,	2,	1,	873,	53,	3,	'technics_sbg800',	1,	0,	0,	1566304140,	0),
(187,	181,	56,	2,	1,	874,	55,	3,	'magn_208',	1,	0,	0,	1566304140,	0),
(188,	181,	56,	2,	1,	875,	56,	3,	'sony_tc640',	1,	0,	0,	1566304140,	0),
(189,	181,	56,	2,	1,	876,	57,	3,	'magn_315',	1,	0,	0,	1566304140,	0),
(190,	161,	55,	2,	1,	877,	59,	3,	'zhk_televizory',	1,	0,	0,	1566304140,	0),
(191,	161,	55,	2,	1,	878,	69,	3,	'cvetnye_televizory',	1,	0,	0,	1566304140,	0),
(192,	161,	55,	2,	1,	879,	73,	3,	'port_televi',	1,	0,	0,	1566304140,	0),
(193,	161,	55,	2,	1,	880,	76,	3,	'cherno-belye_televizory',	1,	0,	0,	1566304140,	0),
(194,	190,	56,	2,	1,	881,	65,	3,	'televizor_horizont2',	1,	0,	0,	1566304140,	0),
(195,	190,	56,	2,	1,	882,	68,	3,	'televizor_horizont4',	1,	0,	0,	1566304140,	0),
(196,	190,	56,	2,	1,	883,	67,	3,	'televizor_horizont3',	1,	0,	0,	1566304140,	0),
(197,	190,	56,	2,	1,	884,	60,	3,	'televizor_horizont',	1,	0,	0,	1566304140,	0),
(198,	190,	56,	2,	1,	885,	64,	3,	'televizor_horizont1',	1,	0,	0,	1566304140,	0),
(199,	197,	39,	2,	1,	886,	61,	3,	're_televizor_horizont',	1,	0,	0,	1566304140,	0),
(200,	197,	39,	2,	1,	887,	62,	3,	're_televizor_horizont1',	0,	0,	0,	1566304140,	0),
(201,	197,	39,	2,	1,	888,	63,	3,	're_televizor_horizont2',	0,	0,	0,	1566304140,	0),
(202,	194,	39,	2,	1,	889,	66,	3,	're_televizor_panasonic',	1,	0,	0,	1566304140,	0),
(203,	191,	56,	2,	1,	890,	70,	3,	'sovet_tc1',	1,	0,	0,	1566304140,	0),
(204,	191,	56,	2,	1,	891,	71,	3,	'sovet_tc2',	1,	0,	0,	1566304140,	0),
(205,	191,	56,	2,	1,	892,	72,	3,	'sovet_tc3',	1,	0,	0,	1566304140,	0),
(206,	192,	56,	2,	1,	893,	74,	3,	'elektronika_432',	1,	0,	0,	1566304140,	0),
(207,	192,	56,	2,	1,	894,	75,	3,	'oki_7',	1,	0,	0,	1566304140,	0),
(208,	193,	56,	2,	1,	895,	77,	3,	'moskwich',	1,	0,	0,	1566304140,	0),
(209,	193,	56,	2,	1,	896,	78,	3,	'soviet_b1',	1,	0,	0,	1566304140,	0),
(210,	193,	56,	2,	1,	897,	79,	3,	'soviet_ba',	1,	0,	0,	1566304140,	0),
(211,	193,	56,	2,	1,	898,	80,	3,	'soviet_t7',	1,	0,	0,	1566304140,	0),
(212,	162,	55,	2,	1,	899,	82,	3,	'telefony_gsm',	1,	0,	0,	1566304140,	0),
(213,	162,	55,	2,	1,	900,	85,	3,	'kommunikatory',	1,	0,	0,	1566304140,	0),
(214,	162,	55,	2,	1,	901,	89,	3,	'smartfony',	1,	0,	0,	1566304140,	0),
(215,	212,	56,	2,	1,	902,	83,	3,	'fy8850',	1,	0,	0,	1566304140,	0),
(216,	212,	56,	2,	1,	903,	84,	3,	'gsm_cl4',	1,	0,	0,	1566304140,	0),
(217,	213,	56,	2,	1,	904,	86,	3,	'elektronika_71',	1,	0,	0,	1566304140,	0),
(218,	213,	56,	2,	1,	905,	87,	3,	'mpad_2000',	1,	0,	0,	1566304140,	0),
(219,	213,	56,	2,	1,	906,	88,	3,	'newton',	1,	0,	0,	1566304140,	0),
(220,	214,	56,	2,	1,	907,	90,	3,	'ericssont_415',	1,	0,	0,	1566304140,	0),
(221,	214,	56,	2,	1,	908,	91,	3,	'ericssont_450',	1,	0,	0,	1566304140,	0),
(222,	221,	39,	2,	1,	909,	92,	3,	're_ericssont_450',	1,	0,	0,	1566304140,	0),
(223,	21,	29,	2,	1,	910,	94,	3,	'ne_speshite_ona_zakonchilas',	1,	0,	0,	1566304140,	0),
(224,	21,	29,	2,	1,	911,	95,	3,	'speshite_akciya',	1,	0,	0,	1566304140,	0),
(225,	27,	35,	2,	1,	912,	103,	3,	'elektronika_432d',	1,	0,	0,	1566304140,	0),
(226,	225,	34,	2,	1,	913,	104,	3,	'bravo',	1,	0,	0,	1566304140,	0),
(227,	28,	49,	2,	1,	914,	106,	3,	's_chego_nachat',	1,	0,	0,	1566304140,	0),
(228,	227,	50,	2,	1,	915,	107,	3,	'kak_snyat_korpus',	1,	0,	0,	1566304140,	0),
(229,	227,	50,	2,	1,	916,	108,	3,	'nuzhno_li_vyklyuchat_pribor',	1,	0,	0,	1566304140,	0),
(230,	30,	38,	2,	1,	917,	111,	3,	'ya_vybral_m-150_chto_skazhete',	1,	0,	0,	1566304140,	0),
(231,	32,	47,	2,	1,	918,	114,	3,	'optovolokonnyj_razem',	1,	0,	0,	1566304140,	0),
(232,	32,	47,	2,	1,	919,	115,	3,	'bnc_connector',	1,	0,	0,	1566304140,	0),
(233,	32,	47,	2,	1,	920,	116,	3,	'razem_dlya_psp',	1,	0,	0,	1566304140,	0),
(234,	32,	47,	2,	1,	921,	117,	3,	'razem_firewire',	1,	0,	0,	1566304140,	0),
(235,	0,	67,	1,	1,	1565,	120,	2,	'appointment1',	1,	0,	1,	1566304141,	0);

DROP TABLE IF EXISTS `cms3_hierarchy_relations`;
CREATE TABLE `cms3_hierarchy_relations` (
  `id` int(10) unsigned NOT NULL AUTO_INCREMENT,
  `rel_id` int(10) unsigned DEFAULT NULL,
  `child_id` int(10) unsigned DEFAULT NULL,
  `level` int(10) unsigned DEFAULT NULL,
  PRIMARY KEY (`id`),
  KEY `rel_id` (`rel_id`),
  KEY `child_id` (`child_id`),
  KEY `level` (`level`),
  CONSTRAINT `Hierarchy relation by child_id` FOREIGN KEY (`child_id`) REFERENCES `cms3_hierarchy` (`id`) ON DELETE CASCADE ON UPDATE CASCADE,
  CONSTRAINT `Hierarchy relation by rel_id` FOREIGN KEY (`rel_id`) REFERENCES `cms3_hierarchy` (`id`) ON DELETE CASCADE ON UPDATE CASCADE
) ENGINE=InnoDB DEFAULT CHARSET=utf8;

INSERT INTO `cms3_hierarchy_relations` (`id`, `rel_id`, `child_id`, `level`) VALUES
(3,	NULL,	3,	0),
(4,	NULL,	4,	0),
(5,	NULL,	5,	0),
(6,	NULL,	6,	0),
(7,	NULL,	7,	0),
(8,	NULL,	8,	0),
(9,	NULL,	9,	0),
(10,	NULL,	10,	0),
(11,	NULL,	11,	0),
(12,	NULL,	12,	0),
(13,	NULL,	13,	0),
(17,	NULL,	17,	0),
(18,	NULL,	18,	0),
(19,	NULL,	19,	0),
(20,	NULL,	20,	0),
(21,	NULL,	21,	0),
(22,	NULL,	22,	0),
(23,	NULL,	23,	0),
(24,	NULL,	24,	0),
(25,	NULL,	25,	0),
(26,	NULL,	26,	0),
(27,	NULL,	27,	0),
(28,	NULL,	28,	0),
(32,	NULL,	32,	0),
(33,	NULL,	33,	0),
(34,	NULL,	34,	0),
(35,	NULL,	35,	1),
(36,	4,	35,	1),
(37,	NULL,	36,	1),
(38,	4,	36,	1),
(39,	NULL,	37,	1),
(40,	4,	37,	1),
(43,	NULL,	39,	2),
(44,	4,	39,	2),
(46,	35,	39,	2),
(47,	NULL,	40,	2),
(48,	4,	40,	2),
(50,	35,	40,	2),
(51,	NULL,	41,	2),
(52,	4,	41,	2),
(54,	35,	41,	2),
(55,	NULL,	42,	2),
(56,	4,	42,	2),
(58,	36,	42,	2),
(59,	NULL,	43,	2),
(60,	4,	43,	2),
(62,	36,	43,	2),
(63,	NULL,	44,	2),
(64,	4,	44,	2),
(66,	36,	44,	2),
(67,	NULL,	45,	2),
(68,	4,	45,	2),
(70,	36,	45,	2),
(71,	NULL,	46,	2),
(72,	4,	46,	2),
(74,	37,	46,	2),
(75,	NULL,	47,	2),
(76,	4,	47,	2),
(78,	37,	47,	2),
(79,	NULL,	48,	2),
(80,	4,	48,	2),
(82,	37,	48,	2),
(83,	NULL,	49,	2),
(84,	4,	49,	2),
(86,	37,	49,	2),
(95,	NULL,	52,	3),
(96,	4,	52,	3),
(97,	37,	52,	3),
(98,	47,	52,	3),
(99,	NULL,	53,	3),
(100,	4,	53,	3),
(101,	37,	53,	3),
(102,	47,	53,	3),
(103,	NULL,	54,	3),
(104,	4,	54,	3),
(105,	37,	54,	3),
(106,	49,	54,	3),
(107,	NULL,	55,	3),
(108,	4,	55,	3),
(109,	35,	55,	3),
(110,	39,	55,	3),
(111,	NULL,	56,	3),
(112,	4,	56,	3),
(113,	37,	56,	3),
(114,	47,	56,	3),
(115,	NULL,	57,	3),
(116,	4,	57,	3),
(117,	37,	57,	3),
(118,	49,	57,	3),
(119,	NULL,	58,	3),
(120,	4,	58,	3),
(121,	35,	58,	3),
(122,	39,	58,	3),
(123,	NULL,	59,	3),
(124,	4,	59,	3),
(125,	37,	59,	3),
(126,	48,	59,	3),
(127,	NULL,	60,	3),
(128,	4,	60,	3),
(129,	35,	60,	3),
(130,	39,	60,	3),
(131,	NULL,	61,	3),
(132,	4,	61,	3),
(133,	35,	61,	3),
(134,	39,	61,	3),
(135,	NULL,	62,	3),
(136,	4,	62,	3),
(137,	35,	62,	3),
(138,	41,	62,	3),
(139,	NULL,	63,	3),
(140,	4,	63,	3),
(141,	35,	63,	3),
(142,	39,	63,	3),
(143,	NULL,	64,	3),
(144,	4,	64,	3),
(145,	36,	64,	3),
(146,	45,	64,	3),
(147,	NULL,	65,	3),
(148,	4,	65,	3),
(149,	35,	65,	3),
(150,	39,	65,	3),
(151,	NULL,	66,	3),
(152,	4,	66,	3),
(153,	35,	66,	3),
(154,	39,	66,	3),
(155,	NULL,	67,	3),
(156,	4,	67,	3),
(157,	35,	67,	3),
(158,	39,	67,	3),
(159,	NULL,	68,	3),
(160,	4,	68,	3),
(161,	35,	68,	3),
(162,	41,	68,	3),
(163,	NULL,	69,	3),
(164,	4,	69,	3),
(165,	35,	69,	3),
(166,	39,	69,	3),
(167,	NULL,	70,	3),
(168,	4,	70,	3),
(169,	36,	70,	3),
(170,	45,	70,	3),
(171,	NULL,	71,	3),
(172,	4,	71,	3),
(173,	35,	71,	3),
(174,	39,	71,	3),
(175,	NULL,	72,	3),
(176,	4,	72,	3),
(177,	35,	72,	3),
(178,	40,	72,	3),
(179,	NULL,	73,	3),
(180,	4,	73,	3),
(181,	35,	73,	3),
(182,	40,	73,	3),
(183,	NULL,	74,	3),
(184,	4,	74,	3),
(185,	35,	74,	3),
(186,	40,	74,	3),
(187,	NULL,	75,	3),
(188,	4,	75,	3),
(189,	35,	75,	3),
(190,	40,	75,	3),
(191,	NULL,	76,	3),
(192,	4,	76,	3),
(193,	36,	76,	3),
(194,	45,	76,	3),
(195,	NULL,	77,	3),
(196,	4,	77,	3),
(197,	35,	77,	3),
(198,	40,	77,	3),
(199,	NULL,	78,	3),
(200,	4,	78,	3),
(201,	35,	78,	3),
(202,	40,	78,	3),
(203,	NULL,	79,	3),
(204,	4,	79,	3),
(205,	35,	79,	3),
(206,	40,	79,	3),
(207,	NULL,	80,	3),
(208,	4,	80,	3),
(209,	35,	80,	3),
(210,	40,	80,	3),
(211,	NULL,	81,	3),
(212,	4,	81,	3),
(213,	35,	81,	3),
(214,	40,	81,	3),
(215,	NULL,	82,	3),
(216,	4,	82,	3),
(217,	35,	82,	3),
(218,	40,	82,	3),
(219,	NULL,	83,	3),
(220,	4,	83,	3),
(221,	36,	83,	3),
(222,	42,	83,	3),
(223,	NULL,	84,	3),
(224,	4,	84,	3),
(225,	36,	84,	3),
(226,	42,	84,	3),
(227,	NULL,	85,	3),
(228,	4,	85,	3),
(229,	36,	85,	3),
(230,	44,	85,	3),
(231,	NULL,	86,	3),
(232,	4,	86,	3),
(233,	36,	86,	3),
(234,	44,	86,	3),
(235,	NULL,	87,	3),
(236,	4,	87,	3),
(237,	36,	87,	3),
(238,	42,	87,	3),
(239,	NULL,	88,	3),
(240,	4,	88,	3),
(241,	36,	88,	3),
(242,	45,	88,	3),
(243,	NULL,	89,	3),
(244,	4,	89,	3),
(245,	36,	89,	3),
(246,	45,	89,	3),
(247,	NULL,	90,	3),
(248,	4,	90,	3),
(249,	36,	90,	3),
(250,	42,	90,	3),
(251,	NULL,	91,	3),
(252,	4,	91,	3),
(253,	36,	91,	3),
(254,	42,	91,	3),
(255,	NULL,	92,	3),
(256,	4,	92,	3),
(257,	36,	92,	3),
(258,	43,	92,	3),
(259,	NULL,	93,	3),
(260,	4,	93,	3),
(261,	36,	93,	3),
(262,	43,	93,	3),
(263,	NULL,	94,	3),
(264,	4,	94,	3),
(265,	36,	94,	3),
(266,	43,	94,	3),
(267,	NULL,	95,	3),
(268,	4,	95,	3),
(269,	36,	95,	3),
(270,	43,	95,	3),
(271,	NULL,	96,	3),
(272,	4,	96,	3),
(273,	36,	96,	3),
(274,	43,	96,	3),
(275,	NULL,	97,	3),
(276,	4,	97,	3),
(277,	36,	97,	3),
(278,	44,	97,	3),
(279,	NULL,	98,	3),
(280,	4,	98,	3),
(281,	36,	98,	3),
(282,	44,	98,	3),
(283,	NULL,	99,	3),
(284,	4,	99,	3),
(285,	36,	99,	3),
(286,	44,	99,	3),
(287,	NULL,	100,	3),
(288,	4,	100,	3),
(289,	37,	100,	3),
(290,	46,	100,	3),
(291,	NULL,	101,	3),
(292,	4,	101,	3),
(293,	37,	101,	3),
(294,	46,	101,	3),
(295,	NULL,	102,	3),
(296,	4,	102,	3),
(297,	37,	102,	3),
(298,	46,	102,	3),
(299,	NULL,	103,	3),
(300,	4,	103,	3),
(301,	37,	103,	3),
(302,	46,	103,	3),
(303,	NULL,	104,	3),
(304,	4,	104,	3),
(305,	37,	104,	3),
(306,	46,	104,	3),
(307,	NULL,	105,	3),
(308,	4,	105,	3),
(309,	37,	105,	3),
(310,	47,	105,	3),
(311,	NULL,	106,	3),
(312,	4,	106,	3),
(313,	37,	106,	3),
(314,	47,	106,	3),
(315,	NULL,	107,	3),
(316,	4,	107,	3),
(317,	37,	107,	3),
(318,	48,	107,	3),
(319,	NULL,	108,	3),
(320,	4,	108,	3),
(321,	37,	108,	3),
(322,	48,	108,	3),
(323,	NULL,	109,	3),
(324,	4,	109,	3),
(325,	37,	109,	3),
(326,	48,	109,	3),
(327,	NULL,	110,	3),
(328,	4,	110,	3),
(329,	37,	110,	3),
(330,	48,	110,	3),
(331,	NULL,	111,	3),
(332,	4,	111,	3),
(333,	37,	111,	3),
(334,	49,	111,	3),
(335,	NULL,	112,	3),
(336,	4,	112,	3),
(337,	37,	112,	3),
(338,	49,	112,	3),
(339,	NULL,	113,	3),
(340,	4,	113,	3),
(341,	37,	113,	3),
(342,	49,	113,	3),
(391,	NULL,	128,	4),
(392,	4,	128,	4),
(393,	36,	128,	4),
(394,	45,	128,	4),
(398,	89,	128,	4),
(399,	NULL,	129,	4),
(400,	4,	129,	4),
(401,	36,	129,	4),
(402,	45,	129,	4),
(406,	89,	129,	4),
(407,	NULL,	130,	4),
(408,	4,	130,	4),
(409,	36,	130,	4),
(410,	45,	130,	4),
(414,	89,	130,	4),
(415,	NULL,	131,	1),
(416,	5,	131,	1),
(417,	NULL,	132,	1),
(418,	5,	132,	1),
(419,	NULL,	133,	3),
(420,	4,	133,	3),
(421,	35,	133,	3),
(422,	41,	133,	3),
(423,	NULL,	134,	3),
(424,	4,	134,	3),
(425,	35,	134,	3),
(426,	41,	134,	3),
(427,	NULL,	135,	3),
(428,	4,	135,	3),
(429,	35,	135,	3),
(430,	41,	135,	3),
(431,	NULL,	136,	3),
(432,	4,	136,	3),
(433,	35,	136,	3),
(434,	41,	136,	3),
(435,	NULL,	137,	3),
(436,	4,	137,	3),
(437,	35,	137,	3),
(438,	41,	137,	3),
(439,	NULL,	138,	3),
(440,	4,	138,	3),
(441,	35,	138,	3),
(442,	41,	138,	3),
(443,	NULL,	139,	3),
(444,	4,	139,	3),
(445,	35,	139,	3),
(446,	41,	139,	3),
(447,	NULL,	140,	3),
(448,	4,	140,	3),
(449,	35,	140,	3),
(450,	41,	140,	3),
(451,	NULL,	141,	4),
(452,	4,	141,	4),
(453,	36,	141,	4),
(454,	45,	141,	4),
(458,	76,	141,	4),
(459,	NULL,	142,	4),
(460,	4,	142,	4),
(461,	36,	142,	4),
(462,	45,	142,	4),
(466,	76,	142,	4),
(467,	NULL,	143,	4),
(468,	4,	143,	4),
(469,	36,	143,	4),
(470,	45,	143,	4),
(474,	76,	143,	4),
(475,	NULL,	144,	4),
(476,	4,	144,	4),
(477,	35,	144,	4),
(478,	39,	144,	4),
(482,	55,	144,	4),
(483,	NULL,	145,	4),
(484,	4,	145,	4),
(485,	35,	145,	4),
(486,	39,	145,	4),
(490,	55,	145,	4),
(491,	NULL,	146,	4),
(492,	4,	146,	4),
(493,	35,	146,	4),
(494,	41,	146,	4),
(498,	62,	146,	4),
(503,	NULL,	149,	1),
(504,	12,	149,	1),
(505,	NULL,	150,	2),
(506,	12,	150,	2),
(508,	149,	150,	2),
(509,	NULL,	151,	1),
(510,	13,	151,	1),
(511,	NULL,	152,	2),
(512,	13,	152,	2),
(514,	151,	152,	2),
(515,	NULL,	153,	2),
(516,	13,	153,	2),
(518,	151,	153,	2),
(521,	NULL,	155,	1),
(522,	17,	155,	1),
(523,	NULL,	156,	1),
(524,	17,	156,	1),
(525,	NULL,	157,	1),
(526,	17,	157,	1),
(527,	NULL,	158,	1),
(528,	17,	158,	1),
(529,	NULL,	159,	1),
(530,	20,	159,	1),
(531,	NULL,	160,	1),
(532,	20,	160,	1),
(533,	NULL,	161,	1),
(534,	20,	161,	1),
(535,	NULL,	162,	1),
(536,	20,	162,	1),
(537,	NULL,	163,	2),
(538,	20,	163,	2),
(540,	159,	163,	2),
(541,	NULL,	164,	2),
(542,	20,	164,	2),
(544,	159,	164,	2),
(545,	NULL,	165,	2),
(546,	20,	165,	2),
(548,	159,	165,	2),
(549,	NULL,	166,	3),
(550,	20,	166,	3),
(551,	159,	166,	3),
(552,	163,	166,	3),
(567,	NULL,	172,	3),
(568,	20,	172,	3),
(569,	159,	172,	3),
(570,	163,	172,	3),
(571,	NULL,	173,	3),
(572,	20,	173,	3),
(573,	159,	173,	3),
(574,	163,	173,	3),
(575,	NULL,	174,	4),
(576,	20,	174,	4),
(577,	159,	174,	4),
(578,	163,	174,	4),
(582,	166,	174,	4),
(583,	NULL,	175,	3),
(584,	20,	175,	3),
(585,	159,	175,	3),
(586,	164,	175,	3),
(587,	NULL,	176,	3),
(588,	20,	176,	3),
(589,	159,	176,	3),
(590,	164,	176,	3),
(591,	NULL,	177,	3),
(592,	20,	177,	3),
(593,	159,	177,	3),
(594,	164,	177,	3),
(595,	NULL,	178,	3),
(596,	20,	178,	3),
(597,	159,	178,	3),
(598,	165,	178,	3),
(599,	NULL,	179,	3),
(600,	20,	179,	3),
(601,	159,	179,	3),
(602,	165,	179,	3),
(603,	NULL,	180,	2),
(604,	20,	180,	2),
(606,	160,	180,	2),
(607,	NULL,	181,	2),
(608,	20,	181,	2),
(610,	160,	181,	2),
(619,	NULL,	184,	3),
(620,	20,	184,	3),
(621,	160,	184,	3),
(622,	180,	184,	3),
(623,	NULL,	185,	3),
(624,	20,	185,	3),
(625,	160,	185,	3),
(626,	180,	185,	3),
(627,	NULL,	186,	3),
(628,	20,	186,	3),
(629,	160,	186,	3),
(630,	180,	186,	3),
(631,	NULL,	187,	3),
(632,	20,	187,	3),
(633,	160,	187,	3),
(634,	181,	187,	3),
(635,	NULL,	188,	3),
(636,	20,	188,	3),
(637,	160,	188,	3),
(638,	181,	188,	3),
(639,	NULL,	189,	3),
(640,	20,	189,	3),
(641,	160,	189,	3),
(642,	181,	189,	3),
(643,	NULL,	190,	2),
(644,	20,	190,	2),
(646,	161,	190,	2),
(647,	NULL,	191,	2),
(648,	20,	191,	2),
(650,	161,	191,	2),
(651,	NULL,	192,	2),
(652,	20,	192,	2),
(654,	161,	192,	2),
(655,	NULL,	193,	2),
(656,	20,	193,	2),
(658,	161,	193,	2),
(659,	NULL,	194,	3),
(660,	20,	194,	3),
(661,	161,	194,	3),
(662,	190,	194,	3),
(663,	NULL,	195,	3),
(664,	20,	195,	3),
(665,	161,	195,	3),
(666,	190,	195,	3),
(667,	NULL,	196,	3),
(668,	20,	196,	3),
(669,	161,	196,	3),
(670,	190,	196,	3),
(671,	NULL,	197,	3),
(672,	20,	197,	3),
(673,	161,	197,	3),
(674,	190,	197,	3),
(675,	NULL,	198,	3),
(676,	20,	198,	3),
(677,	161,	198,	3),
(678,	190,	198,	3),
(679,	NULL,	199,	4),
(680,	20,	199,	4),
(681,	161,	199,	4),
(682,	190,	199,	4),
(686,	197,	199,	4),
(687,	NULL,	200,	4),
(688,	20,	200,	4),
(689,	161,	200,	4),
(690,	190,	200,	4),
(694,	197,	200,	4),
(695,	NULL,	201,	4),
(696,	20,	201,	4),
(697,	161,	201,	4),
(698,	190,	201,	4),
(702,	197,	201,	4),
(703,	NULL,	202,	4),
(704,	20,	202,	4),
(705,	161,	202,	4),
(706,	190,	202,	4),
(710,	194,	202,	4),
(711,	NULL,	203,	3),
(712,	20,	203,	3),
(713,	161,	203,	3),
(714,	191,	203,	3),
(715,	NULL,	204,	3),
(716,	20,	204,	3),
(717,	161,	204,	3),
(718,	191,	204,	3),
(719,	NULL,	205,	3),
(720,	20,	205,	3),
(721,	161,	205,	3),
(722,	191,	205,	3),
(723,	NULL,	206,	3),
(724,	20,	206,	3),
(725,	161,	206,	3),
(726,	192,	206,	3),
(727,	NULL,	207,	3),
(728,	20,	207,	3),
(729,	161,	207,	3),
(730,	192,	207,	3),
(731,	NULL,	208,	3),
(732,	20,	208,	3),
(733,	161,	208,	3),
(734,	193,	208,	3),
(735,	NULL,	209,	3),
(736,	20,	209,	3),
(737,	161,	209,	3),
(738,	193,	209,	3),
(739,	NULL,	210,	3),
(740,	20,	210,	3),
(741,	161,	210,	3),
(742,	193,	210,	3),
(743,	NULL,	211,	3),
(744,	20,	211,	3),
(745,	161,	211,	3),
(746,	193,	211,	3),
(747,	NULL,	212,	2),
(748,	20,	212,	2),
(750,	162,	212,	2),
(751,	NULL,	213,	2),
(752,	20,	213,	2),
(754,	162,	213,	2),
(755,	NULL,	214,	2),
(756,	20,	214,	2),
(758,	162,	214,	2),
(759,	NULL,	215,	3),
(760,	20,	215,	3),
(761,	162,	215,	3),
(762,	212,	215,	3),
(763,	NULL,	216,	3),
(764,	20,	216,	3),
(765,	162,	216,	3),
(766,	212,	216,	3),
(767,	NULL,	217,	3),
(768,	20,	217,	3),
(769,	162,	217,	3),
(770,	213,	217,	3),
(771,	NULL,	218,	3),
(772,	20,	218,	3),
(773,	162,	218,	3),
(774,	213,	218,	3),
(775,	NULL,	219,	3),
(776,	20,	219,	3),
(777,	162,	219,	3),
(778,	213,	219,	3),
(779,	NULL,	220,	3),
(780,	20,	220,	3),
(781,	162,	220,	3),
(782,	214,	220,	3),
(783,	NULL,	221,	3),
(784,	20,	221,	3),
(785,	162,	221,	3),
(786,	214,	221,	3),
(787,	NULL,	222,	4),
(788,	20,	222,	4),
(789,	162,	222,	4),
(790,	214,	222,	4),
(794,	221,	222,	4),
(795,	NULL,	223,	1),
(796,	21,	223,	1),
(797,	NULL,	224,	1),
(798,	21,	224,	1),
(799,	NULL,	225,	1),
(800,	27,	225,	1),
(801,	NULL,	226,	2),
(802,	27,	226,	2),
(804,	225,	226,	2),
(805,	NULL,	227,	1),
(806,	28,	227,	1),
(807,	NULL,	228,	2),
(808,	28,	228,	2),
(810,	227,	228,	2),
(811,	NULL,	229,	2),
(812,	28,	229,	2),
(814,	227,	229,	2),
(817,	NULL,	231,	1),
(818,	32,	231,	1),
(819,	NULL,	232,	1),
(820,	32,	232,	1),
(821,	NULL,	233,	1),
(822,	32,	233,	1),
(823,	NULL,	234,	1),
(824,	32,	234,	1),
(865,	NULL,	38,	1),
(866,	4,	38,	1),
(867,	NULL,	2,	2),
(868,	4,	2,	2),
(870,	38,	2,	2),
(871,	NULL,	1,	3),
(872,	4,	1,	3),
(873,	38,	1,	3),
(874,	2,	1,	3),
(875,	NULL,	147,	4),
(876,	4,	147,	4),
(877,	38,	147,	4),
(878,	2,	147,	4),
(882,	1,	147,	4),
(883,	NULL,	148,	4),
(884,	4,	148,	4),
(885,	38,	148,	4),
(886,	2,	148,	4),
(890,	1,	148,	4),
(891,	NULL,	119,	3),
(892,	4,	119,	3),
(893,	38,	119,	3),
(894,	2,	119,	3),
(895,	NULL,	120,	3),
(896,	4,	120,	3),
(897,	38,	120,	3),
(898,	2,	120,	3),
(899,	NULL,	121,	3),
(900,	4,	121,	3),
(901,	38,	121,	3),
(902,	2,	121,	3),
(903,	NULL,	122,	3),
(904,	4,	122,	3),
(905,	38,	122,	3),
(906,	2,	122,	3),
(907,	NULL,	50,	2),
(908,	4,	50,	2),
(910,	38,	50,	2),
(911,	NULL,	114,	3),
(912,	4,	114,	3),
(913,	38,	114,	3),
(914,	50,	114,	3),
(915,	NULL,	115,	3),
(916,	4,	115,	3),
(917,	38,	115,	3),
(918,	50,	115,	3),
(919,	NULL,	116,	3),
(920,	4,	116,	3),
(921,	38,	116,	3),
(922,	50,	116,	3),
(923,	NULL,	117,	3),
(924,	4,	117,	3),
(925,	38,	117,	3),
(926,	50,	117,	3),
(927,	NULL,	118,	3),
(928,	4,	118,	3),
(929,	38,	118,	3),
(930,	50,	118,	3),
(931,	NULL,	51,	2),
(932,	4,	51,	2),
(934,	38,	51,	2),
(935,	NULL,	123,	3),
(936,	4,	123,	3),
(937,	38,	123,	3),
(938,	51,	123,	3),
(939,	NULL,	124,	3),
(940,	4,	124,	3),
(941,	38,	124,	3),
(942,	51,	124,	3),
(943,	NULL,	125,	3),
(944,	4,	125,	3),
(945,	38,	125,	3),
(946,	51,	125,	3),
(947,	NULL,	126,	3),
(948,	4,	126,	3),
(949,	38,	126,	3),
(950,	51,	126,	3),
(951,	NULL,	127,	3),
(952,	4,	127,	3),
(953,	38,	127,	3),
(954,	51,	127,	3),
(965,	NULL,	16,	0),
(966,	NULL,	15,	1),
(967,	16,	15,	1),
(968,	NULL,	14,	2),
(969,	16,	14,	2),
(971,	15,	14,	2),
(972,	NULL,	154,	2),
(973,	16,	154,	2),
(975,	15,	154,	2),
(986,	NULL,	31,	0),
(987,	NULL,	30,	1),
(988,	31,	30,	1),
(989,	NULL,	29,	2),
(990,	31,	29,	2),
(992,	30,	29,	2),
(993,	NULL,	230,	2),
(994,	31,	230,	2),
(996,	30,	230,	2),
(997,	NULL,	168,	2),
(998,	20,	168,	2),
(1000,	160,	168,	2),
(1001,	NULL,	167,	3),
(1002,	20,	167,	3),
(1003,	160,	167,	3),
(1004,	168,	167,	3),
(1005,	NULL,	169,	3),
(1006,	20,	169,	3),
(1007,	160,	169,	3),
(1008,	168,	169,	3),
(1009,	NULL,	183,	3),
(1010,	20,	183,	3),
(1011,	160,	183,	3),
(1012,	168,	183,	3),
(1013,	NULL,	171,	2),
(1014,	20,	171,	2),
(1016,	160,	171,	2),
(1017,	NULL,	170,	3),
(1018,	20,	170,	3),
(1019,	160,	170,	3),
(1020,	171,	170,	3),
(1021,	NULL,	182,	3),
(1022,	20,	182,	3),
(1023,	160,	182,	3),
(1024,	171,	182,	3),
(1025,	NULL,	235,	0);

DROP TABLE IF EXISTS `cms3_hierarchy_types`;
CREATE TABLE `cms3_hierarchy_types` (
  `id` int(10) unsigned NOT NULL AUTO_INCREMENT,
  `name` varchar(48) NOT NULL,
  `title` varchar(255) DEFAULT NULL,
  `ext` varchar(48) DEFAULT NULL,
  PRIMARY KEY (`id`),
  KEY `name` (`name`,`ext`),
  KEY `title` (`title`),
  KEY `ext` (`ext`)
) ENGINE=InnoDB DEFAULT CHARSET=utf8;

INSERT INTO `cms3_hierarchy_types` (`id`, `name`, `title`, `ext`) VALUES
(1,	'news',	'i18n::hierarchy-type-news-rubric',	'rubric'),
(2,	'emarket',	'i18n::hierarchy-type-emarket-currency',	'currency'),
(3,	'emarket',	'i18n::hierarchy-type-emarket-discount_type',	'discount_type'),
(4,	'emarket',	'i18n::hierarchy-type-emarket-discount_modificator_type',	'discount_modificator_type'),
(5,	'emarket',	'i18n::hierarchy-type-emarket-discount_rule_type',	'discount_rule_type'),
(6,	'social_networks',	'i18n::hierarchy-type-social_networks-networks',	'network'),
(7,	'social_networks',	'i18n::hierarchy-type-social_networks-vkontakte',	'vkontakte'),
(8,	'users',	'i18n::hierarchy-type-users-users',	'users'),
(9,	'emarket',	'i18n::hierarchy-type-eshop-address',	'delivery_address'),
(10,	'emarket',	'i18n::hierarchy-type-emarket-item_type',	'item_type'),
(11,	'emarket',	'i18n::hierarchy-type-emarket-discount',	'discount'),
(12,	'emarket',	'i18n::hierarchy-type-emarket-item_option',	'item_option'),
(13,	'emarket',	'i18n::hierarchy-type-emarket-order_item',	'order_item'),
(14,	'emarket',	'i18n::hierarchy-type-emarket-order_status',	'order_status'),
(15,	'emarket',	'i18n::hierarchy-type-emarket-payment_type',	'payment_type'),
(16,	'emarket',	'i18n::hierarchy-type-emarket-payment',	'payment'),
(17,	'emarket',	'i18n::hierarchy-type-emarket-payment_status',	'order_payment_status'),
(18,	'emarket',	'i18n::hierarchy-type-emarket-legal_person',	'legal_person'),
(19,	'emarket',	'i18n::hierarchy-type-emarket-delivery_type',	'delivery_type'),
(20,	'emarket',	'i18n::hierarchy-type-emarket-delivery',	'delivery'),
(21,	'emarket',	'i18n::hierarchy-type-emarket-delivery_status',	'order_delivery_status'),
(22,	'emarket',	'i18n::hierarchy-type-emarket-order',	'order'),
(23,	'users',	'i18n::hierarchy-type-users-user',	'user'),
(24,	'emarket',	'i18n::hierarchy-type-emarket-store',	'store'),
(25,	'emarket',	'i18n::hierarchy-type-emarket-discount_modificator',	'discount_modificator'),
(26,	'emarket',	'i18n::hierarchy-type-emarket-discount_rule',	'discount_rule'),
(27,	'menu',	'i18n::hierarchy-type-menu-item_element',	'item_element'),
(28,	'news',	'i18n::hierarchy-type-news-subject',	'subject'),
(29,	'news',	'i18n::hierarchy-type-news-item',	'item'),
(30,	'content',	'i18n::hierarchy-type-content-page',	''),
(31,	'content',	'i18n::hierarchy-type-content-ticket',	'ticket'),
(32,	'blogs20',	'i18n::hierarchy-type-blogs-blog',	'blog'),
(33,	'users',	'i18n::hierarchy-type-users-author',	'author'),
(34,	'blogs20',	'i18n::hierarchy-type-blogs20-comment',	'comment'),
(35,	'blogs20',	'i18n::hierarchy-type-blogs20-post',	'post'),
(36,	'forum',	'i18n::hierarchy-type-forum-conf',	'conf'),
(37,	'forum',	'i18n::hierarchy-type-forum-topic',	'topic'),
(38,	'forum',	'i18n::hierarchy-type-forum-message',	'message'),
(39,	'comments',	'i18n::hierarchy-type-comments-comment',	'comment'),
(40,	'vote',	'i18n::hierarchy-type-vote-poll_item',	'poll_item'),
(41,	'vote',	'i18n::hierarchy-type-vote-poll',	'poll'),
(42,	'webforms',	'i18n::hierarchy-type-webforms-page',	'page'),
(43,	'webforms',	'i18n::hierarchy-type-webforms-form',	'form'),
(44,	'webforms',	'i18n::hierarchy-type-webforms-template',	'template'),
(45,	'webforms',	'i18n::hierarchy-type-webforms-address',	'address'),
(46,	'photoalbum',	'i18n::hierarchy-type-photoalbum-album',	'album'),
(47,	'photoalbum',	'i18n::hierarchy-type-photoalbum-photo',	'photo'),
(48,	'faq',	'i18n::hierarchy-type-faq-project',	'project'),
(49,	'faq',	'i18n::hierarchy-type-faq-category',	'category'),
(50,	'faq',	'i18n::hierarchy-type-faq-question',	'question'),
(51,	'dispatches',	'i18n::hierarchy-type-dispatches-dispatch',	'dispatch'),
(52,	'dispatches',	'i18n::hierarchy-type-dispatches-release',	'release'),
(53,	'dispatches',	'i18n::hierarchy-type-dispatches-message',	'message'),
(54,	'dispatches',	'i18n::hierarchy-type-dispatches-subscriber',	'subscriber'),
(55,	'catalog',	'i18n::hierarchy-type-catalog-category',	'category'),
(56,	'catalog',	'i18n::hierarchy-type-catalog-object',	'object'),
(57,	'emarket',	'i18n::hierarchy-type-emarket-unregistered_customer',	'customer'),
(58,	'banners',	'i18n::hierarchy-type-banners-place',	'place'),
(59,	'banners',	'i18n::hierarchy-type-banners-banner',	'banner'),
(60,	'users',	'i18n::hierarchy-type-users-avatar',	'avatar'),
(61,	'exchange',	'i18n::hierarchy-type-exchange-data_exchange_export',	'export'),
(62,	'exchange',	'i18n::hierarchy-type-exchange-data_exchange_import',	'import'),
(63,	'filemanager',	'i18n::hierarchy-type-filemanager-shared_file',	'shared_file'),
(64,	'umiSettings',	'i18n::hierarchy-type-umiSettings-setting',	'settings'),
(65,	'umiStub',	'i18n::hierarchy-type-umiStub-ip-blacklist',	'ip-blacklist'),
(66,	'umiStub',	'i18n::hierarchy-type-umiStub-ip-whitelist',	'ip-whitelist'),
(67,	'appointment',	'i18n::hierarchy-type-appointment-page',	'page');



DROP TABLE IF EXISTS `cms3_import_apiship_orders`;
CREATE TABLE `cms3_import_apiship_orders` (
  `external_id` int(10) unsigned NOT NULL,
  `internal_id` int(10) unsigned NOT NULL,
  `source_id` int(10) unsigned NOT NULL,
  KEY `external_id` (`external_id`,`source_id`),
  KEY `internal_id` (`internal_id`,`source_id`),
  KEY `source_id` (`source_id`),
  CONSTRAINT `cms3_import_apiship_orders_ibfk_1` FOREIGN KEY (`internal_id`) REFERENCES `cms3_apiship_orders` (`id`) ON DELETE CASCADE ON UPDATE CASCADE,
  CONSTRAINT `cms3_import_apiship_orders_ibfk_2` FOREIGN KEY (`source_id`) REFERENCES `cms3_import_sources` (`id`) ON DELETE CASCADE ON UPDATE CASCADE
) ENGINE=InnoDB DEFAULT CHARSET=utf8;


DROP TABLE IF EXISTS `cms3_import_appointment_employees`;
CREATE TABLE `cms3_import_appointment_employees` (
  `external_id` int(11) NOT NULL,
  `internal_id` int(11) NOT NULL,
  `source_id` int(10) unsigned NOT NULL,
  KEY `external_id` (`external_id`,`source_id`),
  KEY `internal_id` (`internal_id`,`source_id`),
  KEY `source_id` (`source_id`),
  CONSTRAINT `cms3_import_appointment_employees_ibfk_1` FOREIGN KEY (`internal_id`) REFERENCES `cms3_appointment_employees` (`id`) ON DELETE CASCADE ON UPDATE CASCADE,
  CONSTRAINT `cms3_import_appointment_employees_ibfk_2` FOREIGN KEY (`source_id`) REFERENCES `cms3_import_sources` (`id`) ON DELETE CASCADE ON UPDATE CASCADE
) ENGINE=InnoDB DEFAULT CHARSET=utf8;


DROP TABLE IF EXISTS `cms3_import_appointment_employees_services`;
CREATE TABLE `cms3_import_appointment_employees_services` (
  `external_id` int(11) NOT NULL,
  `internal_id` int(11) NOT NULL,
  `source_id` int(10) unsigned NOT NULL,
  KEY `external_id` (`external_id`,`source_id`),
  KEY `internal_id` (`internal_id`,`source_id`),
  KEY `source_id` (`source_id`),
  CONSTRAINT `cms3_import_appointment_employees_services_ibfk_1` FOREIGN KEY (`internal_id`) REFERENCES `cms3_appointment_employees_services` (`id`) ON DELETE CASCADE ON UPDATE CASCADE,
  CONSTRAINT `cms3_import_appointment_employees_services_ibfk_2` FOREIGN KEY (`source_id`) REFERENCES `cms3_import_sources` (`id`) ON DELETE CASCADE ON UPDATE CASCADE
) ENGINE=InnoDB DEFAULT CHARSET=utf8;


DROP TABLE IF EXISTS `cms3_import_appointment_employee_schedule`;
CREATE TABLE `cms3_import_appointment_employee_schedule` (
  `external_id` int(11) NOT NULL,
  `internal_id` int(11) NOT NULL,
  `source_id` int(10) unsigned NOT NULL,
  KEY `external_id` (`external_id`,`source_id`),
  KEY `internal_id` (`internal_id`,`source_id`),
  KEY `source_id` (`source_id`),
  CONSTRAINT `cms3_import_appointment_employee_schedule_ibfk_1` FOREIGN KEY (`internal_id`) REFERENCES `cms3_appointment_employee_schedule` (`id`) ON DELETE CASCADE ON UPDATE CASCADE,
  CONSTRAINT `cms3_import_appointment_employee_schedule_ibfk_2` FOREIGN KEY (`source_id`) REFERENCES `cms3_import_sources` (`id`) ON DELETE CASCADE ON UPDATE CASCADE
) ENGINE=InnoDB DEFAULT CHARSET=utf8;


DROP TABLE IF EXISTS `cms3_import_appointment_orders`;
CREATE TABLE `cms3_import_appointment_orders` (
  `external_id` int(11) NOT NULL,
  `internal_id` int(11) NOT NULL,
  `source_id` int(10) unsigned NOT NULL,
  KEY `external_id` (`external_id`,`source_id`),
  KEY `internal_id` (`internal_id`,`source_id`),
  KEY `source_id` (`source_id`),
  CONSTRAINT `cms3_import_appointment_orders_ibfk_1` FOREIGN KEY (`internal_id`) REFERENCES `cms3_appointment_orders` (`id`) ON DELETE CASCADE ON UPDATE CASCADE,
  CONSTRAINT `cms3_import_appointment_orders_ibfk_2` FOREIGN KEY (`source_id`) REFERENCES `cms3_import_sources` (`id`) ON DELETE CASCADE ON UPDATE CASCADE
) ENGINE=InnoDB DEFAULT CHARSET=utf8;


DROP TABLE IF EXISTS `cms3_import_appointment_services`;
CREATE TABLE `cms3_import_appointment_services` (
  `external_id` int(11) NOT NULL,
  `internal_id` int(11) NOT NULL,
  `source_id` int(10) unsigned NOT NULL,
  KEY `external_id` (`external_id`,`source_id`),
  KEY `internal_id` (`internal_id`,`source_id`),
  KEY `source_id` (`source_id`),
  CONSTRAINT `cms3_import_appointment_services_ibfk_1` FOREIGN KEY (`internal_id`) REFERENCES `cms3_appointment_services` (`id`) ON DELETE CASCADE ON UPDATE CASCADE,
  CONSTRAINT `cms3_import_appointment_services_ibfk_2` FOREIGN KEY (`source_id`) REFERENCES `cms3_import_sources` (`id`) ON DELETE CASCADE ON UPDATE CASCADE
) ENGINE=InnoDB DEFAULT CHARSET=utf8;


DROP TABLE IF EXISTS `cms3_import_appointment_service_groups`;
CREATE TABLE `cms3_import_appointment_service_groups` (
  `external_id` int(11) NOT NULL,
  `internal_id` int(11) NOT NULL,
  `source_id` int(10) unsigned NOT NULL,
  KEY `external_id` (`external_id`,`source_id`),
  KEY `internal_id` (`internal_id`,`source_id`),
  KEY `source_id` (`source_id`),
  CONSTRAINT `cms3_import_appointment_service_groups_ibfk_1` FOREIGN KEY (`internal_id`) REFERENCES `cms3_appointment_service_groups` (`id`) ON DELETE CASCADE ON UPDATE CASCADE,
  CONSTRAINT `cms3_import_appointment_service_groups_ibfk_2` FOREIGN KEY (`source_id`) REFERENCES `cms3_import_sources` (`id`) ON DELETE CASCADE ON UPDATE CASCADE
) ENGINE=InnoDB DEFAULT CHARSET=utf8;


DROP TABLE IF EXISTS `cms3_import_domains`;
CREATE TABLE `cms3_import_domains` (
  `source_id` int(10) unsigned NOT NULL,
  `old_id` varchar(255) NOT NULL,
  `new_id` int(10) unsigned NOT NULL,
  KEY `source_id` (`source_id`,`old_id`,`new_id`),
  KEY `old_id` (`old_id`,`new_id`),
  KEY `new_id` (`new_id`),
  CONSTRAINT `FK_DomainSourceId_To_Source` FOREIGN KEY (`source_id`) REFERENCES `cms3_import_sources` (`id`) ON DELETE CASCADE ON UPDATE CASCADE,
  CONSTRAINT `FK_NewId_To_DomainId` FOREIGN KEY (`new_id`) REFERENCES `cms3_domains` (`id`) ON DELETE CASCADE ON UPDATE CASCADE
) ENGINE=InnoDB DEFAULT CHARSET=utf8;

INSERT INTO `cms3_import_domains` (`source_id`, `old_id`, `new_id`) VALUES
(1,	'1',	1),
(2,	'1',	1);

DROP TABLE IF EXISTS `cms3_import_domain_mirrors`;
CREATE TABLE `cms3_import_domain_mirrors` (
  `source_id` int(10) unsigned NOT NULL,
  `old_id` varchar(255) NOT NULL,
  `new_id` int(10) unsigned NOT NULL,
  KEY `source_id` (`source_id`,`old_id`,`new_id`),
  KEY `old_id` (`old_id`,`new_id`),
  KEY `new_id` (`new_id`),
  CONSTRAINT `FK_DomainMirrorSourceId_To_Source` FOREIGN KEY (`source_id`) REFERENCES `cms3_import_sources` (`id`) ON DELETE CASCADE ON UPDATE CASCADE,
  CONSTRAINT `FK_NewId_To_DomainMirrorId` FOREIGN KEY (`new_id`) REFERENCES `cms3_domain_mirrows` (`id`) ON DELETE CASCADE ON UPDATE CASCADE
) ENGINE=InnoDB DEFAULT CHARSET=utf8;


DROP TABLE IF EXISTS `cms3_import_fields`;
CREATE TABLE `cms3_import_fields` (
  `source_id` int(10) unsigned NOT NULL,
  `field_name` varchar(64) NOT NULL,
  `type_id` int(10) unsigned NOT NULL,
  `new_id` int(10) unsigned NOT NULL,
  KEY `source_id` (`source_id`),
  KEY `type_id` (`type_id`),
  KEY `field_name` (`field_name`),
  KEY `new_id` (`new_id`),
  CONSTRAINT `FK_FieldSourceId_To_Source` FOREIGN KEY (`source_id`) REFERENCES `cms3_import_sources` (`id`) ON DELETE CASCADE ON UPDATE CASCADE,
  CONSTRAINT `FK_NewFieldId_To_ObjectTypeId` FOREIGN KEY (`type_id`) REFERENCES `cms3_import_types` (`new_id`) ON DELETE CASCADE ON UPDATE CASCADE,
  CONSTRAINT `FK_NewId_To_ObjectTypeFieldId` FOREIGN KEY (`new_id`) REFERENCES `cms3_object_fields` (`id`) ON DELETE CASCADE ON UPDATE CASCADE
) ENGINE=InnoDB DEFAULT CHARSET=utf8;

INSERT INTO `cms3_import_fields` (`source_id`, `field_name`, `type_id`, `new_id`) VALUES
(1,	'publish_status_id',	2,	1),
(1,	'title',	3,	2),
(1,	'h1',	3,	3),
(1,	'content',	3,	4),
(1,	'meta_descriptions',	3,	5),
(1,	'meta_keywords',	3,	6),
(1,	'tags',	3,	7),
(1,	'menu_pic_ua',	3,	8),
(1,	'menu_pic_a',	3,	9),
(1,	'header_pic',	3,	10),
(1,	'robots_deny',	3,	11),
(1,	'show_submenu',	3,	12),
(1,	'is_expanded',	3,	13),
(1,	'is_unindexed',	3,	14),
(1,	'rate_voters',	3,	15),
(1,	'rate_sum',	3,	16),
(1,	'expiration_date',	3,	17),
(1,	'notification_date',	3,	18),
(1,	'publish_comments',	3,	19),
(1,	'publish_status',	3,	20),
(1,	'locktime',	3,	21),
(1,	'lockuser',	3,	22),
(1,	'charset',	6,	23),
(1,	'title',	7,	2),
(1,	'h1',	7,	3),
(1,	'meta_keywords',	7,	6),
(1,	'meta_descriptions',	7,	5),
(1,	'tags',	7,	7),
(1,	'readme',	7,	24),
(1,	'menu_pic_ua',	7,	8),
(1,	'menu_pic_a',	7,	9),
(1,	'header_pic',	7,	10),
(1,	'robots_deny',	7,	11),
(1,	'show_submenu',	7,	12),
(1,	'is_expanded',	7,	13),
(1,	'is_unindexed',	7,	14),
(1,	'rate_voters',	7,	15),
(1,	'rate_sum',	7,	16),
(1,	'expiration_date',	7,	17),
(1,	'notification_date',	7,	18),
(1,	'publish_comments',	7,	19),
(1,	'publish_status',	7,	20),
(1,	'locktime',	7,	21),
(1,	'lockuser',	7,	22),
(1,	'rss_type',	8,	25),
(1,	'url',	8,	26),
(1,	'charset_id',	8,	27),
(1,	'news_rubric',	8,	28),
(1,	'quality_value',	9,	29),
(1,	'country_iso_code',	10,	30),
(1,	'identifier',	14,	31),
(1,	'identifier',	15,	31),
(1,	'number',	16,	32),
(1,	'number',	17,	32),
(1,	'social_id',	19,	33),
(1,	'codename',	20,	34),
(1,	'codename',	21,	35),
(1,	'nominal',	21,	36),
(1,	'rate',	21,	37),
(1,	'prefix',	21,	38),
(1,	'suffix',	21,	39),
(1,	'codename',	22,	40),
(1,	'platform_identificator',	23,	41),
(1,	'active',	24,	42),
(1,	'domain_id',	24,	43),
(1,	'token',	24,	44),
(1,	'platform',	24,	45),
(1,	'lname',	25,	46),
(1,	'fname',	25,	47),
(1,	'father_name',	25,	48),
(1,	'email',	25,	49),
(1,	'phone',	25,	50),
(1,	'yandex_id',	27,	51),
(1,	'payonline_id',	27,	52),
(1,	'robokassa_id',	27,	53),
(1,	'payanyway_id',	27,	54),
(1,	'sberbank_id',	27,	55),
(1,	'tax',	27,	56),
(1,	'yandex_id',	28,	57),
(1,	'robokassa_id',	28,	53),
(1,	'payanyway_id',	28,	58),
(1,	'payonline_id',	28,	59),
(1,	'sberbank_id',	28,	55),
(1,	'yandex_id',	29,	57),
(1,	'robokassa_id',	29,	53),
(1,	'payanyway_id',	29,	58),
(1,	'payonline_id',	29,	59),
(1,	'sberbank_id',	29,	55),
(1,	'codename',	30,	34),
(1,	'description',	30,	60),
(1,	'modificator_codename',	31,	61),
(1,	'modificator_type_id',	31,	62),
(1,	'modificator_discount_types',	31,	63),
(1,	'modificator_type_guid',	31,	64),
(1,	'modificator_type_id',	32,	65),
(1,	'rule_codename',	33,	66),
(1,	'rule_type_id',	33,	67),
(1,	'rule_discount_types',	33,	68),
(1,	'rule_type_guid',	33,	69),
(1,	'rule_type_id',	34,	70),
(1,	'sid',	35,	71),
(1,	'sid',	36,	72),
(1,	'social_id',	37,	73),
(1,	'template_id',	37,	74),
(1,	'domain_id',	37,	75),
(1,	'nazvanie_sajta',	38,	76),
(1,	'is_iframe_enabled',	38,	77),
(1,	'iframe_pages',	38,	78),
(1,	'social_id',	38,	73),
(1,	'template_id',	38,	74),
(1,	'domain_id',	38,	75),
(1,	'nazvanie',	39,	79),
(1,	'country',	40,	80),
(1,	'index',	40,	81),
(1,	'region',	40,	82),
(1,	'city',	40,	83),
(1,	'street',	40,	84),
(1,	'house',	40,	85),
(1,	'flat',	40,	86),
(1,	'class_name',	41,	87),
(1,	'discount_type_id',	42,	88),
(1,	'discount_modificator_id',	42,	89),
(1,	'discount_rules_id',	42,	90),
(1,	'is_active',	42,	91),
(1,	'description',	42,	92),
(1,	'item_amount',	44,	93),
(1,	'item_price',	44,	94),
(1,	'item_total_original_price',	44,	95),
(1,	'item_actual_price',	44,	96),
(1,	'item_total_price',	44,	97),
(1,	'item_type_id',	44,	98),
(1,	'item_link',	44,	99),
(1,	'item_discount_id',	44,	100),
(1,	'item_discount_value',	44,	101),
(1,	'weight',	44,	102),
(1,	'width',	44,	103),
(1,	'height',	44,	104),
(1,	'length',	44,	105),
(1,	'tax_rate_id',	44,	106),
(1,	'payment_mode',	44,	107),
(1,	'payment_subject',	44,	108),
(1,	'options',	44,	109),
(1,	'trade_offer',	44,	110),
(1,	'codename',	45,	40),
(1,	'priority',	45,	111),
(1,	'class_name',	46,	112),
(1,	'payment_type_id',	46,	113),
(1,	'payment_type_guid',	46,	114),
(1,	'payment_type_id',	47,	115),
(1,	'disabled',	47,	116),
(1,	'domain_id_list',	47,	117),
(1,	'codename',	48,	40),
(1,	'priority',	48,	111),
(1,	'contact_person',	49,	118),
(1,	'phone_number',	49,	119),
(1,	'fax',	49,	120),
(1,	'email',	49,	49),
(1,	'name',	49,	121),
(1,	'legal_address',	49,	122),
(1,	'defacto_address',	49,	123),
(1,	'post_address',	49,	124),
(1,	'inn',	49,	125),
(1,	'account',	49,	126),
(1,	'bank',	49,	127),
(1,	'bank_account',	49,	128),
(1,	'bik',	49,	129),
(1,	'ogrn',	49,	130),
(1,	'kpp',	49,	131),
(1,	'class_name',	50,	132),
(1,	'delivery_type_id',	50,	133),
(1,	'delivery_type_guid',	50,	134),
(1,	'description',	51,	135),
(1,	'delivery_type_id',	51,	136),
(1,	'price',	51,	137),
(1,	'tax_rate_id',	51,	138),
(1,	'disabled',	51,	139),
(1,	'domain_id_list',	51,	140),
(1,	'payment_mode',	51,	141),
(1,	'payment_subject',	51,	142),
(1,	'disabled_types_of_payment',	51,	143),
(1,	'codename',	52,	40),
(1,	'priority',	52,	111),
(1,	'order_items',	53,	144),
(1,	'number',	53,	145),
(1,	'social_order_id',	53,	146),
(1,	'yandex_order_id',	53,	147),
(1,	'customer_id',	53,	148),
(1,	'domain_id',	53,	149),
(1,	'manager_id',	53,	150),
(1,	'status_id',	53,	151),
(1,	'total_original_price',	53,	152),
(1,	'total_price',	53,	153),
(1,	'total_amount',	53,	154),
(1,	'status_change_date',	53,	155),
(1,	'order_date',	53,	156),
(1,	'order_discount_value',	53,	157),
(1,	'is_reserved',	53,	158),
(1,	'service_info',	53,	159),
(1,	'credit-status',	53,	160),
(1,	'contractsigningdeadline',	53,	161),
(1,	'contractdeliverydeadline',	53,	162),
(1,	'banksigningappointmenttime',	53,	163),
(1,	'isconfirmed',	53,	164),
(1,	'signingtype',	53,	165),
(1,	'beingprocessed',	53,	166),
(1,	'http_referer',	53,	167),
(1,	'http_target',	53,	168),
(1,	'source_domain',	53,	169),
(1,	'utm_medium',	53,	170),
(1,	'utm_term',	53,	171),
(1,	'utm_campaign',	53,	172),
(1,	'utm_content',	53,	173),
(1,	'order_create_date',	53,	174),
(1,	'payment_id',	53,	175),
(1,	'payment_name',	53,	176),
(1,	'payment_status_id',	53,	177),
(1,	'payment_date',	53,	178),
(1,	'payment_document_num',	53,	179),
(1,	'legal_person',	53,	180),
(1,	'delivery_id',	53,	181),
(1,	'delivery_name',	53,	182),
(1,	'delivery_status_id',	53,	183),
(1,	'delivery_address',	53,	184),
(1,	'delivery_date',	53,	185),
(1,	'pickup_date',	53,	186),
(1,	'delivery_provider',	53,	187),
(1,	'delivery_tariff',	53,	188),
(1,	'delivery_type',	53,	189),
(1,	'pickup_type',	53,	190),
(1,	'delivery_price',	53,	191),
(1,	'delivery_point_in',	53,	192),
(1,	'delivery_point_out',	53,	193),
(1,	'total_weight',	53,	194),
(1,	'total_width',	53,	195),
(1,	'total_height',	53,	196),
(1,	'total_length',	53,	197),
(1,	'delivery_allow_date',	53,	198),
(1,	'order_discount_id',	53,	199),
(1,	'bonus',	53,	200),
(1,	'need_export',	53,	201),
(1,	'purchaser_one_click',	53,	202),
(1,	'login',	54,	203),
(1,	'password',	54,	204),
(1,	'e-mail',	54,	205),
(1,	'groups',	54,	206),
(1,	'activate_code',	54,	207),
(1,	'loginza',	54,	208),
(1,	'is_activated',	54,	209),
(1,	'last_request_time',	54,	210),
(1,	'subscribed_pages',	54,	211),
(1,	'rated_pages',	54,	212),
(1,	'is_online',	54,	213),
(1,	'messages_count',	54,	214),
(1,	'orders_refs',	54,	215),
(1,	'delivery_addresses',	54,	216),
(1,	'user_dock',	54,	217),
(1,	'preffered_currency',	54,	218),
(1,	'user_settings_data',	54,	219),
(1,	'last_order',	54,	220),
(1,	'bonus',	54,	221),
(1,	'legal_persons',	54,	222),
(1,	'spent_bonus',	54,	223),
(1,	'filemanager_directory',	54,	224),
(1,	'appended_file_extensions',	54,	225),
(1,	'register_date',	54,	226),
(1,	'tickets_color',	54,	227),
(1,	'favorite_domain_list',	54,	228),
(1,	'lname',	54,	229),
(1,	'fname',	54,	230),
(1,	'father_name',	54,	231),
(1,	'phone',	54,	232),
(1,	'referer',	54,	233),
(1,	'target',	54,	234),
(1,	'primary',	55,	235),
(1,	'proc',	56,	236),
(1,	'modificator_type_id',	56,	65),
(1,	'rule_type_id',	57,	70),
(1,	'users',	57,	237),
(1,	'menu_id',	58,	238),
(1,	'menuhierarchy',	58,	239),
(1,	'title',	60,	2),
(1,	'h1',	60,	3),
(1,	'meta_keywords',	60,	6),
(1,	'meta_descriptions',	60,	5),
(1,	'tags',	60,	7),
(1,	'anons',	60,	240),
(1,	'content',	60,	4),
(1,	'source',	60,	241),
(1,	'source_url',	60,	242),
(1,	'publish_time',	60,	243),
(1,	'begin_time',	60,	244),
(1,	'end_time',	60,	245),
(1,	'menu_pic_ua',	60,	8),
(1,	'menu_pic_a',	60,	9),
(1,	'header_pic',	60,	10),
(1,	'robots_deny',	60,	11),
(1,	'show_submenu',	60,	12),
(1,	'is_expanded',	60,	13),
(1,	'is_unindexed',	60,	14),
(1,	'anons_pic',	60,	246),
(1,	'publish_pic',	60,	247),
(1,	'subjects',	60,	248),
(1,	'rate_voters',	60,	15),
(1,	'rate_sum',	60,	16),
(1,	'expiration_date',	60,	17),
(1,	'notification_date',	60,	18),
(1,	'publish_comments',	60,	19),
(1,	'publish_status',	60,	20),
(1,	'locktime',	60,	21),
(1,	'lockuser',	60,	22),
(1,	'title',	61,	2),
(1,	'h1',	61,	3),
(1,	'meta_keywords',	61,	6),
(1,	'meta_descriptions',	61,	5),
(1,	'tags',	61,	7),
(1,	'content',	61,	4),
(1,	'menu_pic_ua',	61,	8),
(1,	'menu_pic_a',	61,	9),
(1,	'header_pic',	61,	10),
(1,	'robots_deny',	61,	11),
(1,	'show_submenu',	61,	12),
(1,	'is_expanded',	61,	13),
(1,	'is_unindexed',	61,	14),
(1,	'rate_voters',	61,	15),
(1,	'rate_sum',	61,	16),
(1,	'expiration_date',	61,	17),
(1,	'notification_date',	61,	18),
(1,	'publish_comments',	61,	19),
(1,	'publish_status',	61,	20),
(1,	'locktime',	61,	21),
(1,	'lockuser',	61,	22),
(1,	'user_id',	62,	249),
(1,	'message',	62,	250),
(1,	'x',	62,	251),
(1,	'y',	62,	252),
(1,	'width',	62,	253),
(1,	'height',	62,	254),
(1,	'create_time',	62,	255),
(1,	'url',	62,	256),
(1,	'title',	63,	2),
(1,	'h1',	63,	3),
(1,	'description',	63,	257),
(1,	'meta_descriptions',	63,	5),
(1,	'meta_keywords',	63,	6),
(1,	'tags',	63,	7),
(1,	'friendlist',	63,	258),
(1,	'menu_pic_ua',	63,	8),
(1,	'menu_pic_a',	63,	9),
(1,	'header_pic',	63,	10),
(1,	'robots_deny',	63,	11),
(1,	'show_submenu',	63,	12),
(1,	'is_expanded',	63,	13),
(1,	'is_unindexed',	63,	14),
(1,	'rate_voters',	63,	15),
(1,	'rate_sum',	63,	16),
(1,	'is_registrated',	64,	259),
(1,	'user_id',	64,	260),
(1,	'nickname',	64,	261),
(1,	'email',	64,	262),
(1,	'ip',	64,	263),
(1,	'content',	65,	4),
(1,	'author_id',	65,	264),
(1,	'publish_time',	65,	243),
(1,	'rate_voters',	65,	15),
(1,	'rate_sum',	65,	16),
(1,	'is_spam',	65,	265),
(1,	'title',	66,	2),
(1,	'h1',	66,	3),
(1,	'content',	66,	4),
(1,	'meta_descriptions',	66,	5),
(1,	'meta_keywords',	66,	6),
(1,	'tags',	66,	7),
(1,	'publish_time',	66,	243),
(1,	'menu_pic_ua',	66,	8),
(1,	'menu_pic_a',	66,	9),
(1,	'header_pic',	66,	10),
(1,	'robots_deny',	66,	11),
(1,	'show_submenu',	66,	12),
(1,	'is_expanded',	66,	13),
(1,	'is_unindexed',	66,	14),
(1,	'rate_voters',	66,	15),
(1,	'rate_sum',	66,	16),
(1,	'expiration_date',	66,	17),
(1,	'notification_date',	66,	18),
(1,	'publish_comments',	66,	19),
(1,	'publish_status',	66,	20),
(1,	'locktime',	66,	21),
(1,	'lockuser',	66,	22),
(1,	'only_for_friends',	66,	266),
(1,	'is_spam',	66,	265),
(1,	'title',	67,	2),
(1,	'h1',	67,	3),
(1,	'meta_keywords',	67,	6),
(1,	'meta_descriptions',	67,	5),
(1,	'tags',	67,	7),
(1,	'descr',	67,	267),
(1,	'topics_count',	67,	268),
(1,	'messages_count',	67,	269),
(1,	'last_message',	67,	270),
(1,	'menu_pic_ua',	67,	8),
(1,	'menu_pic_a',	67,	9),
(1,	'header_pic',	67,	10),
(1,	'robots_deny',	67,	11),
(1,	'show_submenu',	67,	12),
(1,	'is_expanded',	67,	13),
(1,	'is_unindexed',	67,	14),
(1,	'rate_voters',	67,	15),
(1,	'rate_sum',	67,	16),
(1,	'expiration_date',	67,	17),
(1,	'notification_date',	67,	18),
(1,	'publish_comments',	67,	19),
(1,	'publish_status',	67,	20),
(1,	'locktime',	67,	21),
(1,	'lockuser',	67,	22),
(1,	'title',	68,	2),
(1,	'h1',	68,	3),
(1,	'meta_keywords',	68,	6),
(1,	'tags',	68,	7),
(1,	'meta_descriptions',	68,	5),
(1,	'messages_count',	68,	269),
(1,	'last_message',	68,	270),
(1,	'menu_pic_ua',	68,	8),
(1,	'menu_pic_a',	68,	9),
(1,	'header_pic',	68,	10),
(1,	'robots_deny',	68,	11),
(1,	'show_submenu',	68,	12),
(1,	'is_expanded',	68,	13),
(1,	'is_unindexed',	68,	14),
(1,	'publish_time',	68,	243),
(1,	'author_id',	68,	264),
(1,	'last_post_time',	68,	271),
(1,	'rate_voters',	68,	15),
(1,	'rate_sum',	68,	16),
(1,	'expiration_date',	68,	17),
(1,	'notification_date',	68,	18),
(1,	'publish_comments',	68,	19),
(1,	'publish_status',	68,	20),
(1,	'locktime',	68,	21),
(1,	'lockuser',	68,	22),
(1,	'title',	69,	2),
(1,	'h1',	69,	3),
(1,	'meta_keywords',	69,	6),
(1,	'meta_descriptions',	69,	5),
(1,	'tags',	69,	7),
(1,	'menu_pic_ua',	69,	8),
(1,	'menu_pic_a',	69,	9),
(1,	'header_pic',	69,	10),
(1,	'robots_deny',	69,	11),
(1,	'show_submenu',	69,	12),
(1,	'is_expanded',	69,	13),
(1,	'is_unindexed',	69,	14),
(1,	'message',	69,	272),
(1,	'author_id',	69,	264),
(1,	'rate_voters',	69,	15),
(1,	'rate_sum',	69,	16),
(1,	'expiration_date',	69,	17),
(1,	'notification_date',	69,	18),
(1,	'publish_comments',	69,	19),
(1,	'publish_status',	69,	20),
(1,	'locktime',	69,	21),
(1,	'lockuser',	69,	22),
(1,	'title',	70,	2),
(1,	'h1',	70,	3),
(1,	'meta_keywords',	70,	6),
(1,	'meta_descriptions',	70,	5),
(1,	'tags',	70,	7),
(1,	'menu_pic_ua',	70,	8),
(1,	'menu_pic_a',	70,	9),
(1,	'header_pic',	70,	10),
(1,	'robots_deny',	70,	11),
(1,	'show_submenu',	70,	12),
(1,	'is_expanded',	70,	13),
(1,	'is_unindexed',	70,	14),
(1,	'message',	70,	272),
(1,	'publish_time',	70,	243),
(1,	'author_id',	70,	264),
(1,	'rate_voters',	70,	15),
(1,	'rate_sum',	70,	16),
(1,	'expiration_date',	70,	17),
(1,	'notification_date',	70,	18),
(1,	'publish_comments',	70,	19),
(1,	'publish_status',	70,	20),
(1,	'locktime',	70,	21),
(1,	'lockuser',	70,	22),
(1,	'is_spam',	70,	265),
(1,	'count',	71,	273),
(1,	'poll_rel',	71,	274),
(1,	'title',	72,	2),
(1,	'h1',	72,	3),
(1,	'meta_keywords',	72,	6),
(1,	'meta_descriptions',	72,	5),
(1,	'tags',	72,	7),
(1,	'menu_pic_ua',	72,	8),
(1,	'menu_pic_a',	72,	9),
(1,	'header_pic',	72,	10),
(1,	'robots_deny',	72,	11),
(1,	'show_submenu',	72,	12),
(1,	'is_expanded',	72,	13),
(1,	'is_unindexed',	72,	14),
(1,	'is_closed',	72,	275),
(1,	'question',	72,	276),
(1,	'publish_time',	72,	243),
(1,	'answers',	72,	277),
(1,	'total_count',	72,	278),
(1,	'rate_voters',	72,	15),
(1,	'rate_sum',	72,	16),
(1,	'expiration_date',	72,	17),
(1,	'notification_date',	72,	18),
(1,	'publish_comments',	72,	19),
(1,	'publish_status',	72,	20),
(1,	'locktime',	72,	21),
(1,	'lockuser',	72,	22),
(1,	'title',	73,	2),
(1,	'h1',	73,	3),
(1,	'content',	73,	4),
(1,	'meta_descriptions',	73,	5),
(1,	'meta_keywords',	73,	6),
(1,	'tags',	73,	7),
(1,	'menu_pic_ua',	73,	8),
(1,	'menu_pic_a',	73,	9),
(1,	'header_pic',	73,	10),
(1,	'robots_deny',	73,	11),
(1,	'show_submenu',	73,	12),
(1,	'is_expanded',	73,	13),
(1,	'is_unindexed',	73,	14),
(1,	'rate_voters',	73,	15),
(1,	'rate_sum',	73,	16),
(1,	'expiration_date',	73,	17),
(1,	'notification_date',	73,	18),
(1,	'publish_comments',	73,	19),
(1,	'publish_status',	73,	20),
(1,	'locktime',	73,	21),
(1,	'lockuser',	73,	22),
(1,	'form_id',	73,	279),
(1,	'destination_address',	74,	280),
(1,	'sender_ip',	74,	281),
(1,	'sending_time',	74,	282),
(1,	'wf_message',	74,	283),
(1,	'from_email_template',	75,	284),
(1,	'from_template',	75,	285),
(1,	'subject_template',	75,	286),
(1,	'master_template',	75,	287),
(1,	'autoreply_from_email_template',	75,	288),
(1,	'autoreply_from_template',	75,	289),
(1,	'autoreply_subject_template',	75,	290),
(1,	'autoreply_email_recipient',	75,	291),
(1,	'autoreply_template',	75,	292),
(1,	'posted_message',	75,	293),
(1,	'form_id',	75,	294),
(1,	'address_description',	76,	295),
(1,	'address_list',	76,	296),
(1,	'form_id',	76,	297),
(1,	'title',	77,	2),
(1,	'h1',	77,	3),
(1,	'meta_descriptions',	77,	5),
(1,	'meta_keywords',	77,	6),
(1,	'tags',	77,	7),
(1,	'menu_pic_ua',	77,	8),
(1,	'menu_pic_a',	77,	9),
(1,	'header_pic',	77,	10),
(1,	'robots_deny',	77,	11),
(1,	'show_submenu',	77,	12),
(1,	'is_expanded',	77,	13),
(1,	'is_unindexed',	77,	14),
(1,	'descr',	77,	267),
(1,	'create_time',	77,	298),
(1,	'user_id',	77,	299),
(1,	'rate_voters',	77,	15),
(1,	'rate_sum',	77,	16),
(1,	'expiration_date',	77,	17),
(1,	'notification_date',	77,	18),
(1,	'publish_comments',	77,	19),
(1,	'publish_status',	77,	20),
(1,	'locktime',	77,	21),
(1,	'lockuser',	77,	22),
(1,	'title',	78,	2),
(1,	'h1',	78,	3),
(1,	'meta_descriptions',	78,	5),
(1,	'meta_keywords',	78,	6),
(1,	'tags',	78,	7),
(1,	'menu_pic_ua',	78,	8),
(1,	'menu_pic_a',	78,	9),
(1,	'header_pic',	78,	10),
(1,	'robots_deny',	78,	11),
(1,	'show_submenu',	78,	12),
(1,	'is_expanded',	78,	13),
(1,	'is_unindexed',	78,	14),
(1,	'photo',	78,	300),
(1,	'descr',	78,	267),
(1,	'create_time',	78,	298),
(1,	'user_id',	78,	299),
(1,	'rate_voters',	78,	15),
(1,	'rate_sum',	78,	16),
(1,	'expiration_date',	78,	17),
(1,	'notification_date',	78,	18),
(1,	'publish_comments',	78,	19),
(1,	'publish_status',	78,	20),
(1,	'locktime',	78,	21),
(1,	'lockuser',	78,	22),
(1,	'title',	79,	2),
(1,	'h1',	79,	3),
(1,	'content',	79,	4),
(1,	'meta_descriptions',	79,	5),
(1,	'meta_keywords',	79,	6),
(1,	'tags',	79,	7),
(1,	'menu_pic_ua',	79,	8),
(1,	'menu_pic_a',	79,	9),
(1,	'header_pic',	79,	10),
(1,	'robots_deny',	79,	11),
(1,	'show_submenu',	79,	12),
(1,	'is_expanded',	79,	13),
(1,	'is_unindexed',	79,	14),
(1,	'rate_voters',	79,	15),
(1,	'rate_sum',	79,	16),
(1,	'expiration_date',	79,	17),
(1,	'notification_date',	79,	18),
(1,	'publish_comments',	79,	19),
(1,	'publish_status',	79,	20),
(1,	'locktime',	79,	21),
(1,	'lockuser',	79,	22),
(1,	'title',	80,	2),
(1,	'h1',	80,	3),
(1,	'content',	80,	4),
(1,	'meta_descriptions',	80,	5),
(1,	'meta_keywords',	80,	6),
(1,	'tags',	80,	7),
(1,	'menu_pic_ua',	80,	8),
(1,	'menu_pic_a',	80,	9),
(1,	'header_pic',	80,	10),
(1,	'robots_deny',	80,	11),
(1,	'show_submenu',	80,	12),
(1,	'is_expanded',	80,	13),
(1,	'is_unindexed',	80,	14),
(1,	'rate_voters',	80,	15),
(1,	'rate_sum',	80,	16),
(1,	'expiration_date',	80,	17),
(1,	'notification_date',	80,	18),
(1,	'publish_comments',	80,	19),
(1,	'publish_status',	80,	20),
(1,	'locktime',	80,	21),
(1,	'lockuser',	80,	22),
(1,	'title',	81,	2),
(1,	'h1',	81,	3),
(1,	'meta_descriptions',	81,	5),
(1,	'meta_keywords',	81,	6),
(1,	'tags',	81,	7),
(1,	'question',	81,	276),
(1,	'answer',	81,	301),
(1,	'author_id',	81,	264),
(1,	'publish_time',	81,	243),
(1,	'menu_pic_ua',	81,	8),
(1,	'menu_pic_a',	81,	9),
(1,	'header_pic',	81,	10),
(1,	'robots_deny',	81,	11),
(1,	'show_submenu',	81,	12),
(1,	'is_expanded',	81,	13),
(1,	'is_unindexed',	81,	14),
(1,	'expiration_date',	81,	17),
(1,	'notification_date',	81,	18),
(1,	'publish_comments',	81,	19),
(1,	'publish_status',	81,	20),
(1,	'locktime',	81,	21),
(1,	'lockuser',	81,	22),
(1,	'is_spam',	81,	265),
(1,	'disp_last_release',	82,	302),
(1,	'disp_description',	82,	303),
(1,	'forced_subscribers',	82,	304),
(1,	'news_relation',	82,	305),
(1,	'is_active',	82,	306),
(1,	'load_from_forum',	82,	307),
(1,	'days',	82,	308),
(1,	'hours',	82,	309),
(1,	'status',	83,	310),
(1,	'date',	83,	311),
(1,	'disp_reference',	83,	312),
(1,	'header',	84,	313),
(1,	'body',	84,	314),
(1,	'release_reference',	84,	315),
(1,	'attach_file',	84,	316),
(1,	'msg_date',	84,	317),
(1,	'short_body',	84,	318),
(1,	'new_relation',	84,	319),
(1,	'lname',	85,	320),
(1,	'fname',	85,	321),
(1,	'father_name',	85,	322),
(1,	'gender',	85,	323),
(1,	'uid',	85,	324),
(1,	'subscriber_dispatches',	85,	325),
(1,	'sent_release_list',	85,	326),
(1,	'subscribe_date',	85,	327),
(1,	'title',	86,	2),
(1,	'h1',	86,	3),
(1,	'meta_keywords',	86,	6),
(1,	'meta_descriptions',	86,	5),
(1,	'tags',	86,	7),
(1,	'menu_pic_ua',	86,	8),
(1,	'menu_pic_a',	86,	9),
(1,	'header_pic',	86,	10),
(1,	'robots_deny',	86,	11),
(1,	'show_submenu',	86,	12),
(1,	'is_expanded',	86,	13),
(1,	'is_unindexed',	86,	14),
(1,	'descr',	86,	267),
(1,	'social_category_vkontakte',	86,	328),
(1,	'rate_voters',	86,	15),
(1,	'rate_sum',	86,	16),
(1,	'expiration_date',	86,	17),
(1,	'notification_date',	86,	18),
(1,	'publish_comments',	86,	19),
(1,	'publish_status',	86,	20),
(1,	'locktime',	86,	21),
(1,	'lockuser',	86,	22),
(1,	'index_source',	86,	329),
(1,	'index_state',	86,	330),
(1,	'index_date',	86,	331),
(1,	'index_choose',	86,	332),
(1,	'index_level',	86,	333),
(1,	'title',	87,	2),
(1,	'h1',	87,	3),
(1,	'meta_keywords',	87,	6),
(1,	'meta_descriptions',	87,	5),
(1,	'tags',	87,	7),
(1,	'date_create_object',	87,	334),
(1,	'menu_pic_ua',	87,	8),
(1,	'menu_pic_a',	87,	9),
(1,	'header_pic',	87,	10),
(1,	'robots_deny',	87,	11),
(1,	'is_unindexed',	87,	14),
(1,	'tax_rate_id',	87,	335),
(1,	'price',	87,	336),
(1,	'payment_mode',	87,	337),
(1,	'payment_subject',	87,	338),
(1,	'stores_state',	87,	339),
(1,	'reserved',	87,	340),
(1,	'common_quantity',	87,	341),
(1,	'trade_offer_image',	87,	342),
(1,	'trade_offer_list',	87,	343),
(1,	'rate_voters',	87,	15),
(1,	'rate_sum',	87,	16),
(1,	'expiration_date',	87,	17),
(1,	'notification_date',	87,	18),
(1,	'publish_comments',	87,	19),
(1,	'publish_status',	87,	20),
(1,	'locktime',	87,	21),
(1,	'lockuser',	87,	22),
(1,	'fname',	88,	47),
(1,	'lname',	88,	46),
(1,	'father_name',	88,	48),
(1,	'preffered_currency',	88,	344),
(1,	'last_order',	88,	345),
(1,	'bonus',	88,	346),
(1,	'spent_bonus',	88,	347),
(1,	'email',	88,	49),
(1,	'phone',	88,	50),
(1,	'ip',	88,	348),
(1,	'delivery_addresses',	88,	349),
(1,	'legal_persons',	88,	350),
(1,	'modificator_type_id',	89,	65),
(1,	'size',	89,	351),
(1,	'rule_type_id',	90,	70),
(1,	'catalog_items',	90,	352),
(1,	'rule_type_id',	91,	70),
(1,	'start_date',	91,	353),
(1,	'end_date',	91,	354),
(1,	'rule_type_id',	92,	70),
(1,	'minimum',	92,	355),
(1,	'maximum',	92,	356),
(1,	'rule_type_id',	93,	70),
(1,	'minimal',	93,	357),
(1,	'maximum',	93,	358),
(1,	'rule_type_id',	94,	70),
(1,	'user_groups',	94,	359),
(1,	'rule_type_id',	95,	70),
(1,	'related_items',	95,	360),
(1,	'description',	96,	135),
(1,	'delivery_type_id',	96,	136),
(1,	'price',	96,	137),
(1,	'tax_rate_id',	96,	138),
(1,	'disabled',	96,	139),
(1,	'domain_id_list',	96,	140),
(1,	'payment_mode',	96,	141),
(1,	'payment_subject',	96,	142),
(1,	'disabled_types_of_payment',	96,	143),
(1,	'description',	97,	135),
(1,	'delivery_type_id',	97,	136),
(1,	'tax_rate_id',	97,	138),
(1,	'disabled',	97,	139),
(1,	'domain_id_list',	97,	140),
(1,	'payment_mode',	97,	141),
(1,	'payment_subject',	97,	142),
(1,	'disabled_types_of_payment',	97,	143),
(1,	'order_min_price',	97,	361),
(1,	'price',	97,	137),
(1,	'description',	98,	135),
(1,	'delivery_type_id',	98,	136),
(1,	'tax_rate_id',	98,	138),
(1,	'disabled',	98,	139),
(1,	'domain_id_list',	98,	140),
(1,	'payment_mode',	98,	141),
(1,	'payment_subject',	98,	142),
(1,	'disabled_types_of_payment',	98,	143),
(1,	'viewpost',	98,	362),
(1,	'zip_code',	98,	363),
(1,	'description',	99,	135),
(1,	'delivery_type_id',	99,	136),
(1,	'tax_rate_id',	99,	138),
(1,	'payment_mode',	99,	141),
(1,	'payment_subject',	99,	142),
(1,	'disabled_types_of_payment',	99,	143),
(1,	'login',	99,	364),
(1,	'password',	99,	365),
(1,	'dev_mode',	99,	366),
(1,	'keep_log',	99,	367),
(1,	'providers',	99,	368),
(1,	'delivery_types',	99,	369),
(1,	'pickup_types',	99,	370),
(1,	'settings',	99,	371),
(1,	'disabled',	99,	139),
(1,	'domain_id_list',	99,	140),
(1,	'payment_type_id',	100,	115),
(1,	'disabled',	100,	116),
(1,	'domain_id_list',	100,	117),
(1,	'reciever',	100,	372),
(1,	'reciever_inn',	100,	373),
(1,	'reciever_account',	100,	374),
(1,	'reciever_bank',	100,	375),
(1,	'bik',	100,	376),
(1,	'reciever_bank_account',	100,	377),
(1,	'payment_type_id',	101,	115),
(1,	'disabled',	101,	116),
(1,	'domain_id_list',	101,	117),
(1,	'merchant_id',	101,	378),
(1,	'private_key',	101,	379),
(1,	'receipt_data_send_enable',	101,	380),
(1,	'keep_log',	101,	381),
(1,	'payment_type_id',	102,	115),
(1,	'disabled',	102,	116),
(1,	'domain_id_list',	102,	117),
(1,	'payment_type_id',	103,	115),
(1,	'disabled',	103,	116),
(1,	'domain_id_list',	103,	117),
(1,	'login',	103,	382),
(1,	'password1',	103,	383),
(1,	'password2',	103,	384),
(1,	'test_mode',	103,	385),
(1,	'receipt_data_send_enable',	103,	380),
(1,	'payment_type_id',	104,	115),
(1,	'disabled',	104,	116),
(1,	'domain_id_list',	104,	117),
(1,	'eshopid',	104,	386),
(1,	'secretkey',	104,	387),
(1,	'payment_type_id',	105,	115),
(1,	'disabled',	105,	116),
(1,	'domain_id_list',	105,	117),
(1,	'name',	105,	388),
(1,	'legal_address',	105,	389),
(1,	'phone_number',	105,	390),
(1,	'inn',	105,	391),
(1,	'kpp',	105,	392),
(1,	'account',	105,	393),
(1,	'bank',	105,	394),
(1,	'bank_account',	105,	395),
(1,	'bik',	105,	376),
(1,	'sign_image',	105,	396),
(1,	'payment_type_id',	106,	115),
(1,	'disabled',	106,	116),
(1,	'domain_id_list',	106,	117),
(1,	'mnt_system_url',	106,	397),
(1,	'mnt_id',	106,	398),
(1,	'mnt_success_url',	106,	399),
(1,	'mnt_fail_url',	106,	400),
(1,	'mnt_data_integrity_code',	106,	401),
(1,	'mnt_test_mode',	106,	402),
(1,	'receipt_data_send_enable',	106,	380),
(1,	'payment_type_id',	107,	115),
(1,	'disabled',	107,	116),
(1,	'domain_id_list',	107,	117),
(1,	'project',	107,	403),
(1,	'key',	107,	404),
(1,	'source',	107,	405),
(1,	'payment_type_id',	108,	115),
(1,	'partnerId',	108,	406),
(1,	'apiKey',	108,	407),
(1,	'secretKey',	108,	387),
(1,	'demo_mode',	108,	408),
(1,	'disabled',	108,	116),
(1,	'domain_id_list',	108,	117),
(1,	'payment_type_id',	109,	115),
(1,	'disabled',	109,	116),
(1,	'domain_id_list',	109,	117),
(1,	'merchant_id',	109,	409),
(1,	'product_id',	109,	410),
(1,	'ok_url',	109,	411),
(1,	'secret_word',	109,	412),
(1,	'ko_url',	109,	413),
(1,	'payment_type_id',	110,	115),
(1,	'disabled',	110,	116),
(1,	'domain_id_list',	110,	117),
(1,	'shop_id',	110,	414),
(1,	'scid',	110,	415),
(1,	'bank_id',	110,	416),
(1,	'shop_password',	110,	417),
(1,	'demo_mode',	110,	408),
(1,	'receipt_data_send_enable',	110,	380),
(1,	'payment_type_id',	111,	115),
(1,	'disabled',	111,	116),
(1,	'domain_id_list',	111,	117),
(1,	'test_mode',	111,	385),
(1,	'paypalemail',	111,	418),
(1,	'return_success',	111,	419),
(1,	'cancel_return',	111,	420),
(1,	'payment_type_id',	112,	115),
(1,	'disabled',	112,	116),
(1,	'domain_id_list',	112,	117),
(1,	'shop_id',	112,	421),
(1,	'secret_key',	112,	422),
(1,	'receipt_data_send_enable',	112,	380),
(1,	'keep_log',	112,	381),
(1,	'id',	113,	423),
(1,	'descr',	113,	424),
(1,	'is_show_rand_banner',	113,	425),
(1,	'is_active',	114,	426),
(1,	'tags',	114,	427),
(1,	'url',	114,	428),
(1,	'open_in_new_window',	114,	429),
(1,	'views_count',	114,	430),
(1,	'clicks_count',	114,	431),
(1,	'max_views',	114,	432),
(1,	'show_start_date',	114,	433),
(1,	'show_till_date',	114,	434),
(1,	'user_tags',	114,	435),
(1,	'view_pages',	114,	436),
(1,	'place',	114,	437),
(1,	'not_view_pages',	114,	438),
(1,	'time_targeting_by_month_days',	114,	439),
(1,	'time_targeting_by_month',	114,	440),
(1,	'time_targeting_by_week_days',	114,	441),
(1,	'time_targeting_by_hours',	114,	442),
(1,	'time_targeting_is_active',	114,	443),
(1,	'city_targeting_city',	114,	444),
(1,	'city_targeting_is_active',	114,	445),
(1,	'priority',	114,	446),
(1,	'is_active',	115,	426),
(1,	'tags',	115,	427),
(1,	'image',	115,	447),
(1,	'width',	115,	448),
(1,	'height',	115,	449),
(1,	'alt',	115,	450),
(1,	'url',	115,	428),
(1,	'open_in_new_window',	115,	429),
(1,	'views_count',	115,	430),
(1,	'clicks_count',	115,	431),
(1,	'max_views',	115,	432),
(1,	'show_start_date',	115,	433),
(1,	'show_till_date',	115,	434),
(1,	'user_tags',	115,	435),
(1,	'view_pages',	115,	436),
(1,	'place',	115,	437),
(1,	'not_view_pages',	115,	438),
(1,	'time_targeting_by_month_days',	115,	439),
(1,	'time_targeting_by_month',	115,	440),
(1,	'time_targeting_by_week_days',	115,	441),
(1,	'time_targeting_by_hours',	115,	442),
(1,	'time_targeting_is_active',	115,	443),
(1,	'city_targeting_city',	115,	444),
(1,	'city_targeting_is_active',	115,	445),
(1,	'priority',	115,	446),
(1,	'is_active',	116,	426),
(1,	'tags',	116,	427),
(1,	'swf',	116,	451),
(1,	'width',	116,	448),
(1,	'height',	116,	449),
(1,	'swf_quality',	116,	452),
(1,	'url',	116,	428),
(1,	'open_in_new_window',	116,	429),
(1,	'views_count',	116,	430),
(1,	'clicks_count',	116,	431),
(1,	'max_views',	116,	432),
(1,	'show_start_date',	116,	433),
(1,	'show_till_date',	116,	434),
(1,	'user_tags',	116,	435),
(1,	'view_pages',	116,	436),
(1,	'place',	116,	437),
(1,	'not_view_pages',	116,	438),
(1,	'time_targeting_by_month_days',	116,	439),
(1,	'time_targeting_by_month',	116,	440),
(1,	'time_targeting_by_week_days',	116,	441),
(1,	'time_targeting_by_hours',	116,	442),
(1,	'time_targeting_is_active',	116,	443),
(1,	'city_targeting_city',	116,	444),
(1,	'city_targeting_is_active',	116,	445),
(1,	'priority',	116,	446),
(1,	'is_active',	117,	426),
(1,	'tags',	117,	427),
(1,	'html_content',	117,	453),
(1,	'url',	117,	428),
(1,	'open_in_new_window',	117,	429),
(1,	'views_count',	117,	430),
(1,	'clicks_count',	117,	431),
(1,	'max_views',	117,	432),
(1,	'show_start_date',	117,	433),
(1,	'show_till_date',	117,	434),
(1,	'user_tags',	117,	435),
(1,	'view_pages',	117,	436),
(1,	'place',	117,	437),
(1,	'not_view_pages',	117,	438),
(1,	'time_targeting_by_month_days',	117,	439),
(1,	'time_targeting_by_month',	117,	440),
(1,	'time_targeting_by_week_days',	117,	441),
(1,	'time_targeting_by_hours',	117,	442),
(1,	'time_targeting_is_active',	117,	443),
(1,	'city_targeting_city',	117,	444),
(1,	'city_targeting_is_active',	117,	445),
(1,	'priority',	117,	446),
(1,	'picture',	118,	454),
(1,	'is_hidden',	118,	455),
(1,	'format',	119,	456),
(1,	'elements',	119,	457),
(1,	'excluded_elements',	119,	458),
(1,	'cache_time',	119,	459),
(1,	'source_name',	119,	460),
(1,	'encoding_export',	119,	461),
(1,	'format',	120,	462),
(1,	'file',	120,	463),
(1,	'elements',	120,	464),
(1,	'encoding_import',	120,	465),
(1,	'source_name',	120,	466),
(1,	'title',	121,	2),
(1,	'h1',	121,	3),
(1,	'meta_descriptions',	121,	5),
(1,	'meta_keywords',	121,	6),
(1,	'tags',	121,	7),
(1,	'content',	121,	4),
(1,	'menu_pic_ua',	121,	8),
(1,	'menu_pic_a',	121,	9),
(1,	'header_pic',	121,	10),
(1,	'robots_deny',	121,	11),
(1,	'show_submenu',	121,	12),
(1,	'is_expanded',	121,	13),
(1,	'is_unindexed',	121,	14),
(1,	'fs_file',	121,	467),
(1,	'downloads_counter',	121,	468),
(1,	'rate_voters',	121,	15),
(1,	'rate_sum',	121,	16),
(1,	'expiration_date',	121,	17),
(1,	'notification_date',	121,	18),
(1,	'publish_comments',	121,	19),
(1,	'publish_status',	121,	20),
(1,	'locktime',	121,	21),
(1,	'lockuser',	121,	22),
(1,	'custom_id',	122,	469),
(1,	'lang_id',	122,	470),
(1,	'domain_id',	122,	471),
(1,	'domain_id',	123,	43),
(1,	'domain_id',	124,	43),
(1,	'title',	125,	2),
(1,	'h1',	125,	3),
(1,	'content',	125,	4),
(1,	'meta_descriptions',	125,	5),
(1,	'meta_keywords',	125,	6),
(1,	'tags',	125,	7),
(1,	'menu_pic_ua',	125,	8),
(1,	'menu_pic_a',	125,	9),
(1,	'header_pic',	125,	10),
(1,	'robots_deny',	125,	11),
(1,	'show_submenu',	125,	12),
(1,	'is_expanded',	125,	13),
(1,	'is_unindexed',	125,	14),
(1,	'rate_voters',	125,	15),
(1,	'rate_sum',	125,	16),
(1,	'expiration_date',	125,	17),
(1,	'notification_date',	125,	18),
(1,	'publish_comments',	125,	19),
(1,	'publish_status',	125,	20),
(1,	'locktime',	125,	21),
(1,	'lockuser',	125,	22),
(1,	'appoint_service_choice_title',	125,	472),
(1,	'appoint_hint_step_text',	125,	473),
(1,	'appoint_personal_step_title',	125,	474),
(1,	'appoint_personal_choice_title',	125,	475),
(1,	'appoint_dont_care_button',	125,	476),
(1,	'appoint_dont_care_hint',	125,	477),
(1,	'appoint_date_step_title',	125,	478),
(1,	'appoint_date_choice_title',	125,	479),
(1,	'appoint_confirm_step_title',	125,	480),
(1,	'appoint_book_time_button',	125,	481),
(1,	'appoint_book_time_hint',	125,	482),
(2,	'publish_status_id',	2,	1),
(2,	'title',	3,	2),
(2,	'h1',	3,	3),
(2,	'content',	3,	4),
(2,	'meta_descriptions',	3,	5),
(2,	'meta_keywords',	3,	6),
(2,	'tags',	3,	7),
(2,	'menu_pic_ua',	3,	8),
(2,	'menu_pic_a',	3,	9),
(2,	'header_pic',	3,	10),
(2,	'robots_deny',	3,	11),
(2,	'show_submenu',	3,	12),
(2,	'is_expanded',	3,	13),
(2,	'is_unindexed',	3,	14),
(2,	'rate_voters',	3,	15),
(2,	'rate_sum',	3,	16),
(2,	'expiration_date',	3,	17),
(2,	'notification_date',	3,	18),
(2,	'publish_comments',	3,	19),
(2,	'publish_status',	3,	20),
(2,	'locktime',	3,	21),
(2,	'lockuser',	3,	22),
(2,	'nazvanie',	39,	79),
(2,	'country_iso_code',	10,	30),
(2,	'country',	40,	80),
(2,	'index',	40,	81),
(2,	'region',	40,	82),
(2,	'city',	40,	83),
(2,	'street',	40,	84),
(2,	'house',	40,	85),
(2,	'flat',	40,	86),
(2,	'order_comments',	40,	483),
(2,	'codename',	21,	35),
(2,	'nominal',	21,	36),
(2,	'rate',	21,	37),
(2,	'prefix',	21,	38),
(2,	'suffix',	21,	39),
(2,	'contact_person',	49,	118),
(2,	'phone_number',	49,	119),
(2,	'fax',	49,	120),
(2,	'email',	49,	49),
(2,	'name',	49,	121),
(2,	'legal_address',	49,	122),
(2,	'defacto_address',	49,	123),
(2,	'post_address',	49,	124),
(2,	'inn',	49,	125),
(2,	'account',	49,	126),
(2,	'bank',	49,	127),
(2,	'bank_account',	49,	128),
(2,	'bik',	49,	129),
(2,	'ogrn',	49,	130),
(2,	'kpp',	49,	131),
(2,	'class_name',	41,	87),
(2,	'codename',	30,	34),
(2,	'description',	30,	60),
(2,	'discount_type_id',	42,	88),
(2,	'discount_modificator_id',	42,	89),
(2,	'discount_rules_id',	42,	90),
(2,	'is_active',	42,	91),
(2,	'description',	42,	92),
(2,	'item_amount',	44,	93),
(2,	'item_price',	44,	94),
(2,	'item_total_original_price',	44,	95),
(2,	'item_total_price',	44,	97),
(2,	'item_type_id',	44,	98),
(2,	'item_link',	44,	99),
(2,	'item_discount_id',	44,	100),
(2,	'options',	44,	109),
(2,	'codename',	45,	40),
(2,	'priority',	45,	111),
(2,	'class_name',	46,	112),
(2,	'payment_type_id',	46,	113),
(2,	'payment_type_guid',	46,	114),
(2,	'payment_type_id',	47,	115),
(2,	'codename',	48,	40),
(2,	'priority',	48,	111),
(2,	'class_name',	50,	132),
(2,	'delivery_type_id',	50,	133),
(2,	'delivery_type_guid',	50,	134),
(2,	'description',	51,	135),
(2,	'delivery_type_id',	51,	136),
(2,	'price',	51,	137),
(2,	'codename',	52,	40),
(2,	'priority',	52,	111),
(2,	'codename',	22,	40),
(2,	'codename',	20,	34),
(2,	'lname',	25,	46),
(2,	'fname',	25,	47),
(2,	'father_name',	25,	48),
(2,	'email',	25,	49),
(2,	'phone',	25,	50),
(2,	'order_items',	53,	144),
(2,	'number',	53,	145),
(2,	'customer_id',	53,	148),
(2,	'domain_id',	53,	149),
(2,	'manager_id',	53,	150),
(2,	'status_id',	53,	151),
(2,	'total_original_price',	53,	152),
(2,	'total_price',	53,	153),
(2,	'total_amount',	53,	154),
(2,	'is_reserved',	53,	158),
(2,	'order_date',	53,	156),
(2,	'status_change_date',	53,	155),
(2,	'social_order_id',	53,	146),
(2,	'yandex_order_id',	53,	147),
(2,	'payment_id',	53,	175),
(2,	'payment_status_id',	53,	177),
(2,	'payment_date',	53,	178),
(2,	'payment_document_num',	53,	179),
(2,	'legal_person',	53,	180),
(2,	'delivery_id',	53,	181),
(2,	'delivery_status_id',	53,	183),
(2,	'delivery_address',	53,	184),
(2,	'delivery_allow_date',	53,	198),
(2,	'delivery_price',	53,	191),
(2,	'order_discount_id',	53,	199),
(2,	'bonus',	53,	200),
(2,	'need_export',	53,	201),
(2,	'http_referer',	53,	167),
(2,	'http_target',	53,	168),
(2,	'source_domain',	53,	169),
(2,	'utm_medium',	53,	170),
(2,	'utm_term',	53,	171),
(2,	'utm_campaign',	53,	172),
(2,	'utm_content',	53,	173),
(2,	'order_create_date',	53,	174),
(2,	'credit-status',	53,	160),
(2,	'contractsigningdeadline',	53,	161),
(2,	'contractdeliverydeadline',	53,	162),
(2,	'banksigningappointmenttime',	53,	163),
(2,	'isconfirmed',	53,	164),
(2,	'signingtype',	53,	165),
(2,	'beingprocessed',	53,	166),
(2,	'purchaser_one_click',	53,	202),
(2,	'fm_prefix',	126,	484),
(2,	'login',	54,	203),
(2,	'password',	54,	204),
(2,	'groups',	54,	206),
(2,	'e-mail',	54,	205),
(2,	'activate_code',	54,	207),
(2,	'is_activated',	54,	209),
(2,	'last_request_time',	54,	210),
(2,	'subscribed_pages',	54,	211),
(2,	'rated_pages',	54,	212),
(2,	'is_online',	54,	213),
(2,	'messages_count',	54,	214),
(2,	'loginza',	54,	208),
(2,	'orders_refs',	54,	215),
(2,	'delivery_addresses',	54,	216),
(2,	'user_dock',	54,	217),
(2,	'preffered_currency',	54,	218),
(2,	'user_settings_data',	54,	219),
(2,	'legal_persons',	54,	222),
(2,	'last_order',	54,	220),
(2,	'bonus',	54,	221),
(2,	'spent_bonus',	54,	223),
(2,	'filemanager',	54,	485),
(2,	'filemanager_directory',	54,	224),
(2,	'register_date',	54,	226),
(2,	'appended_file_extensions',	54,	225),
(2,	'lname',	54,	229),
(2,	'fname',	54,	230),
(2,	'father_name',	54,	231),
(2,	'referer',	54,	233),
(2,	'target',	54,	234),
(2,	'id',	113,	423),
(2,	'descr',	113,	424),
(2,	'is_show_rand_banner',	113,	425),
(2,	'is_active',	114,	426),
(2,	'tags',	114,	427),
(2,	'url',	114,	428),
(2,	'open_in_new_window',	114,	429),
(2,	'views_count',	114,	430),
(2,	'clicks_count',	114,	431),
(2,	'max_views',	114,	432),
(2,	'show_start_date',	114,	433),
(2,	'show_till_date',	114,	434),
(2,	'user_tags',	114,	435),
(2,	'view_pages',	114,	436),
(2,	'place',	114,	437),
(2,	'not_view_pages',	114,	438),
(2,	'time_targeting_by_month_days',	114,	439),
(2,	'time_targeting_by_month',	114,	440),
(2,	'time_targeting_by_week_days',	114,	441),
(2,	'time_targeting_by_hours',	114,	442),
(2,	'time_targeting_is_active',	114,	443),
(2,	'city_targeting_city',	114,	444),
(2,	'city_targeting_is_active',	114,	445),
(2,	'priority',	114,	446),
(2,	'social_id',	19,	33),
(2,	'title',	86,	2),
(2,	'h1',	86,	3),
(2,	'meta_keywords',	86,	6),
(2,	'meta_descriptions',	86,	5),
(2,	'tags',	86,	7),
(2,	'menu_pic_ua',	86,	8),
(2,	'menu_pic_a',	86,	9),
(2,	'header_pic',	86,	10),
(2,	'robots_deny',	86,	11),
(2,	'show_submenu',	86,	12),
(2,	'is_expanded',	86,	13),
(2,	'is_unindexed',	86,	14),
(2,	'descr',	86,	267),
(2,	'social_category_vkontakte',	86,	328),
(2,	'rate_voters',	86,	15),
(2,	'rate_sum',	86,	16),
(2,	'expiration_date',	86,	17),
(2,	'notification_date',	86,	18),
(2,	'publish_comments',	86,	19),
(2,	'publish_status',	86,	20),
(2,	'locktime',	86,	21),
(2,	'lockuser',	86,	22),
(2,	'index_source',	86,	329),
(2,	'index_level',	86,	333),
(2,	'index_choose',	86,	332),
(2,	'index_state',	86,	330),
(2,	'index_date',	86,	331),
(2,	'title',	61,	2),
(2,	'h1',	61,	3),
(2,	'meta_keywords',	61,	6),
(2,	'meta_descriptions',	61,	5),
(2,	'tags',	61,	7),
(2,	'content',	61,	4),
(2,	'menu_pic_ua',	61,	8),
(2,	'menu_pic_a',	61,	9),
(2,	'header_pic',	61,	10),
(2,	'robots_deny',	61,	11),
(2,	'show_submenu',	61,	12),
(2,	'is_expanded',	61,	13),
(2,	'is_unindexed',	61,	14),
(2,	'info_page',	61,	486),
(2,	'rate_voters',	61,	15),
(2,	'rate_sum',	61,	16),
(2,	'expiration_date',	61,	17),
(2,	'notification_date',	61,	18),
(2,	'publish_comments',	61,	19),
(2,	'publish_status',	61,	20),
(2,	'locktime',	61,	21),
(2,	'lockuser',	61,	22),
(2,	'primary',	55,	235),
(2,	'title',	87,	2),
(2,	'h1',	87,	3),
(2,	'meta_keywords',	87,	6),
(2,	'meta_descriptions',	87,	5),
(2,	'tags',	87,	7),
(2,	'date_create_object',	87,	334),
(2,	'menu_pic_ua',	87,	8),
(2,	'menu_pic_a',	87,	9),
(2,	'header_pic',	87,	10),
(2,	'robots_deny',	87,	11),
(2,	'is_unindexed',	87,	14),
(2,	'price',	87,	336),
(2,	'old_price',	87,	487),
(2,	'photo',	87,	300),
(2,	'description',	87,	488),
(2,	'recommended_items',	87,	489),
(2,	'photos',	87,	490),
(2,	'furnish',	87,	491),
(2,	'stores_state',	87,	339),
(2,	'reserved',	87,	340),
(2,	'common_quantity',	87,	341),
(2,	'rate_voters',	87,	15),
(2,	'rate_sum',	87,	16),
(2,	'expiration_date',	87,	17),
(2,	'notification_date',	87,	18),
(2,	'publish_comments',	87,	19),
(2,	'publish_status',	87,	20),
(2,	'locktime',	87,	21),
(2,	'lockuser',	87,	22),
(2,	'best_offers',	87,	492),
(2,	'new',	87,	493),
(2,	'title',	7,	2),
(2,	'h1',	7,	3),
(2,	'meta_keywords',	7,	6),
(2,	'meta_descriptions',	7,	5),
(2,	'tags',	7,	7),
(2,	'readme',	7,	24),
(2,	'menu_pic_ua',	7,	8),
(2,	'menu_pic_a',	7,	9),
(2,	'header_pic',	7,	10),
(2,	'robots_deny',	7,	11),
(2,	'show_submenu',	7,	12),
(2,	'is_expanded',	7,	13),
(2,	'is_unindexed',	7,	14),
(2,	'rate_voters',	7,	15),
(2,	'rate_sum',	7,	16),
(2,	'expiration_date',	7,	17),
(2,	'notification_date',	7,	18),
(2,	'publish_comments',	7,	19),
(2,	'publish_status',	7,	20),
(2,	'locktime',	7,	21),
(2,	'lockuser',	7,	22),
(2,	'title',	60,	2),
(2,	'h1',	60,	3),
(2,	'meta_keywords',	60,	6),
(2,	'meta_descriptions',	60,	5),
(2,	'tags',	60,	7),
(2,	'anons',	60,	240),
(2,	'content',	60,	4),
(2,	'source',	60,	241),
(2,	'source_url',	60,	242),
(2,	'publish_time',	60,	243),
(2,	'begin_time',	60,	244),
(2,	'end_time',	60,	245),
(2,	'menu_pic_ua',	60,	8),
(2,	'menu_pic_a',	60,	9),
(2,	'header_pic',	60,	10),
(2,	'robots_deny',	60,	11),
(2,	'show_submenu',	60,	12),
(2,	'is_expanded',	60,	13),
(2,	'is_unindexed',	60,	14),
(2,	'anons_pic',	60,	246),
(2,	'publish_pic',	60,	247),
(2,	'subjects',	60,	248),
(2,	'rate_voters',	60,	15),
(2,	'rate_sum',	60,	16),
(2,	'expiration_date',	60,	17),
(2,	'notification_date',	60,	18),
(2,	'publish_comments',	60,	19),
(2,	'publish_status',	60,	20),
(2,	'locktime',	60,	21),
(2,	'lockuser',	60,	22),
(2,	'title',	72,	2),
(2,	'h1',	72,	3),
(2,	'meta_keywords',	72,	6),
(2,	'meta_descriptions',	72,	5),
(2,	'tags',	72,	7),
(2,	'menu_pic_ua',	72,	8),
(2,	'menu_pic_a',	72,	9),
(2,	'header_pic',	72,	10),
(2,	'robots_deny',	72,	11),
(2,	'show_submenu',	72,	12),
(2,	'is_expanded',	72,	13),
(2,	'is_unindexed',	72,	14),
(2,	'is_closed',	72,	275),
(2,	'question',	72,	276),
(2,	'publish_time',	72,	243),
(2,	'answers',	72,	277),
(2,	'total_count',	72,	278),
(2,	'rate_voters',	72,	15),
(2,	'rate_sum',	72,	16),
(2,	'expiration_date',	72,	17),
(2,	'notification_date',	72,	18),
(2,	'publish_comments',	72,	19),
(2,	'publish_status',	72,	20),
(2,	'locktime',	72,	21),
(2,	'lockuser',	72,	22),
(2,	'count',	71,	273),
(2,	'poll_rel',	71,	274),
(2,	'title',	67,	2),
(2,	'h1',	67,	3),
(2,	'meta_keywords',	67,	6),
(2,	'meta_descriptions',	67,	5),
(2,	'tags',	67,	7),
(2,	'descr',	67,	267),
(2,	'topics_count',	67,	268),
(2,	'messages_count',	67,	269),
(2,	'last_message',	67,	270),
(2,	'menu_pic_ua',	67,	8),
(2,	'menu_pic_a',	67,	9),
(2,	'header_pic',	67,	10),
(2,	'robots_deny',	67,	11),
(2,	'show_submenu',	67,	12),
(2,	'is_expanded',	67,	13),
(2,	'is_unindexed',	67,	14),
(2,	'rate_voters',	67,	15),
(2,	'rate_sum',	67,	16),
(2,	'expiration_date',	67,	17),
(2,	'notification_date',	67,	18),
(2,	'publish_comments',	67,	19),
(2,	'publish_status',	67,	20),
(2,	'locktime',	67,	21),
(2,	'lockuser',	67,	22),
(2,	'is_registrated',	64,	259),
(2,	'user_id',	64,	260),
(2,	'nickname',	64,	261),
(2,	'email',	64,	262),
(2,	'ip',	64,	263),
(2,	'title',	68,	2),
(2,	'h1',	68,	3),
(2,	'meta_keywords',	68,	6),
(2,	'tags',	68,	7),
(2,	'meta_descriptions',	68,	5),
(2,	'messages_count',	68,	269),
(2,	'last_message',	68,	270),
(2,	'menu_pic_ua',	68,	8),
(2,	'menu_pic_a',	68,	9),
(2,	'header_pic',	68,	10),
(2,	'robots_deny',	68,	11),
(2,	'show_submenu',	68,	12),
(2,	'is_expanded',	68,	13),
(2,	'is_unindexed',	68,	14),
(2,	'publish_time',	68,	243),
(2,	'author_id',	68,	264),
(2,	'last_post_time',	68,	271),
(2,	'rate_voters',	68,	15),
(2,	'rate_sum',	68,	16),
(2,	'expiration_date',	68,	17),
(2,	'notification_date',	68,	18),
(2,	'publish_comments',	68,	19),
(2,	'publish_status',	68,	20),
(2,	'locktime',	68,	21),
(2,	'lockuser',	68,	22),
(2,	'title',	69,	2),
(2,	'h1',	69,	3),
(2,	'meta_keywords',	69,	6),
(2,	'meta_descriptions',	69,	5),
(2,	'tags',	69,	7),
(2,	'menu_pic_ua',	69,	8),
(2,	'menu_pic_a',	69,	9),
(2,	'header_pic',	69,	10),
(2,	'robots_deny',	69,	11),
(2,	'show_submenu',	69,	12),
(2,	'is_expanded',	69,	13),
(2,	'is_unindexed',	69,	14),
(2,	'message',	69,	272),
(2,	'publish_time',	69,	243),
(2,	'author_id',	69,	264),
(2,	'rate_voters',	69,	15),
(2,	'rate_sum',	69,	16),
(2,	'expiration_date',	69,	17),
(2,	'notification_date',	69,	18),
(2,	'publish_comments',	69,	19),
(2,	'publish_status',	69,	20),
(2,	'locktime',	69,	21),
(2,	'lockuser',	69,	22),
(2,	'title',	70,	2),
(2,	'h1',	70,	3),
(2,	'meta_keywords',	70,	6),
(2,	'meta_descriptions',	70,	5),
(2,	'tags',	70,	7),
(2,	'menu_pic_ua',	70,	8),
(2,	'menu_pic_a',	70,	9),
(2,	'header_pic',	70,	10),
(2,	'robots_deny',	70,	11),
(2,	'show_submenu',	70,	12),
(2,	'is_expanded',	70,	13),
(2,	'is_unindexed',	70,	14),
(2,	'message',	70,	272),
(2,	'publish_time',	70,	243),
(2,	'author_id',	70,	264),
(2,	'rate_voters',	70,	15),
(2,	'rate_sum',	70,	16),
(2,	'expiration_date',	70,	17),
(2,	'notification_date',	70,	18),
(2,	'publish_comments',	70,	19),
(2,	'publish_status',	70,	20),
(2,	'locktime',	70,	21),
(2,	'lockuser',	70,	22),
(2,	'is_spam',	70,	265),
(2,	'is_active',	115,	426),
(2,	'tags',	115,	427),
(2,	'url',	115,	428),
(2,	'open_in_new_window',	115,	429),
(2,	'views_count',	115,	430),
(2,	'clicks_count',	115,	431),
(2,	'max_views',	115,	432),
(2,	'show_start_date',	115,	433),
(2,	'show_till_date',	115,	434),
(2,	'user_tags',	115,	435),
(2,	'view_pages',	115,	436),
(2,	'place',	115,	437),
(2,	'not_view_pages',	115,	438),
(2,	'time_targeting_by_month_days',	115,	439),
(2,	'time_targeting_by_month',	115,	440),
(2,	'time_targeting_by_week_days',	115,	441),
(2,	'time_targeting_by_hours',	115,	442),
(2,	'time_targeting_is_active',	115,	443),
(2,	'image',	115,	447),
(2,	'width',	115,	448),
(2,	'height',	115,	449),
(2,	'alt',	115,	450),
(2,	'city_targeting_city',	115,	444),
(2,	'city_targeting_is_active',	115,	445),
(2,	'priority',	115,	446),
(2,	'quality_value',	9,	29),
(2,	'is_active',	116,	426),
(2,	'tags',	116,	427),
(2,	'url',	116,	428),
(2,	'open_in_new_window',	116,	429),
(2,	'views_count',	116,	430),
(2,	'clicks_count',	116,	431),
(2,	'max_views',	116,	432),
(2,	'show_start_date',	116,	433),
(2,	'show_till_date',	116,	434),
(2,	'user_tags',	116,	435),
(2,	'view_pages',	116,	436),
(2,	'place',	116,	437),
(2,	'not_view_pages',	116,	438),
(2,	'time_targeting_by_month_days',	116,	439),
(2,	'time_targeting_by_month',	116,	440),
(2,	'time_targeting_by_week_days',	116,	441),
(2,	'time_targeting_by_hours',	116,	442),
(2,	'time_targeting_is_active',	116,	443),
(2,	'swf',	116,	451),
(2,	'width',	116,	448),
(2,	'height',	116,	449),
(2,	'swf_quality',	116,	452),
(2,	'city_targeting_city',	116,	444),
(2,	'city_targeting_is_active',	116,	445),
(2,	'priority',	116,	446),
(2,	'is_active',	117,	426),
(2,	'tags',	117,	427),
(2,	'url',	117,	428),
(2,	'open_in_new_window',	117,	429),
(2,	'views_count',	117,	430),
(2,	'clicks_count',	117,	431),
(2,	'max_views',	117,	432),
(2,	'show_start_date',	117,	433),
(2,	'show_till_date',	117,	434),
(2,	'user_tags',	117,	435),
(2,	'view_pages',	117,	436),
(2,	'place',	117,	437),
(2,	'not_view_pages',	117,	438),
(2,	'time_targeting_by_month_days',	117,	439),
(2,	'time_targeting_by_month',	117,	440),
(2,	'time_targeting_by_week_days',	117,	441),
(2,	'time_targeting_by_hours',	117,	442),
(2,	'time_targeting_is_active',	117,	443),
(2,	'html_content',	117,	453),
(2,	'city_targeting_city',	117,	444),
(2,	'city_targeting_is_active',	117,	445),
(2,	'priority',	117,	446),
(2,	'number',	17,	32),
(2,	'number',	16,	32),
(2,	'disp_last_release',	82,	302),
(2,	'disp_description',	82,	303),
(2,	'forced_subscribers',	82,	304),
(2,	'news_relation',	82,	305),
(2,	'is_active',	82,	306),
(2,	'days',	82,	308),
(2,	'hours',	82,	309),
(2,	'status',	83,	310),
(2,	'date',	83,	311),
(2,	'disp_reference',	83,	312),
(2,	'header',	84,	313),
(2,	'body',	84,	314),
(2,	'release_reference',	84,	315),
(2,	'attach_file',	84,	316),
(2,	'msg_date',	84,	317),
(2,	'short_body',	84,	318),
(2,	'new_relation',	84,	319),
(2,	'lname',	85,	320),
(2,	'fname',	85,	321),
(2,	'father_name',	85,	322),
(2,	'gender',	85,	323),
(2,	'uid',	85,	324),
(2,	'subscriber_dispatches',	85,	325),
(2,	'subscribe_date',	85,	327),
(2,	'user_id',	62,	249),
(2,	'message',	62,	250),
(2,	'x',	62,	251),
(2,	'y',	62,	252),
(2,	'width',	62,	253),
(2,	'height',	62,	254),
(2,	'url',	62,	256),
(2,	'title',	77,	2),
(2,	'h1',	77,	3),
(2,	'meta_descriptions',	77,	5),
(2,	'meta_keywords',	77,	6),
(2,	'tags',	77,	7),
(2,	'menu_pic_ua',	77,	8),
(2,	'menu_pic_a',	77,	9),
(2,	'header_pic',	77,	10),
(2,	'robots_deny',	77,	11),
(2,	'show_submenu',	77,	12),
(2,	'is_expanded',	77,	13),
(2,	'is_unindexed',	77,	14),
(2,	'descr',	77,	267),
(2,	'create_time',	77,	298),
(2,	'user_id',	77,	299),
(2,	'rate_voters',	77,	15),
(2,	'rate_sum',	77,	16),
(2,	'expiration_date',	77,	17),
(2,	'notification_date',	77,	18),
(2,	'publish_comments',	77,	19),
(2,	'publish_status',	77,	20),
(2,	'locktime',	77,	21),
(2,	'lockuser',	77,	22),
(2,	'title',	78,	2),
(2,	'h1',	78,	3),
(2,	'meta_descriptions',	78,	5),
(2,	'meta_keywords',	78,	6),
(2,	'tags',	78,	7),
(2,	'menu_pic_ua',	78,	8),
(2,	'menu_pic_a',	78,	9),
(2,	'header_pic',	78,	10),
(2,	'robots_deny',	78,	11),
(2,	'show_submenu',	78,	12),
(2,	'is_expanded',	78,	13),
(2,	'is_unindexed',	78,	14),
(2,	'photo',	78,	300),
(2,	'descr',	78,	267),
(2,	'create_time',	78,	298),
(2,	'user_id',	78,	299),
(2,	'rate_voters',	78,	15),
(2,	'rate_sum',	78,	16),
(2,	'expiration_date',	78,	17),
(2,	'notification_date',	78,	18),
(2,	'publish_comments',	78,	19),
(2,	'publish_status',	78,	20),
(2,	'locktime',	78,	21),
(2,	'lockuser',	78,	22),
(2,	'title',	81,	2),
(2,	'h1',	81,	3),
(2,	'meta_descriptions',	81,	5),
(2,	'meta_keywords',	81,	6),
(2,	'tags',	81,	7),
(2,	'question',	81,	276),
(2,	'answer',	81,	301),
(2,	'author_id',	81,	264),
(2,	'publish_time',	81,	243),
(2,	'menu_pic_ua',	81,	8),
(2,	'menu_pic_a',	81,	9),
(2,	'header_pic',	81,	10),
(2,	'robots_deny',	81,	11),
(2,	'show_submenu',	81,	12),
(2,	'is_expanded',	81,	13),
(2,	'is_unindexed',	81,	14),
(2,	'expiration_date',	81,	17),
(2,	'notification_date',	81,	18),
(2,	'publish_comments',	81,	19),
(2,	'publish_status',	81,	20),
(2,	'locktime',	81,	21),
(2,	'lockuser',	81,	22),
(2,	'is_spam',	81,	265),
(2,	'title',	121,	2),
(2,	'h1',	121,	3),
(2,	'content',	121,	4),
(2,	'meta_descriptions',	121,	5),
(2,	'meta_keywords',	121,	6),
(2,	'tags',	121,	7),
(2,	'menu_pic_ua',	121,	8),
(2,	'menu_pic_a',	121,	9),
(2,	'header_pic',	121,	10),
(2,	'robots_deny',	121,	11),
(2,	'show_submenu',	121,	12),
(2,	'is_expanded',	121,	13),
(2,	'is_unindexed',	121,	14),
(2,	'fs_file',	121,	467),
(2,	'downloads_counter',	121,	468),
(2,	'rate_voters',	121,	15),
(2,	'rate_sum',	121,	16),
(2,	'expiration_date',	121,	17),
(2,	'notification_date',	121,	18),
(2,	'publish_comments',	121,	19),
(2,	'publish_status',	121,	20),
(2,	'locktime',	121,	21),
(2,	'lockuser',	121,	22),
(2,	'destination_address',	74,	280),
(2,	'sender_ip',	74,	281),
(2,	'sending_time',	74,	282),
(2,	'from_email_template',	75,	284),
(2,	'from_template',	75,	285),
(2,	'subject_template',	75,	286),
(2,	'master_template',	75,	287),
(2,	'autoreply_from_email_template',	75,	288),
(2,	'autoreply_from_template',	75,	289),
(2,	'autoreply_subject_template',	75,	290),
(2,	'autoreply_template',	75,	292),
(2,	'form_id',	75,	294),
(2,	'posted_message',	75,	293),
(2,	'address_description',	76,	295),
(2,	'address_list',	76,	296),
(2,	'form_id',	76,	297),
(2,	'title',	63,	2),
(2,	'description',	63,	257),
(2,	'meta_descriptions',	63,	5),
(2,	'meta_keywords',	63,	6),
(2,	'tags',	63,	7),
(2,	'friendlist',	63,	258),
(2,	'h1',	63,	3),
(2,	'menu_pic_ua',	63,	8),
(2,	'menu_pic_a',	63,	9),
(2,	'header_pic',	63,	10),
(2,	'robots_deny',	63,	11),
(2,	'show_submenu',	63,	12),
(2,	'is_expanded',	63,	13),
(2,	'is_unindexed',	63,	14),
(2,	'rate_voters',	63,	15),
(2,	'rate_sum',	63,	16),
(2,	'content',	65,	4),
(2,	'author_id',	65,	264),
(2,	'publish_time',	65,	243),
(2,	'rate_voters',	65,	15),
(2,	'rate_sum',	65,	16),
(2,	'is_spam',	65,	265),
(2,	'title',	66,	2),
(2,	'h1',	66,	3),
(2,	'content',	66,	4),
(2,	'meta_descriptions',	66,	5),
(2,	'meta_keywords',	66,	6),
(2,	'tags',	66,	7),
(2,	'publish_time',	66,	243),
(2,	'menu_pic_ua',	66,	8),
(2,	'menu_pic_a',	66,	9),
(2,	'header_pic',	66,	10),
(2,	'robots_deny',	66,	11),
(2,	'show_submenu',	66,	12),
(2,	'is_expanded',	66,	13),
(2,	'is_unindexed',	66,	14),
(2,	'rate_voters',	66,	15),
(2,	'rate_sum',	66,	16),
(2,	'expiration_date',	66,	17),
(2,	'notification_date',	66,	18),
(2,	'publish_comments',	66,	19),
(2,	'publish_status',	66,	20),
(2,	'locktime',	66,	21),
(2,	'lockuser',	66,	22),
(2,	'only_for_friends',	66,	266),
(2,	'is_spam',	66,	265),
(2,	'title',	73,	2),
(2,	'h1',	73,	3),
(2,	'content',	73,	4),
(2,	'meta_descriptions',	73,	5),
(2,	'meta_keywords',	73,	6),
(2,	'tags',	73,	7),
(2,	'menu_pic_ua',	73,	8),
(2,	'menu_pic_a',	73,	9),
(2,	'header_pic',	73,	10),
(2,	'robots_deny',	73,	11),
(2,	'show_submenu',	73,	12),
(2,	'is_expanded',	73,	13),
(2,	'is_unindexed',	73,	14),
(2,	'rate_voters',	73,	15),
(2,	'rate_sum',	73,	16),
(2,	'expiration_date',	73,	17),
(2,	'notification_date',	73,	18),
(2,	'publish_comments',	73,	19),
(2,	'publish_status',	73,	20),
(2,	'locktime',	73,	21),
(2,	'lockuser',	73,	22),
(2,	'form_id',	73,	279),
(2,	'modificator_codename',	31,	61),
(2,	'modificator_type_id',	31,	62),
(2,	'modificator_discount_types',	31,	63),
(2,	'modificator_type_guid',	31,	64),
(2,	'modificator_type_id',	32,	65),
(2,	'rule_codename',	33,	66),
(2,	'rule_type_id',	33,	67),
(2,	'rule_discount_types',	33,	68),
(2,	'rule_type_guid',	33,	69),
(2,	'rule_type_id',	34,	70),
(2,	'rule_type_id',	90,	70),
(2,	'catalog_items',	90,	352),
(2,	'description',	96,	135),
(2,	'delivery_type_id',	96,	136),
(2,	'price',	96,	137),
(2,	'description',	97,	135),
(2,	'delivery_type_id',	97,	136),
(2,	'order_min_price',	97,	361),
(2,	'price',	97,	137),
(2,	'rule_type_id',	91,	70),
(2,	'start_date',	91,	353),
(2,	'end_date',	91,	354),
(2,	'rule_type_id',	92,	70),
(2,	'minimum',	92,	355),
(2,	'maximum',	92,	356),
(2,	'rule_type_id',	93,	70),
(2,	'minimal',	93,	357),
(2,	'maximum',	93,	358),
(2,	'rule_type_id',	94,	70),
(2,	'user_groups',	94,	359),
(2,	'rule_type_id',	57,	70),
(2,	'users',	57,	237),
(2,	'rule_type_id',	95,	70),
(2,	'related_items',	95,	360),
(2,	'payment_type_id',	101,	115),
(2,	'merchant_id',	101,	378),
(2,	'private_key',	101,	379),
(2,	'payment_type_id',	102,	115),
(2,	'title',	130,	2),
(2,	'h1',	130,	3),
(2,	'meta_keywords',	130,	6),
(2,	'meta_descriptions',	130,	5),
(2,	'tags',	130,	7),
(2,	'date_create_object',	130,	334),
(2,	'menu_pic_ua',	130,	8),
(2,	'menu_pic_a',	130,	9),
(2,	'header_pic',	130,	10),
(2,	'robots_deny',	130,	11),
(2,	'is_unindexed',	130,	14),
(2,	'price',	130,	336),
(2,	'old_price',	130,	487),
(2,	'photo',	130,	300),
(2,	'description',	130,	488),
(2,	'recommended_items',	130,	489),
(2,	'photos',	130,	490),
(2,	'weight',	130,	494),
(2,	'cvet',	130,	495),
(2,	'shirina',	130,	496),
(2,	'vysota',	130,	497),
(2,	'glubina',	130,	498),
(2,	'zvuk',	130,	499),
(2,	'furnish',	130,	491),
(2,	'stores_state',	130,	339),
(2,	'reserved',	130,	340),
(2,	'common_quantity',	130,	341),
(2,	'rate_voters',	130,	15),
(2,	'rate_sum',	130,	16),
(2,	'locktime',	130,	21),
(2,	'lockuser',	130,	22),
(2,	'expiration_date',	130,	17),
(2,	'notification_date',	130,	18),
(2,	'publish_comments',	130,	19),
(2,	'publish_status',	130,	20),
(2,	'best_offers',	130,	492),
(2,	'new',	130,	493),
(2,	'title',	132,	2),
(2,	'h1',	132,	3),
(2,	'meta_keywords',	132,	6),
(2,	'meta_descriptions',	132,	5),
(2,	'tags',	132,	7),
(2,	'date_create_object',	132,	334),
(2,	'menu_pic_ua',	132,	8),
(2,	'menu_pic_a',	132,	9),
(2,	'header_pic',	132,	10),
(2,	'robots_deny',	132,	11),
(2,	'is_unindexed',	132,	14),
(2,	'price',	132,	336),
(2,	'old_price',	132,	487),
(2,	'photo',	132,	300),
(2,	'description',	132,	488),
(2,	'recommended_items',	132,	489),
(2,	'photos',	132,	490),
(2,	'weight',	132,	494),
(2,	'cvet',	132,	495),
(2,	'kolichestvo_podklyuchenij',	132,	500),
(2,	'nositeli',	132,	501),
(2,	'vozmozhnost_zapisi',	132,	502),
(2,	'udachno_sochetaetsya_s',	132,	503),
(2,	'furnish',	132,	491),
(2,	'stores_state',	132,	339),
(2,	'reserved',	132,	340),
(2,	'common_quantity',	132,	341),
(2,	'rate_voters',	132,	15),
(2,	'rate_sum',	132,	16),
(2,	'expiration_date',	132,	17),
(2,	'notification_date',	132,	18),
(2,	'publish_comments',	132,	19),
(2,	'publish_status',	132,	20),
(2,	'locktime',	132,	21),
(2,	'lockuser',	132,	22),
(2,	'best_offers',	132,	492),
(2,	'new',	132,	493),
(2,	'title',	133,	2),
(2,	'h1',	133,	3),
(2,	'meta_keywords',	133,	6),
(2,	'meta_descriptions',	133,	5),
(2,	'tags',	133,	7),
(2,	'date_create_object',	133,	334),
(2,	'menu_pic_ua',	133,	8),
(2,	'menu_pic_a',	133,	9),
(2,	'header_pic',	133,	10),
(2,	'robots_deny',	133,	11),
(2,	'is_unindexed',	133,	14),
(2,	'price',	133,	336),
(2,	'old_price',	133,	487),
(2,	'photo',	133,	300),
(2,	'description',	133,	488),
(2,	'recommended_items',	133,	489),
(2,	'photos',	133,	490),
(2,	'cvet',	133,	495),
(2,	'diametr_sm',	133,	504),
(2,	'circle_square',	133,	505),
(2,	'udachno_sochetaetsya_s',	133,	503),
(2,	'furnish',	133,	491),
(2,	'stores_state',	133,	339),
(2,	'reserved',	133,	340),
(2,	'common_quantity',	133,	341),
(2,	'rate_voters',	133,	15),
(2,	'rate_sum',	133,	16),
(2,	'expiration_date',	133,	17),
(2,	'notification_date',	133,	18),
(2,	'publish_comments',	133,	19),
(2,	'publish_status',	133,	20),
(2,	'locktime',	133,	21),
(2,	'lockuser',	133,	22),
(2,	'best_offers',	133,	492),
(2,	'new',	133,	493),
(2,	'title',	138,	2),
(2,	'h1',	138,	3),
(2,	'meta_keywords',	138,	6),
(2,	'meta_descriptions',	138,	5),
(2,	'tags',	138,	7),
(2,	'date_create_object',	138,	334),
(2,	'menu_pic_ua',	138,	8),
(2,	'menu_pic_a',	138,	9),
(2,	'header_pic',	138,	10),
(2,	'robots_deny',	138,	11),
(2,	'is_unindexed',	138,	14),
(2,	'price',	138,	336),
(2,	'old_price',	138,	487),
(2,	'photo',	138,	300),
(2,	'description',	138,	488),
(2,	'recommended_items',	138,	489),
(2,	'photos',	138,	490),
(2,	'diagonal',	138,	506),
(2,	'weight',	138,	494),
(2,	'ekran',	138,	507),
(2,	'yarkost',	138,	508),
(2,	'cvet',	138,	495),
(2,	'zawita_ot_detej',	138,	509),
(2,	'furnish',	138,	491),
(2,	'nastennoe_kreplenie',	138,	510),
(2,	'stores_state',	138,	339),
(2,	'reserved',	138,	340),
(2,	'common_quantity',	138,	341),
(2,	'rate_voters',	138,	15),
(2,	'rate_sum',	138,	16),
(2,	'expiration_date',	138,	17),
(2,	'notification_date',	138,	18),
(2,	'publish_comments',	138,	19),
(2,	'publish_status',	138,	20),
(2,	'locktime',	138,	21),
(2,	'lockuser',	138,	22),
(2,	'best_offers',	138,	492),
(2,	'new',	138,	493),
(2,	'title',	140,	2),
(2,	'h1',	140,	3),
(2,	'meta_keywords',	140,	6),
(2,	'meta_descriptions',	140,	5),
(2,	'tags',	140,	7),
(2,	'date_create_object',	140,	334),
(2,	'menu_pic_ua',	140,	8),
(2,	'menu_pic_a',	140,	9),
(2,	'header_pic',	140,	10),
(2,	'robots_deny',	140,	11),
(2,	'is_unindexed',	140,	14),
(2,	'price',	140,	336),
(2,	'old_price',	140,	487),
(2,	'photo',	140,	300),
(2,	'description',	140,	488),
(2,	'recommended_items',	140,	489),
(2,	'photos',	140,	490),
(2,	'weight',	140,	494),
(2,	'ekran',	140,	507),
(2,	'cvet',	140,	495),
(2,	'operacionnaya_sistema',	140,	511),
(2,	'vremya_dejstviya_ot_akb',	140,	512),
(2,	'furnish',	140,	491),
(2,	'stores_state',	140,	339),
(2,	'reserved',	140,	340),
(2,	'common_quantity',	140,	341),
(2,	'rate_voters',	140,	15),
(2,	'rate_sum',	140,	16),
(2,	'expiration_date',	140,	17),
(2,	'notification_date',	140,	18),
(2,	'publish_comments',	140,	19),
(2,	'publish_status',	140,	20),
(2,	'locktime',	140,	21),
(2,	'lockuser',	140,	22),
(2,	'best_offers',	140,	492),
(2,	'new',	140,	493),
(2,	'background',	141,	513),
(2,	'title',	142,	2),
(2,	'h1',	142,	3),
(2,	'meta_keywords',	142,	6),
(2,	'meta_descriptions',	142,	5),
(2,	'tags',	142,	7),
(2,	'content',	142,	4),
(2,	'menu_pic_ua',	142,	8),
(2,	'menu_pic_a',	142,	9),
(2,	'header_pic',	142,	10),
(2,	'robots_deny',	142,	11),
(2,	'show_submenu',	142,	12),
(2,	'is_expanded',	142,	13),
(2,	'is_unindexed',	142,	14),
(2,	'info_page',	142,	486),
(2,	'rate_voters',	142,	15),
(2,	'rate_sum',	142,	16),
(2,	'phone',	142,	514),
(2,	'order_info_top',	142,	515),
(2,	'order_info_left',	142,	516),
(2,	'payment_info_left',	142,	517),
(2,	'site_logo',	142,	518),
(2,	'site_theme',	142,	519),
(2,	'expiration_date',	142,	17),
(2,	'notification_date',	142,	18),
(2,	'publish_comments',	142,	19),
(2,	'publish_status',	142,	20),
(2,	'locktime',	142,	21),
(2,	'lockuser',	142,	22),
(2,	'identifier',	15,	31),
(2,	'identifier',	14,	31),
(2,	'sid',	36,	72),
(2,	'sid',	35,	71),
(2,	'format',	119,	456),
(2,	'elements',	119,	457),
(2,	'cache_time',	119,	459),
(2,	'source_name',	119,	460),
(2,	'excluded_elements',	119,	458),
(2,	'format',	120,	462),
(2,	'file',	120,	463),
(2,	'elements',	120,	464),
(2,	'payment_type_id',	100,	115),
(2,	'reciever',	100,	372),
(2,	'reciever_inn',	100,	373),
(2,	'reciever_account',	100,	374),
(2,	'reciever_bank',	100,	375),
(2,	'bik',	100,	376),
(2,	'reciever_bank_account',	100,	377),
(2,	'payment_type_id',	103,	115),
(2,	'login',	103,	382),
(2,	'password1',	103,	383),
(2,	'password2',	103,	384),
(2,	'test_mode',	103,	385),
(2,	'payment_type_id',	104,	115),
(2,	'eshopid',	104,	386),
(2,	'secretkey',	104,	387),
(2,	'description',	98,	135),
(2,	'delivery_type_id',	98,	136),
(2,	'viewpost',	98,	362),
(2,	'typepost',	98,	520),
(2,	'setpostvalue',	98,	521),
(2,	'departure_city',	98,	522),
(2,	'payment_type_id',	105,	115),
(2,	'name',	105,	388),
(2,	'legal_address',	105,	389),
(2,	'inn',	105,	391),
(2,	'kpp',	105,	392),
(2,	'account',	105,	393),
(2,	'bank',	105,	394),
(2,	'bank_account',	105,	395),
(2,	'bik',	105,	376),
(2,	'sign_image',	105,	396),
(2,	'phone_number',	105,	390),
(2,	'social_id',	37,	73),
(2,	'template_id',	37,	74),
(2,	'domain_id',	37,	75),
(2,	'nazvanie_sajta',	38,	76),
(2,	'is_iframe_enabled',	38,	77),
(2,	'iframe_pages',	38,	78),
(2,	'social_id',	38,	73),
(2,	'template_id',	38,	74),
(2,	'domain_id',	38,	75),
(2,	'payment_type_id',	106,	115),
(2,	'mnt_system_url',	106,	397),
(2,	'mnt_id',	106,	398),
(2,	'mnt_success_url',	106,	399),
(2,	'mnt_fail_url',	106,	400),
(2,	'mnt_data_integrity_code',	106,	401),
(2,	'mnt_test_mode',	106,	402),
(2,	'payment_type_id',	107,	115),
(2,	'project',	107,	403),
(2,	'key',	107,	404),
(2,	'source',	107,	405),
(2,	'payment_type_id',	108,	115),
(2,	'partnerid',	108,	406),
(2,	'apikey',	108,	407),
(2,	'secretkey',	108,	387),
(2,	'demo_mode',	108,	408),
(2,	'payment_type_id',	109,	115),
(2,	'merchant_id',	109,	409),
(2,	'product_id',	109,	410),
(2,	'ok_url',	109,	411),
(2,	'secret_word',	109,	412),
(2,	'ko_url',	109,	413),
(2,	'payment_type_id',	110,	115),
(2,	'shop_id',	110,	414),
(2,	'scid',	110,	415),
(2,	'bank_id',	110,	416),
(2,	'shop_password',	110,	417),
(2,	'demo_mode',	110,	408),
(2,	'yandex_pc',	110,	523),
(2,	'yandex_gp_svzny',	110,	524),
(2,	'yandex_ac',	110,	525),
(2,	'yandex_gp_eurst',	110,	526),
(2,	'yandex_mc',	110,	527),
(2,	'yandex_gp_other',	110,	528),
(2,	'menu_id',	58,	238),
(2,	'menuhierarchy',	58,	239),
(2,	'payment_type_id',	111,	115),
(2,	'paypalemail',	111,	418),
(2,	'return_success',	111,	419),
(2,	'cancel_return',	111,	420),
(2,	'destination_address',	143,	280),
(2,	'sender_ip',	143,	281),
(2,	'sending_time',	143,	282),
(2,	'name',	143,	529),
(2,	'phone',	143,	530),
(2,	'comment',	143,	531),
(2,	'charset',	6,	23),
(2,	'rss_type',	8,	25),
(2,	'url',	8,	26),
(2,	'news_rubric',	8,	28),
(2,	'charset_id',	8,	27),
(2,	'title',	79,	2),
(2,	'h1',	79,	3),
(2,	'content',	79,	4),
(2,	'meta_descriptions',	79,	5),
(2,	'meta_keywords',	79,	6),
(2,	'tags',	79,	7),
(2,	'menu_pic_ua',	79,	8),
(2,	'menu_pic_a',	79,	9),
(2,	'header_pic',	79,	10),
(2,	'robots_deny',	79,	11),
(2,	'show_submenu',	79,	12),
(2,	'is_expanded',	79,	13),
(2,	'is_unindexed',	79,	14),
(2,	'rate_voters',	79,	15),
(2,	'rate_sum',	79,	16),
(2,	'expiration_date',	79,	17),
(2,	'notification_date',	79,	18),
(2,	'publish_comments',	79,	19),
(2,	'publish_status',	79,	20),
(2,	'locktime',	79,	21),
(2,	'lockuser',	79,	22),
(2,	'title',	80,	2),
(2,	'h1',	80,	3),
(2,	'content',	80,	4),
(2,	'meta_descriptions',	80,	5),
(2,	'meta_keywords',	80,	6),
(2,	'tags',	80,	7),
(2,	'menu_pic_ua',	80,	8),
(2,	'menu_pic_a',	80,	9),
(2,	'header_pic',	80,	10),
(2,	'robots_deny',	80,	11),
(2,	'show_submenu',	80,	12),
(2,	'is_expanded',	80,	13),
(2,	'is_unindexed',	80,	14),
(2,	'rate_voters',	80,	15),
(2,	'rate_sum',	80,	16),
(2,	'expiration_date',	80,	17),
(2,	'notification_date',	80,	18),
(2,	'publish_comments',	80,	19),
(2,	'publish_status',	80,	20),
(2,	'locktime',	80,	21),
(2,	'lockuser',	80,	22),
(2,	'picture',	118,	454),
(2,	'is_hidden',	118,	455),
(2,	'fname',	88,	47),
(2,	'lname',	88,	46),
(2,	'father_name',	88,	48),
(2,	'preffered_currency',	88,	344),
(2,	'last_order',	88,	345),
(2,	'bonus',	88,	346),
(2,	'spent_bonus',	88,	347),
(2,	'email',	88,	49),
(2,	'phone',	88,	50),
(2,	'ip',	88,	348),
(2,	'delivery_addresses',	88,	349),
(2,	'legal_persons',	88,	350),
(2,	'proc',	56,	236),
(2,	'modificator_type_id',	56,	65),
(2,	'modificator_type_id',	89,	65),
(2,	'size',	89,	351),
(2,	'platform_identificator',	23,	41),
(2,	'active',	24,	42),
(2,	'domain_id',	24,	43),
(2,	'token',	24,	44),
(2,	'platform',	24,	45);

DROP TABLE IF EXISTS `cms3_import_groups`;
CREATE TABLE `cms3_import_groups` (
  `source_id` int(10) unsigned NOT NULL,
  `group_name` varchar(48) NOT NULL,
  `type_id` int(10) unsigned NOT NULL,
  `new_id` int(10) unsigned NOT NULL,
  KEY `source_id` (`source_id`),
  KEY `type_id` (`type_id`),
  KEY `group_name` (`group_name`),
  KEY `new_id` (`new_id`),
  CONSTRAINT `FK_GroupSourceId_To_Source` FOREIGN KEY (`source_id`) REFERENCES `cms3_import_sources` (`id`) ON DELETE CASCADE ON UPDATE CASCADE,
  CONSTRAINT `FK_NewGroupId_To_ObjectTypeId` FOREIGN KEY (`type_id`) REFERENCES `cms3_import_types` (`new_id`) ON DELETE CASCADE ON UPDATE CASCADE,
  CONSTRAINT `FK_NewId_To_ObjectTypeGroupId` FOREIGN KEY (`new_id`) REFERENCES `cms3_object_field_groups` (`id`) ON DELETE CASCADE ON UPDATE CASCADE
) ENGINE=InnoDB DEFAULT CHARSET=utf8;

INSERT INTO `cms3_import_groups` (`source_id`, `group_name`, `type_id`, `new_id`) VALUES
(1,	'svojstva_statusa_stranicy',	2,	1),
(1,	'common',	3,	2),
(1,	'menu_view',	3,	3),
(1,	'more_params',	3,	4),
(1,	'rate_props',	3,	5),
(1,	'svojstva_publikacii',	3,	6),
(1,	'locks',	3,	7),
(1,	'common',	6,	8),
(1,	'common',	7,	9),
(1,	'menu_view',	7,	10),
(1,	'more_params',	7,	11),
(1,	'rate_voters',	7,	12),
(1,	'svojstva_publikacii',	7,	13),
(1,	'locks',	7,	14),
(1,	'common',	8,	15),
(1,	'props',	9,	16),
(1,	'params_more',	10,	17),
(1,	'common',	14,	18),
(1,	'common',	15,	19),
(1,	'additional',	16,	20),
(1,	'additional',	17,	21),
(1,	'params',	19,	22),
(1,	'common',	20,	23),
(1,	'props_currency',	21,	24),
(1,	'credit_status_props',	22,	25),
(1,	'common',	23,	26),
(1,	'common',	24,	27),
(1,	'personal',	25,	28),
(1,	'common',	27,	29),
(1,	'common',	28,	30),
(1,	'common',	29,	31),
(1,	'discount_type_props',	30,	32),
(1,	'discount_modificator_type_props',	31,	33),
(1,	'discount_modificator_props',	32,	34),
(1,	'discount_rule_type_props',	33,	35),
(1,	'discount_rule_props',	34,	36),
(1,	'common',	35,	37),
(1,	'common',	36,	38),
(1,	'network_system_props',	37,	39),
(1,	'props',	38,	40),
(1,	'pages',	38,	41),
(1,	'network_system_props',	38,	42),
(1,	'svojstva_gruppy_polzovatelej',	39,	43),
(1,	'common',	40,	44),
(1,	'item_type_props',	41,	45),
(1,	'discount_props',	42,	46),
(1,	'item_props',	44,	47),
(1,	'item_optioned_props',	44,	48),
(1,	'trade_offers',	44,	49),
(1,	'order_status_props',	45,	50),
(1,	'payment_type_props',	46,	51),
(1,	'payment_props',	47,	52),
(1,	'order_status_props',	48,	53),
(1,	'general',	49,	54),
(1,	'addresses',	49,	55),
(1,	'payment',	49,	56),
(1,	'delivery_type_props',	50,	57),
(1,	'delivery_description_props',	51,	58),
(1,	'order_status_props',	52,	59),
(1,	'order_props',	53,	60),
(1,	'order_credit_props',	53,	61),
(1,	'statistic_info',	53,	62),
(1,	'order_payment_props',	53,	63),
(1,	'order_delivery_props',	53,	64),
(1,	'order_discount_props',	53,	65),
(1,	'integration_date',	53,	66),
(1,	'purchase_one_click',	53,	67),
(1,	'idetntify_data',	54,	68),
(1,	'more_info',	54,	69),
(1,	'short_info',	54,	70),
(1,	'delivery',	54,	71),
(1,	'statistic_info',	54,	72),
(1,	'store_props',	55,	73),
(1,	'discount_modificator_props',	56,	74),
(1,	'discount_rule_props',	57,	75),
(1,	'common',	58,	76),
(1,	'common',	60,	77),
(1,	'item_props',	60,	78),
(1,	'menu_view',	60,	79),
(1,	'more_params',	60,	80),
(1,	'news_images',	60,	81),
(1,	'subjects_block',	60,	82),
(1,	'rate_voters',	60,	83),
(1,	'svojstva_publikacii',	60,	84),
(1,	'locks',	60,	85),
(1,	'common',	61,	86),
(1,	'menu_view',	61,	87),
(1,	'more_params',	61,	88),
(1,	'rate_voters',	61,	89),
(1,	'svojstva_publikacii',	61,	90),
(1,	'locks',	61,	91),
(1,	'props',	62,	92),
(1,	'common',	63,	93),
(1,	'menu_view',	63,	94),
(1,	'more_params',	63,	95),
(1,	'rate_props',	63,	96),
(1,	'props',	64,	97),
(1,	'common',	65,	98),
(1,	'rate_props',	65,	99),
(1,	'antispam',	65,	100),
(1,	'common',	66,	101),
(1,	'menu_view',	66,	102),
(1,	'more_params',	66,	103),
(1,	'rate_props',	66,	104),
(1,	'svojstva_publikacii',	66,	105),
(1,	'locks',	66,	106),
(1,	'privacy',	66,	107),
(1,	'antispam',	66,	108),
(1,	'common',	67,	109),
(1,	'menu_view',	67,	110),
(1,	'more_params',	67,	111),
(1,	'rate_voters',	67,	112),
(1,	'svojstva_publikacii',	67,	113),
(1,	'locks',	67,	114),
(1,	'common',	68,	115),
(1,	'menu_view',	68,	116),
(1,	'more_params',	68,	117),
(1,	'topic_props',	68,	118),
(1,	'rate_voters',	68,	119),
(1,	'svojstva_publikacii',	68,	120),
(1,	'locks',	68,	121),
(1,	'common',	69,	122),
(1,	'menu_view',	69,	123),
(1,	'more_params',	69,	124),
(1,	'message_props',	69,	125),
(1,	'rate_voters',	69,	126),
(1,	'svojstva_publikacii',	69,	127),
(1,	'locks',	69,	128),
(1,	'common',	70,	129),
(1,	'menu_view',	70,	130),
(1,	'more_params',	70,	131),
(1,	'comment_props',	70,	132),
(1,	'rate_voters',	70,	133),
(1,	'svojstva_publikacii',	70,	134),
(1,	'locks',	70,	135),
(1,	'antispam',	70,	136),
(1,	'common_props',	71,	137),
(1,	'common',	72,	138),
(1,	'menu_view',	72,	139),
(1,	'more_params',	72,	140),
(1,	'poll_props',	72,	141),
(1,	'rate_voters',	72,	142),
(1,	'svojstva_publikacii',	72,	143),
(1,	'locks',	72,	144),
(1,	'common',	73,	145),
(1,	'menu_view',	73,	146),
(1,	'more_params',	73,	147),
(1,	'rate_props',	73,	148),
(1,	'svojstva_publikacii',	73,	149),
(1,	'locks',	73,	150),
(1,	'binding',	73,	151),
(1,	'sendingdata',	74,	152),
(1,	'templates',	75,	153),
(1,	'auto_reply',	75,	154),
(1,	'messages',	75,	155),
(1,	'binding',	75,	156),
(1,	'list',	76,	157),
(1,	'common',	77,	158),
(1,	'menu_view',	77,	159),
(1,	'more_params',	77,	160),
(1,	'album_props',	77,	161),
(1,	'rate_voters',	77,	162),
(1,	'svojstva_publikacii',	77,	163),
(1,	'locks',	77,	164),
(1,	'common',	78,	165),
(1,	'menu_view',	78,	166),
(1,	'more_params',	78,	167),
(1,	'photo_props',	78,	168),
(1,	'rate_voters',	78,	169),
(1,	'svojstva_publikacii',	78,	170),
(1,	'locks',	78,	171),
(1,	'common',	79,	172),
(1,	'menu_view',	79,	173),
(1,	'more_params',	79,	174),
(1,	'rate_voters',	79,	175),
(1,	'svojstva_publikacii',	79,	176),
(1,	'locks',	79,	177),
(1,	'common',	80,	178),
(1,	'menu_view',	80,	179),
(1,	'more_params',	80,	180),
(1,	'rate_voters',	80,	181),
(1,	'svojstva_publikacii',	80,	182),
(1,	'locks',	80,	183),
(1,	'common',	81,	184),
(1,	'menu_view',	81,	185),
(1,	'more_params',	81,	186),
(1,	'svojstva_publikacii',	81,	187),
(1,	'locks',	81,	188),
(1,	'antispam',	81,	189),
(1,	'grp_disp_props',	82,	190),
(1,	'auto_settings',	82,	191),
(1,	'grp_disp_release_props',	83,	192),
(1,	'grp_disp_msg_props',	84,	193),
(1,	'grp_disp_msg_extended',	84,	194),
(1,	'grp_sbs_props',	85,	195),
(1,	'grp_sbs_extended',	85,	196),
(1,	'common',	86,	197),
(1,	'menu_view',	86,	198),
(1,	'more_params',	86,	199),
(1,	'dopolnitelno',	86,	200),
(1,	'rate_voters',	86,	201),
(1,	'svojstva_publikacii',	86,	202),
(1,	'locks',	86,	203),
(1,	'filter_index',	86,	204),
(1,	'common',	87,	205),
(1,	'menu_view',	87,	206),
(1,	'more_params',	87,	207),
(1,	'cenovye_svojstva',	87,	208),
(1,	'catalog_option_props',	87,	209),
(1,	'catalog_stores_props',	87,	210),
(1,	'trade_offers',	87,	211),
(1,	'rate_voters',	87,	212),
(1,	'svojstva_publikacii',	87,	213),
(1,	'locks',	87,	214),
(1,	'personal_info',	88,	215),
(1,	'contact_props',	88,	216),
(1,	'delivery',	88,	217),
(1,	'yuridicheskie_dannye',	88,	218),
(1,	'discount_modificator_props',	89,	219),
(1,	'discount_rule_props',	90,	220),
(1,	'discount_rule_props',	91,	221),
(1,	'discount_rule_props',	92,	222),
(1,	'discount_rule_props',	93,	223),
(1,	'discount_rule_props',	94,	224),
(1,	'discount_rule_props',	95,	225),
(1,	'delivery_description_props',	96,	226),
(1,	'delivery_description_props',	97,	227),
(1,	'delivery_courier_props',	97,	228),
(1,	'delivery_description_props',	98,	229),
(1,	'settings',	98,	230),
(1,	'delivery_description_props',	99,	231),
(1,	'settings',	99,	232),
(1,	'payment_props',	100,	233),
(1,	'settings',	100,	234),
(1,	'payment_props',	101,	235),
(1,	'settings',	101,	236),
(1,	'payment_props',	102,	237),
(1,	'payment_props',	103,	238),
(1,	'settings',	103,	239),
(1,	'payment_props',	104,	240),
(1,	'settings',	104,	241),
(1,	'payment_props',	105,	242),
(1,	'organization',	105,	243),
(1,	'payment_props',	106,	244),
(1,	'settings',	106,	245),
(1,	'payment_props',	107,	246),
(1,	'settings',	107,	247),
(1,	'payment_props',	108,	248),
(1,	'payment_props',	109,	249),
(1,	'settings',	109,	250),
(1,	'payment_props',	110,	251),
(1,	'settings',	110,	252),
(1,	'payment_props',	111,	253),
(1,	'settings',	111,	254),
(1,	'payment_props',	112,	255),
(1,	'settings',	112,	256),
(1,	'common_props',	113,	257),
(1,	'common',	114,	258),
(1,	'redirect_props',	114,	259),
(1,	'view_params',	114,	260),
(1,	'view_pages',	114,	261),
(1,	'time_targeting',	114,	262),
(1,	'city_targeting',	114,	263),
(1,	'view_settings',	114,	264),
(1,	'common',	115,	265),
(1,	'banner_custom_props',	115,	266),
(1,	'redirect_props',	115,	267),
(1,	'view_params',	115,	268),
(1,	'view_pages',	115,	269),
(1,	'time_targeting',	115,	270),
(1,	'city_targeting',	115,	271),
(1,	'view_settings',	115,	272),
(1,	'common',	116,	273),
(1,	'banner_custom_props',	116,	274),
(1,	'redirect_props',	116,	275),
(1,	'view_params',	116,	276),
(1,	'view_pages',	116,	277),
(1,	'time_targeting',	116,	278),
(1,	'city_targeting',	116,	279),
(1,	'view_settings',	116,	280),
(1,	'common',	117,	281),
(1,	'banner_custom_props',	117,	282),
(1,	'redirect_props',	117,	283),
(1,	'view_params',	117,	284),
(1,	'view_pages',	117,	285),
(1,	'time_targeting',	117,	286),
(1,	'city_targeting',	117,	287),
(1,	'view_settings',	117,	288),
(1,	'svojstva',	118,	289),
(1,	'common',	119,	290),
(1,	'common',	120,	291),
(1,	'common',	121,	292),
(1,	'menu_view',	121,	293),
(1,	'more_params',	121,	294),
(1,	'fs_file_props',	121,	295),
(1,	'rate_voters',	121,	296),
(1,	'svojstva_publikacii',	121,	297),
(1,	'locks',	121,	298),
(1,	'common',	122,	299),
(1,	'common',	123,	300),
(1,	'common',	124,	301),
(1,	'common',	125,	302),
(1,	'menu_view',	125,	303),
(1,	'more_params',	125,	304),
(1,	'rate_props',	125,	305),
(1,	'svojstva_publikacii',	125,	306),
(1,	'locks',	125,	307),
(1,	'appointment',	125,	308),
(2,	'svojstva_statusa_stranicy',	2,	1),
(2,	'common',	3,	2),
(2,	'menu_view',	3,	3),
(2,	'more_params',	3,	4),
(2,	'rate_props',	3,	5),
(2,	'svojstva_publikacii',	3,	6),
(2,	'locks',	3,	7),
(2,	'svojstva_gruppy_polzovatelej',	39,	43),
(2,	'params_more',	10,	17),
(2,	'common',	40,	44),
(2,	'props_currency',	21,	24),
(2,	'general',	49,	54),
(2,	'addresses',	49,	55),
(2,	'payment',	49,	56),
(2,	'item_type_props',	41,	45),
(2,	'discount_type_props',	30,	32),
(2,	'discount_props',	42,	46),
(2,	'item_props',	44,	47),
(2,	'item_optioned_props',	44,	48),
(2,	'order_status_props',	45,	50),
(2,	'payment_type_props',	46,	51),
(2,	'payment_props',	47,	52),
(2,	'order_status_props',	48,	53),
(2,	'delivery_type_props',	50,	57),
(2,	'delivery_description_props',	51,	58),
(2,	'order_status_props',	52,	59),
(2,	'credit_status_props',	22,	25),
(2,	'common',	20,	23),
(2,	'personal',	25,	28),
(2,	'order_props',	53,	60),
(2,	'order_payment_props',	53,	63),
(2,	'order_delivery_props',	53,	64),
(2,	'order_discount_props',	53,	65),
(2,	'integration_date',	53,	66),
(2,	'statistic_info',	53,	62),
(2,	'order_credit_props',	53,	61),
(2,	'purchase_one_click',	53,	67),
(2,	'description',	126,	309),
(2,	'idetntify_data',	54,	68),
(2,	'more_info',	54,	69),
(2,	'short_info',	54,	70),
(2,	'delivery',	54,	71),
(2,	'statistic_info',	54,	72),
(2,	'common_props',	113,	257),
(2,	'common',	114,	258),
(2,	'redirect_props',	114,	259),
(2,	'view_params',	114,	260),
(2,	'view_pages',	114,	261),
(2,	'time_targeting',	114,	262),
(2,	'city_targeting',	114,	263),
(2,	'view_settings',	114,	264),
(2,	'params',	19,	22),
(2,	'common',	86,	197),
(2,	'menu_view',	86,	198),
(2,	'more_params',	86,	199),
(2,	'dopolnitelno',	86,	200),
(2,	'rate_voters',	86,	201),
(2,	'svojstva_publikacii',	86,	202),
(2,	'locks',	86,	203),
(2,	'filter_index',	86,	204),
(2,	'common',	61,	86),
(2,	'menu_view',	61,	87),
(2,	'more_params',	61,	88),
(2,	'rate_voters',	61,	89),
(2,	'svojstva_publikacii',	61,	90),
(2,	'locks',	61,	91),
(2,	'store_props',	55,	73),
(2,	'common',	87,	205),
(2,	'menu_view',	87,	206),
(2,	'more_params',	87,	207),
(2,	'cenovye_svojstva',	87,	208),
(2,	'Opisanie_tovara',	87,	310),
(2,	'catalog_option_props',	87,	209),
(2,	'catalog_stores_props',	87,	210),
(2,	'rate_voters',	87,	212),
(2,	'svojstva_publikacii',	87,	213),
(2,	'locks',	87,	214),
(2,	'manage_options',	87,	311),
(2,	'common',	7,	9),
(2,	'menu_view',	7,	10),
(2,	'more_params',	7,	11),
(2,	'rate_voters',	7,	12),
(2,	'svojstva_publikacii',	7,	13),
(2,	'locks',	7,	14),
(2,	'common',	60,	77),
(2,	'item_props',	60,	78),
(2,	'menu_view',	60,	79),
(2,	'more_params',	60,	80),
(2,	'news_images',	60,	81),
(2,	'subjects_block',	60,	82),
(2,	'rate_voters',	60,	83),
(2,	'svojstva_publikacii',	60,	84),
(2,	'locks',	60,	85),
(2,	'common',	72,	138),
(2,	'menu_view',	72,	139),
(2,	'more_params',	72,	140),
(2,	'poll_props',	72,	141),
(2,	'rate_voters',	72,	142),
(2,	'svojstva_publikacii',	72,	143),
(2,	'locks',	72,	144),
(2,	'common_props',	71,	137),
(2,	'common',	67,	109),
(2,	'menu_view',	67,	110),
(2,	'more_params',	67,	111),
(2,	'rate_voters',	67,	112),
(2,	'svojstva_publikacii',	67,	113),
(2,	'locks',	67,	114),
(2,	'props',	64,	97),
(2,	'common',	68,	115),
(2,	'menu_view',	68,	116),
(2,	'more_params',	68,	117),
(2,	'topic_props',	68,	118),
(2,	'rate_voters',	68,	119),
(2,	'svojstva_publikacii',	68,	120),
(2,	'locks',	68,	121),
(2,	'common',	69,	122),
(2,	'menu_view',	69,	123),
(2,	'more_params',	69,	124),
(2,	'message_props',	69,	125),
(2,	'rate_voters',	69,	126),
(2,	'svojstva_publikacii',	69,	127),
(2,	'locks',	69,	128),
(2,	'common',	70,	129),
(2,	'menu_view',	70,	130),
(2,	'more_params',	70,	131),
(2,	'comment_props',	70,	132),
(2,	'rate_voters',	70,	133),
(2,	'svojstva_publikacii',	70,	134),
(2,	'locks',	70,	135),
(2,	'antispam',	70,	136),
(2,	'common',	115,	265),
(2,	'redirect_props',	115,	267),
(2,	'view_params',	115,	268),
(2,	'view_pages',	115,	269),
(2,	'time_targeting',	115,	270),
(2,	'banner_custom_props',	115,	266),
(2,	'city_targeting',	115,	271),
(2,	'view_settings',	115,	272),
(2,	'props',	9,	16),
(2,	'common',	116,	273),
(2,	'redirect_props',	116,	275),
(2,	'view_params',	116,	276),
(2,	'view_pages',	116,	277),
(2,	'time_targeting',	116,	278),
(2,	'banner_custom_props',	116,	274),
(2,	'city_targeting',	116,	279),
(2,	'view_settings',	116,	280),
(2,	'common',	117,	281),
(2,	'redirect_props',	117,	283),
(2,	'view_params',	117,	284),
(2,	'view_pages',	117,	285),
(2,	'time_targeting',	117,	286),
(2,	'banner_custom_props',	117,	282),
(2,	'city_targeting',	117,	287),
(2,	'view_settings',	117,	288),
(2,	'additional',	17,	21),
(2,	'additional',	16,	20),
(2,	'grp_disp_props',	82,	190),
(2,	'auto_settings',	82,	191),
(2,	'grp_disp_release_props',	83,	192),
(2,	'grp_disp_msg_props',	84,	193),
(2,	'grp_disp_msg_extended',	84,	194),
(2,	'grp_sbs_props',	85,	195),
(2,	'grp_sbs_extended',	85,	196),
(2,	'props',	62,	92),
(2,	'common',	77,	158),
(2,	'menu_view',	77,	159),
(2,	'more_params',	77,	160),
(2,	'album_props',	77,	161),
(2,	'rate_voters',	77,	162),
(2,	'svojstva_publikacii',	77,	163),
(2,	'locks',	77,	164),
(2,	'common',	78,	165),
(2,	'menu_view',	78,	166),
(2,	'more_params',	78,	167),
(2,	'photo_props',	78,	168),
(2,	'rate_voters',	78,	169),
(2,	'svojstva_publikacii',	78,	170),
(2,	'locks',	78,	171),
(2,	'common',	81,	184),
(2,	'menu_view',	81,	185),
(2,	'more_params',	81,	186),
(2,	'svojstva_publikacii',	81,	187),
(2,	'locks',	81,	188),
(2,	'antispam',	81,	189),
(2,	'common',	121,	292),
(2,	'menu_view',	121,	293),
(2,	'more_params',	121,	294),
(2,	'fs_file_props',	121,	295),
(2,	'rate_voters',	121,	296),
(2,	'svojstva_publikacii',	121,	297),
(2,	'locks',	121,	298),
(2,	'SendingData',	74,	152),
(2,	'Templates',	75,	153),
(2,	'auto_reply',	75,	154),
(2,	'Binding',	75,	156),
(2,	'messages',	75,	155),
(2,	'list',	76,	157),
(2,	'common',	63,	93),
(2,	'menu_view',	63,	94),
(2,	'more_params',	63,	95),
(2,	'rate_props',	63,	96),
(2,	'common',	65,	98),
(2,	'rate_props',	65,	99),
(2,	'antispam',	65,	100),
(2,	'common',	66,	101),
(2,	'menu_view',	66,	102),
(2,	'more_params',	66,	103),
(2,	'rate_props',	66,	104),
(2,	'svojstva_publikacii',	66,	105),
(2,	'locks',	66,	106),
(2,	'privacy',	66,	107),
(2,	'antispam',	66,	108),
(2,	'common',	73,	145),
(2,	'menu_view',	73,	146),
(2,	'more_params',	73,	147),
(2,	'rate_props',	73,	148),
(2,	'svojstva_publikacii',	73,	149),
(2,	'locks',	73,	150),
(2,	'Binding',	73,	151),
(2,	'discount_modificator_type_props',	31,	33),
(2,	'discount_modificator_props',	32,	34),
(2,	'discount_rule_type_props',	33,	35),
(2,	'discount_rule_props',	34,	36),
(2,	'discount_rule_props',	90,	220),
(2,	'delivery_description_props',	96,	226),
(2,	'delivery_description_props',	97,	227),
(2,	'delivery_courier_props',	97,	228),
(2,	'discount_rule_props',	91,	221),
(2,	'discount_rule_props',	92,	222),
(2,	'discount_rule_props',	93,	223),
(2,	'discount_rule_props',	94,	224),
(2,	'discount_rule_props',	57,	75),
(2,	'discount_rule_props',	95,	225),
(2,	'payment_props',	101,	235),
(2,	'Settings',	101,	236),
(2,	'payment_props',	102,	237),
(2,	'common',	130,	312),
(2,	'menu_view',	130,	313),
(2,	'more_params',	130,	314),
(2,	'cenovye_svojstva',	130,	315),
(2,	'Opisanie_tovara',	130,	322),
(2,	'item_properties',	130,	324),
(2,	'catalog_option_props',	130,	316),
(2,	'catalog_stores_props',	130,	317),
(2,	'rate_voters',	130,	319),
(2,	'locks',	130,	321),
(2,	'svojstva_publikacii',	130,	320),
(2,	'manage_options',	130,	323),
(2,	'common',	132,	325),
(2,	'menu_view',	132,	326),
(2,	'more_params',	132,	327),
(2,	'cenovye_svojstva',	132,	328),
(2,	'Opisanie_tovara',	132,	335),
(2,	'item_properties',	132,	337),
(2,	'catalog_option_props',	132,	329),
(2,	'catalog_stores_props',	132,	330),
(2,	'rate_voters',	132,	332),
(2,	'svojstva_publikacii',	132,	333),
(2,	'locks',	132,	334),
(2,	'manage_options',	132,	336),
(2,	'common',	133,	338),
(2,	'menu_view',	133,	339),
(2,	'more_params',	133,	340),
(2,	'cenovye_svojstva',	133,	341),
(2,	'Opisanie_tovara',	133,	348),
(2,	'item_properties',	133,	350),
(2,	'catalog_option_props',	133,	342),
(2,	'catalog_stores_props',	133,	343),
(2,	'rate_voters',	133,	345),
(2,	'svojstva_publikacii',	133,	346),
(2,	'locks',	133,	347),
(2,	'manage_options',	133,	349),
(2,	'common',	138,	351),
(2,	'menu_view',	138,	352),
(2,	'more_params',	138,	353),
(2,	'cenovye_svojstva',	138,	354),
(2,	'Opisanie_tovara',	138,	361),
(2,	'item_properties',	138,	363),
(2,	'catalog_option_props',	138,	355),
(2,	'catalog_stores_props',	138,	356),
(2,	'rate_voters',	138,	358),
(2,	'svojstva_publikacii',	138,	359),
(2,	'locks',	138,	360),
(2,	'manage_options',	138,	362),
(2,	'common',	140,	364),
(2,	'menu_view',	140,	365),
(2,	'more_params',	140,	366),
(2,	'cenovye_svojstva',	140,	367),
(2,	'Opisanie_tovara',	140,	374),
(2,	'item_properties',	140,	376),
(2,	'catalog_option_props',	140,	368),
(2,	'catalog_stores_props',	140,	369),
(2,	'rate_voters',	140,	371),
(2,	'svojstva_publikacii',	140,	372),
(2,	'locks',	140,	373),
(2,	'manage_options',	140,	375),
(2,	'common',	141,	377),
(2,	'common',	142,	378),
(2,	'menu_view',	142,	379),
(2,	'more_params',	142,	380),
(2,	'rate_voters',	142,	381),
(2,	'site_info',	142,	384),
(2,	'svojstva_publikacii',	142,	382),
(2,	'locks',	142,	383),
(2,	'common',	15,	19),
(2,	'common',	14,	18),
(2,	'common',	36,	38),
(2,	'common',	35,	37),
(2,	'common',	119,	290),
(2,	'common',	120,	291),
(2,	'payment_props',	100,	233),
(2,	'Settings',	100,	234),
(2,	'payment_props',	103,	238),
(2,	'settings',	103,	239),
(2,	'payment_props',	104,	240),
(2,	'settings',	104,	241),
(2,	'delivery_description_props',	98,	229),
(2,	'Settings',	98,	230),
(2,	'payment_props',	105,	242),
(2,	'organization',	105,	243),
(2,	'network_system_props',	37,	39),
(2,	'props',	38,	40),
(2,	'pages',	38,	41),
(2,	'network_system_props',	38,	42),
(2,	'payment_props',	106,	244),
(2,	'settings',	106,	245),
(2,	'payment_props',	107,	246),
(2,	'settings',	107,	247),
(2,	'payment_props',	108,	248),
(2,	'payment_props',	109,	249),
(2,	'settings',	109,	250),
(2,	'payment_props',	110,	251),
(2,	'settings',	110,	252),
(2,	'payment_types',	110,	385),
(2,	'common',	58,	76),
(2,	'payment_props',	111,	253),
(2,	'settings',	111,	254),
(2,	'SendingData',	143,	386),
(2,	'formdata',	143,	387),
(2,	'common',	6,	8),
(2,	'common',	8,	15),
(2,	'common',	79,	172),
(2,	'menu_view',	79,	173),
(2,	'more_params',	79,	174),
(2,	'rate_voters',	79,	175),
(2,	'svojstva_publikacii',	79,	176),
(2,	'locks',	79,	177),
(2,	'common',	80,	178),
(2,	'menu_view',	80,	179),
(2,	'more_params',	80,	180),
(2,	'rate_voters',	80,	181),
(2,	'svojstva_publikacii',	80,	182),
(2,	'locks',	80,	183),
(2,	'svojstva',	118,	289),
(2,	'personal_info',	88,	215),
(2,	'contact_props',	88,	216),
(2,	'delivery',	88,	217),
(2,	'yuridicheskie_dannye',	88,	218),
(2,	'discount_modificator_props',	56,	74),
(2,	'discount_modificator_props',	89,	219),
(2,	'common',	23,	26),
(2,	'common',	24,	27);

DROP TABLE IF EXISTS `cms3_import_langs`;
CREATE TABLE `cms3_import_langs` (
  `source_id` int(10) unsigned NOT NULL,
  `old_id` varchar(255) NOT NULL,
  `new_id` int(10) unsigned NOT NULL,
  KEY `source_id` (`source_id`,`old_id`,`new_id`),
  KEY `old_id` (`old_id`,`new_id`),
  KEY `new_id` (`new_id`),
  CONSTRAINT `FK_LangSourceId_To_Source` FOREIGN KEY (`source_id`) REFERENCES `cms3_import_sources` (`id`) ON DELETE CASCADE ON UPDATE CASCADE,
  CONSTRAINT `FK_NewId_To_LangId` FOREIGN KEY (`new_id`) REFERENCES `cms3_langs` (`id`) ON DELETE CASCADE ON UPDATE CASCADE
) ENGINE=InnoDB DEFAULT CHARSET=utf8;

INSERT INTO `cms3_import_langs` (`source_id`, `old_id`, `new_id`) VALUES
(1,	'1',	1),
(1,	'7',	2),
(2,	'1',	1),
(2,	'7',	2);

DROP TABLE IF EXISTS `cms3_import_links`;
CREATE TABLE `cms3_import_links` (
  `external_id` int(10) unsigned NOT NULL,
  `internal_id` int(10) unsigned NOT NULL,
  `source_id` int(10) unsigned NOT NULL,
  KEY `external_id` (`external_id`,`source_id`),
  KEY `internal_id` (`internal_id`,`source_id`),
  KEY `source_id` (`source_id`),
  CONSTRAINT `cms3_import_links_ibfk_1` FOREIGN KEY (`internal_id`) REFERENCES `cms3_links` (`id`) ON DELETE CASCADE ON UPDATE CASCADE,
  CONSTRAINT `cms3_import_links_ibfk_2` FOREIGN KEY (`source_id`) REFERENCES `cms3_import_sources` (`id`) ON DELETE CASCADE ON UPDATE CASCADE
) ENGINE=InnoDB DEFAULT CHARSET=utf8;


DROP TABLE IF EXISTS `cms3_import_links_sources`;
CREATE TABLE `cms3_import_links_sources` (
  `external_id` int(11) unsigned NOT NULL,
  `internal_id` int(11) unsigned NOT NULL,
  `source_id` int(10) unsigned NOT NULL,
  KEY `external_id` (`external_id`,`source_id`),
  KEY `internal_id` (`internal_id`,`source_id`),
  KEY `source_id` (`source_id`),
  CONSTRAINT `cms3_import_links_sources_ibfk_1` FOREIGN KEY (`internal_id`) REFERENCES `cms3_links_sources` (`id`) ON DELETE CASCADE ON UPDATE CASCADE,
  CONSTRAINT `cms3_import_links_sources_ibfk_2` FOREIGN KEY (`source_id`) REFERENCES `cms3_import_sources` (`id`) ON DELETE CASCADE ON UPDATE CASCADE
) ENGINE=InnoDB DEFAULT CHARSET=utf8;


DROP TABLE IF EXISTS `cms3_import_mail_notifications`;
CREATE TABLE `cms3_import_mail_notifications` (
  `external_id` int(11) unsigned NOT NULL,
  `internal_id` int(11) unsigned NOT NULL,
  `source_id` int(10) unsigned NOT NULL,
  KEY `external_id` (`external_id`,`source_id`),
  KEY `internal_id` (`internal_id`,`source_id`),
  KEY `source_id` (`source_id`),
  CONSTRAINT `cms3_import_mail_notifications_ibfk_1` FOREIGN KEY (`internal_id`) REFERENCES `cms3_mail_notifications` (`id`) ON DELETE CASCADE ON UPDATE CASCADE,
  CONSTRAINT `cms3_import_mail_notifications_ibfk_2` FOREIGN KEY (`source_id`) REFERENCES `cms3_import_sources` (`id`) ON DELETE CASCADE ON UPDATE CASCADE
) ENGINE=InnoDB DEFAULT CHARSET=utf8;

INSERT INTO `cms3_import_mail_notifications` (`external_id`, `internal_id`, `source_id`) VALUES
(1,	1,	1),
(2,	2,	1),
(3,	3,	1),
(4,	4,	1),
(5,	5,	1),
(6,	6,	1),
(7,	7,	1),
(8,	8,	1),
(9,	9,	1),
(10,	10,	1),
(11,	11,	1),
(12,	12,	1),
(13,	13,	1),
(14,	14,	1),
(15,	15,	1),
(16,	16,	1),
(17,	17,	1),
(18,	18,	1),
(19,	19,	1),
(20,	20,	1),
(21,	21,	1),
(22,	22,	1);

DROP TABLE IF EXISTS `cms3_import_mail_templates`;
CREATE TABLE `cms3_import_mail_templates` (
  `external_id` int(10) unsigned NOT NULL,
  `internal_id` int(10) unsigned NOT NULL,
  `source_id` int(10) unsigned NOT NULL,
  KEY `external_id` (`external_id`,`source_id`),
  KEY `internal_id` (`internal_id`,`source_id`),
  KEY `source_id` (`source_id`),
  CONSTRAINT `cms3_import_mail_templates_ibfk_1` FOREIGN KEY (`internal_id`) REFERENCES `cms3_mail_templates` (`id`) ON DELETE CASCADE ON UPDATE CASCADE,
  CONSTRAINT `cms3_import_mail_templates_ibfk_2` FOREIGN KEY (`source_id`) REFERENCES `cms3_import_sources` (`id`) ON DELETE CASCADE ON UPDATE CASCADE
) ENGINE=InnoDB DEFAULT CHARSET=utf8;

INSERT INTO `cms3_import_mail_templates` (`external_id`, `internal_id`, `source_id`) VALUES
(1,	1,	1),
(2,	2,	1),
(3,	3,	1),
(4,	4,	1),
(5,	5,	1),
(6,	6,	1),
(7,	7,	1),
(8,	8,	1),
(9,	9,	1),
(10,	10,	1),
(11,	11,	1),
(12,	12,	1),
(13,	13,	1),
(14,	14,	1),
(15,	15,	1),
(16,	16,	1),
(17,	17,	1),
(18,	18,	1),
(19,	19,	1),
(20,	20,	1),
(21,	21,	1),
(22,	22,	1),
(23,	23,	1),
(24,	24,	1),
(25,	25,	1),
(26,	26,	1),
(27,	27,	1),
(28,	28,	1),
(29,	29,	1),
(30,	30,	1),
(31,	31,	1),
(32,	32,	1),
(33,	33,	1),
(34,	34,	1),
(35,	35,	1),
(36,	36,	1),
(37,	37,	1),
(38,	38,	1),
(39,	39,	1),
(40,	40,	1),
(41,	41,	1),
(42,	42,	1),
(43,	43,	1),
(44,	44,	1),
(45,	45,	1),
(46,	46,	1),
(47,	47,	1),
(48,	48,	1),
(49,	49,	1);

DROP TABLE IF EXISTS `cms3_import_mail_variables`;
CREATE TABLE `cms3_import_mail_variables` (
  `external_id` int(10) unsigned NOT NULL,
  `internal_id` int(10) unsigned NOT NULL,
  `source_id` int(10) unsigned NOT NULL,
  KEY `external_id` (`external_id`,`source_id`),
  KEY `internal_id` (`internal_id`,`source_id`),
  KEY `source_id` (`source_id`),
  CONSTRAINT `cms3_import_mail_variables_ibfk_1` FOREIGN KEY (`internal_id`) REFERENCES `cms3_mail_variables` (`id`) ON DELETE CASCADE ON UPDATE CASCADE,
  CONSTRAINT `cms3_import_mail_variables_ibfk_2` FOREIGN KEY (`source_id`) REFERENCES `cms3_import_sources` (`id`) ON DELETE CASCADE ON UPDATE CASCADE
) ENGINE=InnoDB DEFAULT CHARSET=utf8;

INSERT INTO `cms3_import_mail_variables` (`external_id`, `internal_id`, `source_id`) VALUES
(1,	1,	1),
(2,	2,	1),
(3,	3,	1),
(4,	4,	1),
(5,	5,	1),
(6,	6,	1),
(7,	7,	1),
(8,	8,	1),
(9,	9,	1),
(10,	10,	1),
(11,	11,	1),
(12,	12,	1),
(13,	13,	1),
(14,	14,	1),
(15,	15,	1),
(16,	16,	1),
(17,	17,	1),
(18,	18,	1),
(19,	19,	1),
(20,	20,	1),
(21,	21,	1),
(22,	22,	1),
(23,	23,	1),
(24,	24,	1),
(25,	25,	1),
(26,	26,	1),
(27,	27,	1),
(28,	28,	1),
(29,	29,	1),
(30,	30,	1),
(31,	31,	1),
(32,	32,	1),
(33,	33,	1),
(34,	34,	1),
(35,	35,	1),
(36,	36,	1),
(37,	37,	1),
(38,	38,	1),
(39,	39,	1),
(40,	40,	1),
(41,	41,	1),
(42,	42,	1),
(43,	43,	1),
(44,	44,	1),
(45,	45,	1),
(46,	46,	1),
(47,	47,	1),
(48,	48,	1),
(49,	49,	1),
(50,	50,	1),
(51,	51,	1),
(52,	52,	1),
(53,	53,	1),
(54,	54,	1),
(55,	55,	1),
(56,	56,	1),
(57,	57,	1),
(58,	58,	1),
(59,	59,	1),
(60,	60,	1),
(61,	61,	1),
(62,	62,	1),
(63,	63,	1),
(64,	64,	1),
(65,	65,	1),
(66,	66,	1),
(67,	67,	1),
(68,	68,	1),
(69,	69,	1),
(70,	70,	1),
(71,	71,	1),
(72,	72,	1),
(73,	73,	1),
(74,	74,	1),
(75,	75,	1),
(76,	76,	1),
(77,	77,	1),
(78,	78,	1),
(79,	79,	1),
(80,	80,	1),
(81,	81,	1),
(82,	82,	1),
(83,	83,	1),
(84,	84,	1),
(85,	85,	1),
(86,	86,	1),
(87,	87,	1),
(88,	88,	1),
(89,	89,	1),
(90,	90,	1),
(91,	91,	1),
(92,	92,	1),
(93,	93,	1),
(94,	94,	1),
(95,	95,	1),
(96,	96,	1),
(97,	97,	1),
(98,	98,	1),
(99,	99,	1),
(100,	100,	1),
(101,	101,	1),
(102,	102,	1),
(103,	103,	1),
(104,	104,	1),
(105,	105,	1),
(106,	106,	1),
(107,	107,	1),
(108,	108,	1),
(109,	109,	1),
(110,	110,	1),
(111,	111,	1),
(112,	112,	1),
(113,	113,	1),
(114,	114,	1),
(115,	115,	1),
(116,	116,	1),
(117,	117,	1),
(118,	118,	1),
(119,	119,	1),
(120,	120,	1),
(121,	121,	1),
(122,	122,	1),
(123,	123,	1),
(124,	124,	1),
(125,	125,	1),
(126,	126,	1),
(127,	127,	1),
(128,	128,	1),
(129,	129,	1),
(130,	130,	1),
(131,	131,	1),
(132,	132,	1),
(133,	133,	1),
(134,	134,	1),
(135,	135,	1),
(136,	136,	1),
(137,	137,	1),
(138,	138,	1),
(139,	139,	1),
(140,	140,	1),
(141,	141,	1),
(142,	142,	1),
(143,	143,	1),
(144,	144,	1),
(145,	145,	1),
(146,	146,	1),
(147,	147,	1),
(148,	148,	1),
(149,	149,	1),
(150,	150,	1),
(151,	151,	1),
(152,	152,	1),
(153,	153,	1),
(154,	154,	1),
(155,	155,	1),
(156,	156,	1),
(157,	157,	1),
(158,	158,	1),
(159,	159,	1),
(160,	160,	1),
(161,	161,	1),
(162,	162,	1),
(163,	163,	1),
(164,	164,	1),
(165,	165,	1),
(166,	166,	1),
(167,	167,	1),
(168,	168,	1),
(169,	169,	1),
(170,	170,	1),
(171,	171,	1),
(172,	172,	1),
(173,	173,	1),
(174,	174,	1),
(175,	175,	1),
(176,	176,	1),
(177,	177,	1),
(178,	178,	1),
(179,	179,	1),
(180,	180,	1);

DROP TABLE IF EXISTS `cms3_import_objects`;
CREATE TABLE `cms3_import_objects` (
  `source_id` int(10) unsigned NOT NULL,
  `old_id` varchar(255) NOT NULL,
  `new_id` int(10) unsigned NOT NULL,
  KEY `source_id` (`source_id`,`old_id`,`new_id`),
  KEY `old_id` (`old_id`,`new_id`),
  KEY `new_id` (`new_id`),
  CONSTRAINT `FK_NewId_To_ObjectsId` FOREIGN KEY (`new_id`) REFERENCES `cms3_objects` (`id`) ON DELETE CASCADE ON UPDATE CASCADE,
  CONSTRAINT `FK_ObjectSourceId_To_Source` FOREIGN KEY (`source_id`) REFERENCES `cms3_import_sources` (`id`) ON DELETE CASCADE ON UPDATE CASCADE
) ENGINE=InnoDB DEFAULT CHARSET=utf8;

INSERT INTO `cms3_import_objects` (`source_id`, `old_id`, `new_id`) VALUES
(1,	'14',	182),
(1,	'15',	181),
(1,	'2373',	618),
(1,	'2374',	619),
(1,	'2376',	2),
(1,	'2377',	3),
(1,	'25974',	6),
(1,	'25975',	7),
(1,	'25976',	8),
(1,	'26315',	9),
(1,	'26341',	10),
(1,	'26905',	11),
(1,	'26906',	12),
(1,	'26907',	13),
(1,	'26908',	14),
(1,	'26909',	15),
(1,	'26910',	16),
(1,	'26911',	17),
(1,	'26912',	18),
(1,	'26913',	19),
(1,	'26914',	20),
(1,	'26915',	21),
(1,	'26916',	22),
(1,	'26917',	23),
(1,	'26918',	24),
(1,	'26919',	25),
(1,	'26920',	26),
(1,	'26921',	27),
(1,	'26922',	28),
(1,	'26923',	29),
(1,	'26924',	30),
(1,	'26925',	31),
(1,	'26926',	32),
(1,	'26927',	33),
(1,	'26928',	34),
(1,	'26929',	35),
(1,	'26930',	36),
(1,	'26931',	37),
(1,	'26932',	38),
(1,	'26933',	39),
(1,	'26934',	40),
(1,	'26935',	41),
(1,	'26936',	42),
(1,	'26937',	43),
(1,	'26938',	44),
(1,	'26939',	45),
(1,	'26940',	46),
(1,	'26941',	47),
(1,	'26942',	48),
(1,	'26943',	49),
(1,	'26944',	50),
(1,	'26945',	51),
(1,	'26946',	52),
(1,	'26947',	53),
(1,	'26948',	54),
(1,	'26949',	55),
(1,	'26950',	56),
(1,	'26951',	57),
(1,	'26952',	58),
(1,	'26953',	59),
(1,	'26954',	60),
(1,	'26955',	61),
(1,	'26956',	62),
(1,	'26957',	63),
(1,	'26958',	64),
(1,	'26959',	65),
(1,	'26960',	66),
(1,	'26961',	67),
(1,	'26962',	68),
(1,	'26963',	69),
(1,	'26964',	70),
(1,	'26965',	71),
(1,	'26966',	72),
(1,	'26967',	73),
(1,	'26968',	74),
(1,	'26969',	75),
(1,	'26970',	76),
(1,	'26971',	77),
(1,	'26972',	78),
(1,	'26973',	79),
(1,	'26974',	80),
(1,	'26975',	81),
(1,	'26976',	82),
(1,	'26977',	83),
(1,	'26978',	84),
(1,	'26979',	85),
(1,	'26980',	86),
(1,	'26981',	87),
(1,	'26982',	88),
(1,	'26983',	89),
(1,	'26984',	90),
(1,	'26985',	91),
(1,	'26986',	92),
(1,	'26987',	93),
(1,	'26988',	94),
(1,	'26989',	95),
(1,	'26990',	96),
(1,	'26991',	97),
(1,	'26992',	98),
(1,	'26993',	99),
(1,	'26994',	100),
(1,	'26995',	101),
(1,	'26996',	102),
(1,	'26997',	103),
(1,	'26998',	104),
(1,	'26999',	105),
(1,	'27000',	106),
(1,	'27001',	107),
(1,	'27002',	108),
(1,	'27003',	109),
(1,	'27004',	110),
(1,	'27005',	111),
(1,	'27006',	112),
(1,	'27007',	113),
(1,	'27008',	114),
(1,	'27009',	115),
(1,	'27010',	116),
(1,	'27011',	117),
(1,	'27012',	118),
(1,	'27013',	119),
(1,	'27014',	120),
(1,	'27015',	121),
(1,	'27016',	122),
(1,	'27017',	123),
(1,	'27018',	124),
(1,	'27019',	125),
(1,	'27020',	126),
(1,	'27021',	127),
(1,	'27022',	128),
(1,	'27023',	129),
(1,	'27024',	130),
(1,	'27025',	131),
(1,	'27026',	132),
(1,	'27027',	133),
(1,	'27028',	134),
(1,	'27029',	135),
(1,	'27030',	136),
(1,	'27031',	137),
(1,	'27032',	138),
(1,	'27033',	139),
(1,	'27034',	140),
(1,	'27035',	141),
(1,	'27036',	142),
(1,	'27037',	143),
(1,	'27038',	144),
(1,	'27039',	145),
(1,	'27040',	146),
(1,	'27041',	147),
(1,	'27042',	148),
(1,	'27043',	149),
(1,	'27044',	150),
(1,	'27045',	151),
(1,	'27046',	152),
(1,	'27047',	153),
(1,	'27048',	154),
(1,	'27049',	155),
(1,	'27050',	156),
(1,	'27051',	157),
(1,	'27052',	158),
(1,	'27053',	159),
(1,	'27054',	160),
(1,	'27055',	161),
(1,	'27056',	162),
(1,	'27057',	163),
(1,	'27058',	164),
(1,	'27059',	165),
(1,	'27060',	166),
(1,	'27061',	167),
(1,	'27062',	168),
(1,	'27063',	169),
(1,	'27064',	170),
(1,	'27065',	171),
(1,	'27066',	172),
(1,	'27067',	173),
(1,	'27068',	174),
(1,	'27069',	175),
(1,	'27070',	176),
(1,	'27071',	177),
(1,	'27072',	178),
(1,	'27085',	564),
(1,	'27086',	569),
(1,	'27087',	574),
(1,	'27131',	179),
(1,	'27132',	180),
(1,	'27135',	604),
(1,	'27136',	184),
(1,	'27147',	185),
(1,	'27150',	186),
(1,	'27180',	187),
(1,	'27181',	188),
(1,	'27226',	620),
(1,	'27227',	621),
(1,	'27228',	622),
(1,	'27230',	189),
(1,	'27233',	190),
(1,	'27236',	191),
(1,	'27258',	192),
(1,	'27259',	193),
(1,	'27260',	194),
(1,	'27261',	195),
(1,	'27262',	196),
(1,	'27263',	197),
(1,	'27264',	198),
(1,	'27377',	199),
(1,	'27378',	200),
(1,	'27379',	201),
(1,	'27380',	202),
(1,	'27381',	203),
(1,	'27382',	204),
(1,	'27383',	205),
(1,	'27393',	206),
(1,	'27394',	207),
(1,	'27395',	208),
(1,	'27396',	209),
(1,	'27397',	210),
(1,	'27398',	211),
(1,	'27438',	605),
(1,	'27456',	212),
(1,	'27457',	213),
(1,	'27458',	214),
(1,	'27459',	606),
(1,	'27461',	607),
(1,	'27462',	610),
(1,	'27463',	611),
(1,	'27464',	612),
(1,	'27465',	613),
(1,	'27466',	614),
(1,	'27470',	598),
(1,	'27471',	600),
(1,	'27472',	570),
(1,	'27473',	579),
(1,	'27474',	575),
(1,	'27475',	583),
(1,	'27476',	591),
(1,	'27477',	215),
(1,	'27478',	216),
(1,	'27479',	217),
(1,	'27480',	218),
(1,	'27481',	219),
(1,	'27486',	220),
(1,	'27487',	221),
(1,	'27488',	222),
(1,	'27489',	223),
(1,	'27490',	224),
(1,	'27491',	225),
(1,	'27492',	226),
(1,	'27493',	227),
(1,	'27494',	228),
(1,	'27495',	229),
(1,	'27496',	230),
(1,	'27497',	231),
(1,	'27498',	232),
(1,	'27499',	233),
(1,	'27500',	234),
(1,	'27501',	235),
(1,	'27502',	236),
(1,	'27503',	237),
(1,	'27504',	238),
(1,	'27505',	239),
(1,	'27506',	240),
(1,	'27507',	241),
(1,	'27508',	242),
(1,	'27509',	243),
(1,	'27510',	244),
(1,	'27511',	245),
(1,	'27512',	246),
(1,	'27513',	247),
(1,	'27514',	248),
(1,	'27515',	249),
(1,	'27516',	250),
(1,	'27517',	251),
(1,	'27518',	252),
(1,	'27519',	253),
(1,	'27520',	608),
(1,	'27521',	615),
(1,	'27522',	609),
(1,	'27523',	616),
(1,	'2780',	4),
(1,	'2781',	5),
(1,	'27889',	254),
(1,	'27890',	255),
(1,	'27891',	256),
(1,	'27892',	257),
(1,	'27893',	258),
(1,	'27894',	259),
(1,	'27895',	260),
(1,	'27896',	261),
(1,	'27897',	262),
(1,	'27898',	263),
(1,	'27899',	264),
(1,	'27900',	265),
(1,	'27901',	266),
(1,	'27902',	267),
(1,	'27903',	268),
(1,	'27904',	269),
(1,	'27905',	270),
(1,	'27906',	271),
(1,	'27907',	272),
(1,	'27908',	273),
(1,	'27909',	274),
(1,	'27910',	275),
(1,	'27911',	276),
(1,	'27912',	277),
(1,	'27913',	278),
(1,	'27915',	1),
(1,	'27922',	279),
(1,	'27926',	280),
(1,	'27927',	281),
(1,	'27928',	183),
(1,	'27929',	282),
(1,	'27930',	283),
(1,	'27931',	284),
(1,	'27932',	285),
(1,	'27933',	286),
(1,	'27934',	287),
(1,	'27935',	288),
(1,	'27936',	289),
(1,	'27937',	290),
(1,	'27938',	291),
(1,	'27939',	292),
(1,	'27940',	293),
(1,	'27941',	294),
(1,	'27942',	295),
(1,	'27943',	617),
(1,	'27944',	296),
(1,	'27945',	297),
(1,	'27946',	298),
(1,	'27947',	299),
(1,	'27949',	300),
(1,	'27950',	301),
(1,	'27951',	302),
(1,	'27952',	303),
(1,	'27955',	304),
(1,	'27956',	305),
(1,	'27957',	306),
(1,	'27958',	307),
(1,	'27959',	308),
(1,	'27960',	309),
(1,	'27961',	565),
(1,	'27962',	571),
(1,	'27963',	576),
(1,	'27964',	580),
(1,	'27965',	584),
(1,	'27966',	587),
(1,	'27967',	310),
(1,	'27968',	311),
(1,	'27969',	312),
(1,	'27970',	313),
(1,	'27971',	314),
(1,	'27972',	315),
(1,	'27973',	316),
(1,	'27974',	317),
(1,	'27975',	318),
(1,	'27976',	319),
(1,	'27977',	320),
(1,	'27978',	321),
(1,	'27979',	322),
(1,	'27980',	323),
(1,	'27981',	324),
(1,	'27982',	325),
(1,	'27983',	326),
(1,	'27984',	327),
(1,	'27985',	328),
(1,	'27986',	329),
(1,	'27987',	330),
(1,	'27988',	331),
(1,	'27989',	332),
(1,	'27990',	333),
(1,	'27991',	334),
(1,	'27992',	335),
(1,	'27993',	336),
(1,	'27994',	337),
(1,	'27995',	338),
(1,	'27996',	339),
(1,	'27997',	340),
(1,	'27998',	341),
(1,	'27999',	342),
(1,	'28000',	343),
(1,	'28001',	344),
(1,	'28002',	345),
(1,	'28003',	346),
(1,	'28004',	347),
(1,	'28005',	348),
(1,	'28006',	349),
(1,	'28007',	350),
(1,	'28008',	351),
(1,	'28009',	352),
(1,	'28010',	353),
(1,	'28011',	354),
(1,	'28012',	355),
(1,	'28013',	356),
(1,	'28014',	357),
(1,	'28015',	358),
(1,	'28016',	359),
(1,	'28017',	360),
(1,	'28018',	361),
(1,	'28019',	362),
(1,	'28020',	363),
(1,	'28021',	364),
(1,	'28022',	365),
(1,	'28023',	366),
(1,	'28024',	367),
(1,	'28025',	368),
(1,	'28026',	369),
(1,	'28027',	370),
(1,	'28028',	371),
(1,	'28029',	372),
(1,	'28030',	373),
(1,	'28031',	374),
(1,	'28032',	375),
(1,	'28033',	376),
(1,	'28034',	377),
(1,	'28035',	378),
(1,	'28036',	379),
(1,	'28037',	380),
(1,	'28038',	381),
(1,	'28039',	382),
(1,	'28040',	383),
(1,	'28041',	384),
(1,	'28042',	385),
(1,	'28043',	386),
(1,	'28044',	387),
(1,	'28045',	388),
(1,	'28046',	389),
(1,	'28047',	390),
(1,	'28048',	391),
(1,	'28049',	392),
(1,	'28050',	393),
(1,	'28051',	394),
(1,	'28052',	395),
(1,	'28053',	396),
(1,	'28054',	397),
(1,	'28055',	398),
(1,	'28056',	399),
(1,	'28057',	400),
(1,	'28058',	401),
(1,	'28059',	402),
(1,	'28060',	403),
(1,	'28061',	404),
(1,	'28062',	405),
(1,	'28063',	406),
(1,	'28064',	407),
(1,	'28065',	408),
(1,	'28066',	409),
(1,	'28067',	410),
(1,	'28068',	411),
(1,	'28069',	412),
(1,	'28070',	413),
(1,	'28071',	414),
(1,	'28072',	415),
(1,	'28073',	416),
(1,	'28074',	417),
(1,	'28075',	418),
(1,	'28076',	419),
(1,	'28077',	420),
(1,	'28078',	421),
(1,	'28079',	422),
(1,	'28080',	423),
(1,	'28081',	424),
(1,	'28082',	425),
(1,	'28083',	426),
(1,	'28084',	427),
(1,	'28085',	428),
(1,	'28086',	429),
(1,	'28087',	430),
(1,	'28088',	431),
(1,	'28089',	432),
(1,	'28090',	433),
(1,	'28091',	434),
(1,	'28092',	435),
(1,	'28093',	436),
(1,	'28094',	437),
(1,	'28095',	438),
(1,	'28096',	439),
(1,	'28097',	440),
(1,	'28098',	441),
(1,	'28099',	442),
(1,	'28100',	443),
(1,	'28101',	444),
(1,	'28102',	445),
(1,	'28103',	446),
(1,	'28104',	447),
(1,	'28105',	448),
(1,	'28106',	449),
(1,	'28107',	450),
(1,	'28108',	451),
(1,	'28109',	452),
(1,	'28110',	453),
(1,	'28111',	454),
(1,	'28112',	455),
(1,	'28113',	456),
(1,	'28114',	457),
(1,	'28115',	458),
(1,	'28116',	459),
(1,	'28117',	460),
(1,	'28118',	461),
(1,	'28119',	462),
(1,	'28120',	463),
(1,	'28121',	464),
(1,	'28122',	465),
(1,	'28123',	466),
(1,	'28124',	467),
(1,	'28125',	468),
(1,	'28126',	469),
(1,	'28127',	470),
(1,	'28128',	471),
(1,	'28129',	472),
(1,	'28130',	473),
(1,	'28131',	474),
(1,	'28132',	475),
(1,	'28133',	476),
(1,	'28134',	477),
(1,	'28135',	478),
(1,	'28136',	479),
(1,	'28137',	480),
(1,	'28138',	481),
(1,	'28139',	482),
(1,	'28140',	483),
(1,	'28141',	484),
(1,	'28142',	485),
(1,	'28143',	486),
(1,	'28144',	487),
(1,	'28145',	488),
(1,	'28146',	489),
(1,	'28147',	490),
(1,	'28148',	491),
(1,	'28149',	492),
(1,	'28150',	493),
(1,	'28151',	494),
(1,	'28152',	495),
(1,	'28153',	496),
(1,	'28154',	497),
(1,	'28155',	498),
(1,	'28156',	499),
(1,	'28157',	500),
(1,	'28158',	501),
(1,	'28159',	502),
(1,	'28160',	503),
(1,	'28161',	504),
(1,	'28162',	505),
(1,	'28163',	506),
(1,	'28164',	507),
(1,	'28165',	508),
(1,	'28166',	509),
(1,	'28167',	510),
(1,	'28168',	511),
(1,	'28169',	512),
(1,	'28170',	513),
(1,	'28171',	514),
(1,	'28172',	515),
(1,	'28173',	516),
(1,	'28174',	517),
(1,	'28175',	518),
(1,	'28176',	519),
(1,	'28177',	520),
(1,	'28178',	521),
(1,	'28179',	522),
(1,	'28180',	523),
(1,	'28181',	524),
(1,	'28182',	525),
(1,	'28183',	526),
(1,	'28184',	527),
(1,	'28185',	528),
(1,	'28186',	529),
(1,	'28187',	530),
(1,	'28188',	531),
(1,	'28189',	532),
(1,	'28190',	533),
(1,	'28191',	534),
(1,	'28192',	535),
(1,	'28193',	536),
(1,	'28194',	537),
(1,	'28195',	538),
(1,	'28196',	539),
(1,	'28197',	540),
(1,	'28198',	541),
(1,	'28199',	542),
(1,	'28200',	543),
(1,	'28201',	544),
(1,	'28202',	545),
(1,	'28203',	546),
(1,	'28204',	547),
(1,	'28205',	548),
(1,	'28206',	549),
(1,	'28207',	550),
(1,	'28208',	551),
(1,	'28209',	552),
(1,	'28210',	553),
(1,	'28211',	554),
(1,	'28212',	555),
(1,	'28213',	556),
(1,	'28214',	557),
(1,	'28215',	558),
(1,	'28216',	559),
(1,	'28217',	560),
(1,	'28218',	561),
(1,	'28219',	566),
(1,	'28220',	588),
(1,	'28221',	594),
(1,	'28222',	596),
(1,	'28223',	562),
(1,	'28224',	563),
(1,	'28225',	567),
(1,	'28226',	572),
(1,	'28227',	577),
(1,	'28228',	581),
(1,	'28229',	585),
(1,	'28230',	589),
(1,	'28231',	592),
(1,	'28232',	595),
(1,	'28233',	597),
(1,	'28234',	599),
(1,	'28235',	601),
(1,	'28236',	602),
(1,	'28237',	603),
(1,	'28238',	568),
(1,	'28239',	573),
(1,	'28240',	578),
(1,	'28241',	582),
(1,	'28242',	586),
(1,	'28243',	590),
(1,	'28244',	593),
(2,	'100017',	644),
(2,	'100018',	645),
(2,	'100020',	646),
(2,	'100021',	647),
(2,	'100027',	961),
(2,	'100028',	960),
(2,	'100044',	962),
(2,	'100142',	635),
(2,	'100143',	636),
(2,	'100144',	678),
(2,	'100145',	679),
(2,	'100146',	680),
(2,	'100147',	681),
(2,	'100148',	682),
(2,	'100149',	683),
(2,	'100150',	685),
(2,	'100151',	686),
(2,	'100152',	687),
(2,	'100153',	688),
(2,	'100154',	689),
(2,	'100155',	690),
(2,	'100156',	691),
(2,	'100157',	692),
(2,	'100158',	693),
(2,	'100159',	629),
(2,	'100160',	694),
(2,	'100161',	767),
(2,	'100162',	637),
(2,	'100163',	817),
(2,	'100164',	818),
(2,	'100165',	684),
(2,	'100166',	638),
(2,	'100167',	639),
(2,	'100168',	641),
(2,	'100169',	642),
(2,	'100170',	726),
(2,	'100171',	740),
(2,	'100172',	733),
(2,	'100173',	766),
(2,	'100174',	643),
(2,	'100175',	814),
(2,	'100176',	704),
(2,	'100177',	711),
(2,	'100178',	782),
(2,	'100179',	783),
(2,	'100180',	784),
(2,	'100181',	699),
(2,	'100182',	702),
(2,	'100183',	710),
(2,	'100184',	713),
(2,	'100185',	790),
(2,	'100186',	791),
(2,	'100187',	708),
(2,	'100188',	712),
(2,	'100189',	714),
(2,	'100190',	735),
(2,	'100191',	736),
(2,	'100192',	737),
(2,	'100193',	718),
(2,	'100194',	731),
(2,	'100195',	759),
(2,	'100196',	762),
(2,	'100197',	778),
(2,	'100198',	772),
(2,	'100199',	774),
(2,	'100200',	775),
(2,	'100201',	776),
(2,	'100202',	753),
(2,	'100203',	756),
(2,	'100204',	798),
(2,	'100205',	799),
(2,	'100206',	809),
(2,	'100207',	810),
(2,	'100208',	811),
(2,	'100209',	804),
(2,	'100210',	628),
(2,	'100211',	815),
(2,	'100212',	816),
(2,	'100213',	648),
(2,	'100214',	649),
(2,	'100215',	836),
(2,	'100216',	837),
(2,	'100217',	650),
(2,	'100218',	838),
(2,	'100219',	839),
(2,	'100220',	840),
(2,	'100221',	654),
(2,	'100222',	653),
(2,	'100223',	841),
(2,	'100224',	652),
(2,	'100225',	655),
(2,	'100226',	842),
(2,	'100227',	843),
(2,	'100228',	844),
(2,	'100229',	845),
(2,	'100492',	963),
(2,	'100494',	964),
(2,	'101626',	965),
(2,	'101627',	966),
(2,	'101631',	185),
(2,	'101632',	967),
(2,	'101633',	968),
(2,	'101634',	969),
(2,	'101635',	970),
(2,	'101636',	971),
(2,	'101637',	972),
(2,	'101638',	973),
(2,	'101639',	974),
(2,	'101640',	606),
(2,	'101641',	607),
(2,	'101642',	610),
(2,	'101643',	611),
(2,	'101644',	612),
(2,	'101645',	613),
(2,	'101646',	614),
(2,	'101647',	975),
(2,	'101648',	976),
(2,	'101649',	977),
(2,	'101650',	978),
(2,	'101651',	979),
(2,	'101652',	980),
(2,	'101653',	981),
(2,	'101654',	215),
(2,	'101655',	216),
(2,	'101656',	217),
(2,	'101657',	218),
(2,	'101658',	219),
(2,	'101659',	220),
(2,	'101660',	221),
(2,	'101661',	222),
(2,	'101662',	223),
(2,	'101663',	224),
(2,	'101664',	225),
(2,	'101665',	226),
(2,	'101666',	227),
(2,	'101667',	228),
(2,	'101668',	229),
(2,	'101669',	230),
(2,	'101670',	231),
(2,	'101671',	232),
(2,	'101672',	233),
(2,	'101673',	234),
(2,	'101674',	235),
(2,	'101675',	236),
(2,	'101676',	237),
(2,	'101677',	238),
(2,	'101678',	239),
(2,	'101679',	240),
(2,	'101680',	241),
(2,	'101681',	242),
(2,	'101682',	243),
(2,	'101683',	244),
(2,	'101684',	245),
(2,	'101685',	246),
(2,	'101686',	247),
(2,	'101687',	248),
(2,	'101688',	249),
(2,	'101689',	250),
(2,	'101690',	251),
(2,	'101691',	252),
(2,	'101692',	982),
(2,	'101693',	983),
(2,	'101695',	984),
(2,	'101697',	985),
(2,	'101698',	989),
(2,	'101699',	986),
(2,	'101700',	987),
(2,	'101701',	988),
(2,	'101702',	994),
(2,	'101703',	990),
(2,	'101704',	991),
(2,	'101706',	992),
(2,	'101707',	993),
(2,	'101708',	1002),
(2,	'101709',	995),
(2,	'101710',	996),
(2,	'101711',	997),
(2,	'101712',	998),
(2,	'101713',	999),
(2,	'101714',	1000),
(2,	'101715',	1001),
(2,	'101716',	1004),
(2,	'101717',	1003),
(2,	'101718',	1006),
(2,	'101719',	1005),
(2,	'101720',	1007),
(2,	'101722',	1008),
(2,	'101723',	656),
(2,	'101725',	1009),
(2,	'101726',	1010),
(2,	'101728',	1011),
(2,	'101729',	1012),
(2,	'101731',	1013),
(2,	'101733',	1014),
(2,	'101735',	1015),
(2,	'101737',	1016),
(2,	'101739',	1017),
(2,	'101741',	1018),
(2,	'101743',	1019),
(2,	'101744',	1021),
(2,	'101745',	1020),
(2,	'101746',	253),
(2,	'101747',	608),
(2,	'101748',	615),
(2,	'101749',	183),
(2,	'101750',	281),
(2,	'101751',	279),
(2,	'101752',	280),
(2,	'101753',	1022),
(2,	'101755',	6),
(2,	'101756',	7),
(2,	'101757',	8),
(2,	'101758',	254),
(2,	'101759',	255),
(2,	'101760',	256),
(2,	'101761',	257),
(2,	'101762',	258),
(2,	'101763',	259),
(2,	'101764',	260),
(2,	'101765',	261),
(2,	'101766',	262),
(2,	'101767',	263),
(2,	'101768',	264),
(2,	'101769',	265),
(2,	'101770',	266),
(2,	'101771',	267),
(2,	'101772',	268),
(2,	'101773',	269),
(2,	'101774',	270),
(2,	'101775',	271),
(2,	'101776',	272),
(2,	'101777',	273),
(2,	'101778',	274),
(2,	'101779',	275),
(2,	'101780',	276),
(2,	'101781',	277),
(2,	'101782',	278),
(2,	'101783',	609),
(2,	'101784',	616),
(2,	'101785',	830),
(2,	'101787',	1023),
(2,	'101788',	1024),
(2,	'101789',	1025),
(2,	'101790',	832),
(2,	'101791',	833),
(2,	'101792',	834),
(2,	'101794',	1026),
(2,	'101795',	827),
(2,	'101796',	828),
(2,	'101797',	829),
(2,	'101798',	831),
(2,	'101799',	835),
(2,	'101800',	1028),
(2,	'101801',	1027),
(2,	'101802',	1030),
(2,	'101803',	1029),
(2,	'101804',	640),
(2,	'101805',	1031),
(2,	'101806',	1032),
(2,	'101807',	662),
(2,	'101808',	657),
(2,	'101809',	658),
(2,	'101810',	846),
(2,	'101811',	850),
(2,	'101812',	853),
(2,	'101813',	861),
(2,	'101814',	859),
(2,	'101815',	860),
(2,	'101816',	851),
(2,	'101817',	862),
(2,	'101818',	863),
(2,	'101819',	864),
(2,	'101820',	852),
(2,	'101821',	865),
(2,	'101822',	866),
(2,	'101823',	847),
(2,	'101824',	858),
(2,	'101825',	869),
(2,	'101826',	857),
(2,	'101827',	855),
(2,	'101828',	870),
(2,	'101829',	854),
(2,	'101830',	856),
(2,	'101831',	867),
(2,	'101832',	871),
(2,	'101833',	872),
(2,	'101834',	873),
(2,	'101835',	868),
(2,	'101836',	874),
(2,	'101837',	875),
(2,	'101838',	876),
(2,	'101839',	848),
(2,	'101840',	877),
(2,	'101841',	884),
(2,	'101842',	886),
(2,	'101843',	887),
(2,	'101844',	888),
(2,	'101845',	885),
(2,	'101846',	881),
(2,	'101847',	889),
(2,	'101848',	883),
(2,	'101849',	882),
(2,	'101850',	878),
(2,	'101851',	890),
(2,	'101852',	891),
(2,	'101853',	892),
(2,	'101854',	879),
(2,	'101855',	893),
(2,	'101856',	894),
(2,	'101857',	880),
(2,	'101858',	895),
(2,	'101859',	896),
(2,	'101860',	897),
(2,	'101861',	898),
(2,	'101862',	849),
(2,	'101863',	899),
(2,	'101864',	902),
(2,	'101865',	903),
(2,	'101866',	900),
(2,	'101867',	904),
(2,	'101868',	905),
(2,	'101869',	906),
(2,	'101870',	901),
(2,	'101871',	907),
(2,	'101872',	908),
(2,	'101873',	909),
(2,	'101874',	659),
(2,	'101875',	910),
(2,	'101876',	911),
(2,	'101877',	660),
(2,	'101878',	661),
(2,	'101879',	663),
(2,	'101880',	664),
(2,	'101881',	665),
(2,	'101883',	666),
(2,	'101884',	912),
(2,	'101885',	913),
(2,	'101886',	667),
(2,	'101887',	914),
(2,	'101888',	915),
(2,	'101889',	916),
(2,	'101890',	670),
(2,	'101891',	669),
(2,	'101892',	917),
(2,	'101893',	668),
(2,	'101894',	671),
(2,	'101895',	918),
(2,	'101896',	919),
(2,	'101897',	920),
(2,	'101898',	921),
(2,	'101899',	672),
(2,	'101900',	677),
(2,	'101901',	673),
(2,	'101902',	674),
(2,	'101903',	675),
(2,	'101904',	676),
(2,	'101905',	1033),
(2,	'101906',	1034),
(2,	'101907',	296),
(2,	'101908',	297),
(2,	'101909',	285),
(2,	'101910',	286),
(2,	'101911',	287),
(2,	'101912',	288),
(2,	'101913',	289),
(2,	'101914',	290),
(2,	'101915',	291),
(2,	'101916',	292),
(2,	'101917',	293),
(2,	'101918',	294),
(2,	'101919',	295),
(2,	'101920',	299),
(2,	'101921',	298),
(2,	'101922',	282),
(2,	'101923',	283),
(2,	'101924',	284),
(2,	'101925',	302),
(2,	'101926',	303),
(2,	'101927',	300),
(2,	'101928',	301),
(2,	'101929',	617),
(2,	'101930',	304),
(2,	'101933',	1035),
(2,	'101934',	1038),
(2,	'101935',	1037),
(2,	'101936',	1036),
(2,	'101937',	1040),
(2,	'101938',	1043),
(2,	'101939',	1046),
(2,	'101940',	1039),
(2,	'101941',	1045),
(2,	'101942',	1042),
(2,	'101943',	1041),
(2,	'101944',	1047),
(2,	'101945',	1044),
(2,	'101946',	1048),
(2,	'101947',	1049),
(2,	'101950',	631),
(2,	'101953',	630),
(2,	'101954',	634),
(2,	'101955',	1052),
(2,	'101956',	1051),
(2,	'101957',	1050),
(2,	'101958',	1055),
(2,	'101959',	1054),
(2,	'101960',	1053),
(2,	'101961',	1058),
(2,	'101962',	1057),
(2,	'101963',	1056),
(2,	'101964',	1061),
(2,	'101965',	1060),
(2,	'101966',	1059),
(2,	'101967',	1064),
(2,	'101968',	1063),
(2,	'101969',	1062),
(2,	'101970',	1067),
(2,	'101971',	1066),
(2,	'101972',	1065),
(2,	'101973',	1070),
(2,	'101974',	1069),
(2,	'101975',	1068),
(2,	'101976',	1073),
(2,	'101977',	1072),
(2,	'101978',	1071),
(2,	'101979',	1076),
(2,	'101980',	1075),
(2,	'101981',	1074),
(2,	'101982',	1079),
(2,	'101983',	1082),
(2,	'101984',	1078),
(2,	'101985',	1081),
(2,	'101986',	1080),
(2,	'101987',	1077),
(2,	'101988',	1085),
(2,	'101989',	1084),
(2,	'101990',	1083),
(2,	'101991',	1088),
(2,	'101992',	1087),
(2,	'101993',	1086),
(2,	'101994',	1091),
(2,	'101995',	1090),
(2,	'101996',	1089),
(2,	'101997',	1094),
(2,	'101998',	1093),
(2,	'101999',	1092),
(2,	'102000',	1097),
(2,	'102001',	1096),
(2,	'102002',	1095),
(2,	'102003',	1100),
(2,	'102004',	1099),
(2,	'102005',	1098),
(2,	'102006',	1103),
(2,	'102007',	1102),
(2,	'102008',	1101),
(2,	'102009',	1106),
(2,	'102010',	1105),
(2,	'102011',	1104),
(2,	'102012',	1109),
(2,	'102013',	1108),
(2,	'102014',	1107),
(2,	'102015',	1112),
(2,	'102016',	1111),
(2,	'102017',	1110),
(2,	'102018',	1115),
(2,	'102019',	1114),
(2,	'102020',	1113),
(2,	'102021',	1118),
(2,	'102022',	1117),
(2,	'102023',	1116),
(2,	'102024',	1121),
(2,	'102025',	1120),
(2,	'102026',	1119),
(2,	'102027',	1124),
(2,	'102028',	1123),
(2,	'102029',	1122),
(2,	'102030',	1127),
(2,	'102031',	1126),
(2,	'102032',	1125),
(2,	'102033',	1130),
(2,	'102034',	1129),
(2,	'102035',	1128),
(2,	'102036',	1133),
(2,	'102037',	1132),
(2,	'102038',	1131),
(2,	'102039',	1136),
(2,	'102040',	1135),
(2,	'102041',	1134),
(2,	'102042',	1139),
(2,	'102043',	1138),
(2,	'102044',	1137),
(2,	'102045',	1142),
(2,	'102046',	1141),
(2,	'102047',	1140),
(2,	'102048',	1145),
(2,	'102049',	1144),
(2,	'102050',	1143),
(2,	'102051',	1148),
(2,	'102052',	1147),
(2,	'102053',	1146),
(2,	'102054',	1151),
(2,	'102055',	1150),
(2,	'102056',	1149),
(2,	'102057',	1154),
(2,	'102058',	1153),
(2,	'102059',	1152),
(2,	'102060',	1157),
(2,	'102061',	1156),
(2,	'102062',	1155),
(2,	'102063',	1160),
(2,	'102064',	1159),
(2,	'102065',	1158),
(2,	'102066',	1163),
(2,	'102067',	1162),
(2,	'102068',	1161),
(2,	'102069',	1166),
(2,	'102070',	1165),
(2,	'102071',	1164),
(2,	'102072',	1169),
(2,	'102073',	1168),
(2,	'102074',	1167),
(2,	'102075',	1172),
(2,	'102076',	1171),
(2,	'102077',	1170),
(2,	'102078',	1175),
(2,	'102079',	1174),
(2,	'102080',	1173),
(2,	'102081',	1178),
(2,	'102082',	1177),
(2,	'102083',	1176),
(2,	'102084',	1181),
(2,	'102085',	1180),
(2,	'102086',	1179),
(2,	'102087',	1184),
(2,	'102088',	1183),
(2,	'102089',	1182),
(2,	'102090',	1187),
(2,	'102091',	1186),
(2,	'102092',	1185),
(2,	'102093',	1190),
(2,	'102094',	1189),
(2,	'102095',	1188),
(2,	'102096',	1193),
(2,	'102097',	1192),
(2,	'102098',	1191),
(2,	'102099',	1196),
(2,	'102100',	1195),
(2,	'102101',	1199),
(2,	'102102',	1194),
(2,	'102103',	1198),
(2,	'102104',	1197),
(2,	'102105',	1202),
(2,	'102106',	1201),
(2,	'102107',	1200),
(2,	'102108',	1205),
(2,	'102109',	1204),
(2,	'102110',	1203),
(2,	'102111',	1208),
(2,	'102112',	1207),
(2,	'102113',	1206),
(2,	'102114',	1211),
(2,	'102115',	1210),
(2,	'102116',	1209),
(2,	'102117',	1214),
(2,	'102118',	1213),
(2,	'102119',	1212),
(2,	'102120',	1217),
(2,	'102121',	1216),
(2,	'102122',	1215),
(2,	'102123',	1220),
(2,	'102124',	1219),
(2,	'102125',	1218),
(2,	'102126',	1223),
(2,	'102127',	1222),
(2,	'102128',	1221),
(2,	'102129',	1226),
(2,	'102130',	1225),
(2,	'102131',	1224),
(2,	'102132',	1229),
(2,	'102133',	1228),
(2,	'102134',	1227),
(2,	'102135',	1232),
(2,	'102136',	1231),
(2,	'102137',	1230),
(2,	'102138',	1235),
(2,	'102139',	1234),
(2,	'102140',	1233),
(2,	'102141',	1238),
(2,	'102142',	1237),
(2,	'102143',	1236),
(2,	'102144',	1241),
(2,	'102145',	1240),
(2,	'102146',	1239),
(2,	'102147',	1244),
(2,	'102148',	1243),
(2,	'102149',	1242),
(2,	'102150',	1247),
(2,	'102151',	1246),
(2,	'102152',	1245),
(2,	'102153',	1250),
(2,	'102154',	1249),
(2,	'102155',	1248),
(2,	'102156',	1253),
(2,	'102157',	1252),
(2,	'102158',	1251),
(2,	'102159',	1256),
(2,	'102160',	1255),
(2,	'102161',	1254),
(2,	'102162',	1259),
(2,	'102163',	1258),
(2,	'102164',	1257),
(2,	'102165',	1262),
(2,	'102166',	1261),
(2,	'102167',	1260),
(2,	'102168',	1265),
(2,	'102169',	1264),
(2,	'102170',	1263),
(2,	'102171',	1268),
(2,	'102172',	1267),
(2,	'102173',	1266),
(2,	'102174',	1271),
(2,	'102175',	1270),
(2,	'102176',	1269),
(2,	'102177',	1274),
(2,	'102178',	1273),
(2,	'102179',	1272),
(2,	'102180',	1277),
(2,	'102181',	1276),
(2,	'102182',	1275),
(2,	'102183',	1280),
(2,	'102184',	1279),
(2,	'102185',	1278),
(2,	'102186',	1283),
(2,	'102187',	1282),
(2,	'102188',	1281),
(2,	'102189',	1286),
(2,	'102190',	1285),
(2,	'102191',	1284),
(2,	'102192',	1289),
(2,	'102193',	1288),
(2,	'102194',	1287),
(2,	'102195',	1292),
(2,	'102196',	1291),
(2,	'102197',	1290),
(2,	'102198',	1295),
(2,	'102199',	1294),
(2,	'102200',	1293),
(2,	'102201',	1298),
(2,	'102202',	1297),
(2,	'102203',	1296),
(2,	'102204',	1301),
(2,	'102205',	1300),
(2,	'102206',	1299),
(2,	'102207',	1302),
(2,	'102208',	1303),
(2,	'102209',	1304),
(2,	'102210',	1305),
(2,	'102211',	1306),
(2,	'102212',	716),
(2,	'102213',	719),
(2,	'102214',	727),
(2,	'102215',	728),
(2,	'102216',	730),
(2,	'102217',	732),
(2,	'102218',	734),
(2,	'102219',	739),
(2,	'102220',	741),
(2,	'102221',	742),
(2,	'102222',	744),
(2,	'102223',	746),
(2,	'102224',	747),
(2,	'102225',	748),
(2,	'102226',	819),
(2,	'102227',	820),
(2,	'102228',	821),
(2,	'102229',	822),
(2,	'102230',	823),
(2,	'102231',	824),
(2,	'102232',	826),
(2,	'102233',	825),
(2,	'102234',	788),
(2,	'102235',	789),
(2,	'102236',	794),
(2,	'102237',	795),
(2,	'102238',	796),
(2,	'102239',	792),
(2,	'102240',	793),
(2,	'102241',	786),
(2,	'102242',	787),
(2,	'102243',	779),
(2,	'102244',	780),
(2,	'102245',	765),
(2,	'102246',	769),
(2,	'102247',	771),
(2,	'102248',	777),
(2,	'102249',	800),
(2,	'102250',	802),
(2,	'102251',	803),
(2,	'102252',	812),
(2,	'102253',	813),
(2,	'102254',	805),
(2,	'102255',	806),
(2,	'102256',	808),
(2,	'102257',	1307),
(2,	'102260',	1308),
(2,	'102261',	1309),
(2,	'102262',	1315),
(2,	'102263',	1314),
(2,	'102264',	1310),
(2,	'102265',	1320),
(2,	'102266',	1324),
(2,	'102267',	1319),
(2,	'102268',	1323),
(2,	'102269',	1316),
(2,	'102270',	1321),
(2,	'102271',	1317),
(2,	'102272',	1322),
(2,	'102273',	1311),
(2,	'102274',	1318),
(2,	'102275',	1312),
(2,	'102276',	1325),
(2,	'102277',	1326),
(2,	'102278',	1327),
(2,	'102279',	1328),
(2,	'102280',	1329),
(2,	'102281',	1313),
(2,	'102282',	1330),
(2,	'102283',	1),
(2,	'14',	182),
(2,	'15',	181),
(2,	'2373',	618),
(2,	'2374',	619),
(2,	'2376',	2),
(2,	'2377',	3),
(2,	'26315',	9),
(2,	'26341',	10),
(2,	'26905',	11),
(2,	'26906',	12),
(2,	'26907',	13),
(2,	'26908',	14),
(2,	'26909',	15),
(2,	'26910',	16),
(2,	'26911',	17),
(2,	'26912',	18),
(2,	'26913',	19),
(2,	'26914',	20),
(2,	'26915',	21),
(2,	'26916',	22),
(2,	'26917',	23),
(2,	'26918',	24),
(2,	'26919',	25),
(2,	'26920',	26),
(2,	'26921',	27),
(2,	'26922',	28),
(2,	'26923',	29),
(2,	'26924',	30),
(2,	'26925',	31),
(2,	'26926',	32),
(2,	'26927',	33),
(2,	'26928',	34),
(2,	'26929',	35),
(2,	'26930',	36),
(2,	'26931',	37),
(2,	'26932',	38),
(2,	'26933',	39),
(2,	'26934',	40),
(2,	'26935',	41),
(2,	'26936',	42),
(2,	'26937',	43),
(2,	'26938',	44),
(2,	'26939',	45),
(2,	'26940',	46),
(2,	'26941',	47),
(2,	'26942',	48),
(2,	'26943',	49),
(2,	'26944',	50),
(2,	'26945',	51),
(2,	'26946',	52),
(2,	'26947',	53),
(2,	'26948',	54),
(2,	'26949',	55),
(2,	'26950',	56),
(2,	'26951',	57),
(2,	'26952',	58),
(2,	'26953',	59),
(2,	'26954',	60),
(2,	'26955',	61),
(2,	'26956',	62),
(2,	'26957',	63),
(2,	'26958',	64),
(2,	'26959',	65),
(2,	'26960',	66),
(2,	'26961',	67),
(2,	'26962',	68),
(2,	'26963',	69),
(2,	'26964',	70),
(2,	'26965',	71),
(2,	'26966',	72),
(2,	'26967',	73),
(2,	'26968',	74),
(2,	'26969',	75),
(2,	'26970',	76),
(2,	'26971',	77),
(2,	'26972',	78),
(2,	'26973',	79),
(2,	'26974',	80),
(2,	'26975',	81),
(2,	'26976',	82),
(2,	'26977',	83),
(2,	'26978',	84),
(2,	'26979',	85),
(2,	'26980',	86),
(2,	'26981',	87),
(2,	'26982',	88),
(2,	'26983',	89),
(2,	'26984',	90),
(2,	'26985',	91),
(2,	'26986',	92),
(2,	'26987',	93),
(2,	'26988',	94),
(2,	'26989',	95),
(2,	'26990',	96),
(2,	'26991',	97),
(2,	'26992',	98),
(2,	'26993',	99),
(2,	'26994',	100),
(2,	'26995',	101),
(2,	'26996',	102),
(2,	'26997',	103),
(2,	'26998',	104),
(2,	'26999',	105),
(2,	'27000',	106),
(2,	'27001',	107),
(2,	'27002',	108),
(2,	'27003',	109),
(2,	'27004',	110),
(2,	'27005',	111),
(2,	'27006',	112),
(2,	'27007',	113),
(2,	'27008',	114),
(2,	'27009',	115),
(2,	'27010',	116),
(2,	'27011',	117),
(2,	'27012',	118),
(2,	'27013',	119),
(2,	'27014',	120),
(2,	'27015',	121),
(2,	'27016',	122),
(2,	'27017',	123),
(2,	'27018',	124),
(2,	'27019',	125),
(2,	'27020',	126),
(2,	'27021',	127),
(2,	'27022',	128),
(2,	'27023',	129),
(2,	'27024',	130),
(2,	'27025',	131),
(2,	'27026',	132),
(2,	'27027',	133),
(2,	'27028',	134),
(2,	'27029',	135),
(2,	'27030',	136),
(2,	'27031',	137),
(2,	'27032',	138),
(2,	'27033',	139),
(2,	'27034',	140),
(2,	'27035',	141),
(2,	'27036',	142),
(2,	'27037',	143),
(2,	'27038',	144),
(2,	'27039',	145),
(2,	'27040',	146),
(2,	'27041',	147),
(2,	'27042',	148),
(2,	'27043',	149),
(2,	'27044',	150),
(2,	'27045',	151),
(2,	'27046',	152),
(2,	'27047',	153),
(2,	'27048',	154),
(2,	'27049',	155),
(2,	'27050',	156),
(2,	'27051',	157),
(2,	'27052',	158),
(2,	'27053',	159),
(2,	'27054',	160),
(2,	'27055',	161),
(2,	'27056',	162),
(2,	'27057',	163),
(2,	'27058',	164),
(2,	'27059',	165),
(2,	'27060',	166),
(2,	'27061',	167),
(2,	'27062',	168),
(2,	'27063',	169),
(2,	'27064',	170),
(2,	'27065',	171),
(2,	'27066',	172),
(2,	'27067',	173),
(2,	'27068',	174),
(2,	'27069',	175),
(2,	'27070',	176),
(2,	'27071',	177),
(2,	'27072',	178),
(2,	'27085',	564),
(2,	'27086',	569),
(2,	'27087',	574),
(2,	'27131',	179),
(2,	'27132',	180),
(2,	'27135',	604),
(2,	'27136',	184),
(2,	'27147',	717),
(2,	'27148',	701),
(2,	'27149',	627),
(2,	'27150',	186),
(2,	'27154',	922),
(2,	'27155',	923),
(2,	'27167',	924),
(2,	'27168',	925),
(2,	'27169',	926),
(2,	'27170',	927),
(2,	'27172',	928),
(2,	'27173',	929),
(2,	'27174',	930),
(2,	'27175',	931),
(2,	'27176',	932),
(2,	'27180',	187),
(2,	'27181',	188),
(2,	'27191',	933),
(2,	'27192',	934),
(2,	'27196',	935),
(2,	'27215',	196),
(2,	'27225',	936),
(2,	'27226',	620),
(2,	'27227',	621),
(2,	'27228',	622),
(2,	'27230',	189),
(2,	'27233',	190),
(2,	'27234',	633),
(2,	'27236',	191),
(2,	'27257',	632),
(2,	'27258',	192),
(2,	'27259',	193),
(2,	'27260',	194),
(2,	'27261',	195),
(2,	'27263',	197),
(2,	'27264',	198),
(2,	'27374',	937),
(2,	'27376',	938),
(2,	'27377',	199),
(2,	'27378',	200),
(2,	'27379',	201),
(2,	'27380',	202),
(2,	'27381',	203),
(2,	'27382',	204),
(2,	'27383',	205),
(2,	'27393',	206),
(2,	'27394',	207),
(2,	'27395',	208),
(2,	'27396',	209),
(2,	'27397',	210),
(2,	'27398',	211),
(2,	'27414',	939),
(2,	'27422',	940),
(2,	'27426',	941),
(2,	'27427',	942),
(2,	'27431',	943),
(2,	'27432',	944),
(2,	'27436',	945),
(2,	'27437',	946),
(2,	'27438',	605),
(2,	'27442',	947),
(2,	'27443',	948),
(2,	'27444',	949),
(2,	'27445',	950),
(2,	'27449',	951),
(2,	'27450',	952),
(2,	'27451',	953),
(2,	'27452',	954),
(2,	'27453',	955),
(2,	'27456',	212),
(2,	'27457',	213),
(2,	'27458',	214),
(2,	'27507',	722),
(2,	'27508',	723),
(2,	'27509',	724),
(2,	'27510',	745),
(2,	'27511',	725),
(2,	'27516',	651),
(2,	'27524',	764),
(2,	'27533',	623),
(2,	'27566',	956),
(2,	'27567',	957),
(2,	'27572',	720),
(2,	'27580',	958),
(2,	'27635',	959),
(2,	'27658',	695),
(2,	'27660',	703),
(2,	'27662',	700),
(2,	'27664',	781),
(2,	'27667',	697),
(2,	'27668',	698),
(2,	'27673',	729),
(2,	'27676',	696),
(2,	'27677',	721),
(2,	'27678',	709),
(2,	'27700',	757),
(2,	'27701',	758),
(2,	'27702',	751),
(2,	'27704',	760),
(2,	'27705',	750),
(2,	'27706',	761),
(2,	'27708',	770),
(2,	'27709',	773),
(2,	'27710',	755),
(2,	'27713',	763),
(2,	'27714',	624),
(2,	'27715',	768),
(2,	'27717',	754),
(2,	'27721',	749),
(2,	'27722',	715),
(2,	'27724',	625),
(2,	'27726',	797),
(2,	'27729',	801),
(2,	'27731',	785),
(2,	'27732',	807),
(2,	'27735',	738),
(2,	'27736',	626),
(2,	'27758',	706),
(2,	'27759',	743),
(2,	'27760',	705),
(2,	'27761',	707),
(2,	'27792',	752),
(2,	'2780',	4),
(2,	'2781',	5);

DROP TABLE IF EXISTS `cms3_import_offer_list`;
CREATE TABLE `cms3_import_offer_list` (
  `external_id` varchar(255) NOT NULL,
  `internal_id` int(10) unsigned NOT NULL,
  `source_id` int(10) unsigned NOT NULL,
  KEY `external_id` (`external_id`,`source_id`),
  KEY `internal_id` (`internal_id`,`source_id`),
  KEY `source_id` (`source_id`),
  CONSTRAINT `internal id to offer` FOREIGN KEY (`internal_id`) REFERENCES `cms3_offer_list` (`id`) ON DELETE CASCADE ON UPDATE CASCADE,
  CONSTRAINT `offer source id to import source` FOREIGN KEY (`source_id`) REFERENCES `cms3_import_sources` (`id`) ON DELETE CASCADE ON UPDATE CASCADE
) ENGINE=InnoDB DEFAULT CHARSET=utf8;


DROP TABLE IF EXISTS `cms3_import_offer_price_list`;
CREATE TABLE `cms3_import_offer_price_list` (
  `external_id` varchar(255) NOT NULL,
  `internal_id` int(10) unsigned NOT NULL,
  `source_id` int(10) unsigned NOT NULL,
  KEY `external_id` (`external_id`,`source_id`),
  KEY `internal_id` (`internal_id`,`source_id`),
  KEY `source_id` (`source_id`),
  CONSTRAINT `internal id to price` FOREIGN KEY (`internal_id`) REFERENCES `cms3_offer_price_list` (`id`) ON DELETE CASCADE ON UPDATE CASCADE,
  CONSTRAINT `price source id to import source` FOREIGN KEY (`source_id`) REFERENCES `cms3_import_sources` (`id`) ON DELETE CASCADE ON UPDATE CASCADE
) ENGINE=InnoDB DEFAULT CHARSET=utf8;


DROP TABLE IF EXISTS `cms3_import_offer_price_type_list`;
CREATE TABLE `cms3_import_offer_price_type_list` (
  `external_id` varchar(255) NOT NULL,
  `internal_id` int(10) unsigned NOT NULL,
  `source_id` int(10) unsigned NOT NULL,
  KEY `external_id` (`external_id`,`source_id`),
  KEY `internal_id` (`internal_id`,`source_id`),
  KEY `source_id` (`source_id`),
  CONSTRAINT `internal id to price type` FOREIGN KEY (`internal_id`) REFERENCES `cms3_offer_price_type_list` (`id`) ON DELETE CASCADE ON UPDATE CASCADE,
  CONSTRAINT `price type source id to import source` FOREIGN KEY (`source_id`) REFERENCES `cms3_import_sources` (`id`) ON DELETE CASCADE ON UPDATE CASCADE
) ENGINE=InnoDB DEFAULT CHARSET=utf8;

INSERT INTO `cms3_import_offer_price_type_list` (`external_id`, `internal_id`, `source_id`) VALUES
('1',	1,	1);

DROP TABLE IF EXISTS `cms3_import_redirects`;
CREATE TABLE `cms3_import_redirects` (
  `external_id` int(11) NOT NULL,
  `internal_id` int(11) NOT NULL,
  `source_id` int(10) unsigned NOT NULL,
  KEY `external_id` (`external_id`,`source_id`),
  KEY `internal_id` (`internal_id`,`source_id`),
  KEY `source_id` (`source_id`),
  CONSTRAINT `cms3_import_redirects_ibfk_1` FOREIGN KEY (`internal_id`) REFERENCES `cms3_redirects` (`id`) ON DELETE CASCADE ON UPDATE CASCADE,
  CONSTRAINT `cms3_import_redirects_ibfk_2` FOREIGN KEY (`source_id`) REFERENCES `cms3_import_sources` (`id`) ON DELETE CASCADE ON UPDATE CASCADE
) ENGINE=InnoDB DEFAULT CHARSET=utf8;


DROP TABLE IF EXISTS `cms3_import_relations`;
CREATE TABLE `cms3_import_relations` (
  `source_id` int(10) unsigned NOT NULL,
  `old_id` varchar(255) NOT NULL,
  `new_id` int(10) unsigned NOT NULL,
  KEY `source_id` (`source_id`,`old_id`,`new_id`),
  KEY `old_id` (`old_id`,`new_id`),
  KEY `new_id` (`new_id`),
  CONSTRAINT `FK_NewId_To_HierarchyId` FOREIGN KEY (`new_id`) REFERENCES `cms3_hierarchy` (`id`) ON DELETE CASCADE ON UPDATE CASCADE,
  CONSTRAINT `FK_SourceId_To_Source` FOREIGN KEY (`source_id`) REFERENCES `cms3_import_sources` (`id`) ON DELETE CASCADE ON UPDATE CASCADE
) ENGINE=InnoDB DEFAULT CHARSET=utf8;

INSERT INTO `cms3_import_relations` (`source_id`, `old_id`, `new_id`) VALUES
(2,	'1',	3),
(2,	'10',	43),
(2,	'100',	115),
(2,	'101',	123),
(2,	'102',	124),
(2,	'103',	125),
(2,	'104',	119),
(2,	'105',	1),
(2,	'106',	129),
(2,	'107',	130),
(2,	'108',	11),
(2,	'11',	44),
(2,	'111',	12),
(2,	'112',	149),
(2,	'113',	150),
(2,	'114',	13),
(2,	'115',	151),
(2,	'116',	152),
(2,	'117',	153),
(2,	'118',	16),
(2,	'119',	15),
(2,	'12',	45),
(2,	'120',	154),
(2,	'121',	14),
(2,	'122',	17),
(2,	'123',	155),
(2,	'124',	156),
(2,	'125',	157),
(2,	'126',	158),
(2,	'127',	18),
(2,	'128',	144),
(2,	'129',	146),
(2,	'13',	46),
(2,	'130',	147),
(2,	'131',	141),
(2,	'132',	142),
(2,	'133',	143),
(2,	'134',	145),
(2,	'135',	148),
(2,	'136',	19),
(2,	'137',	20),
(2,	'138',	159),
(2,	'139',	163),
(2,	'14',	47),
(2,	'140',	166),
(2,	'141',	174),
(2,	'142',	172),
(2,	'143',	173),
(2,	'144',	164),
(2,	'145',	175),
(2,	'146',	176),
(2,	'147',	177),
(2,	'148',	165),
(2,	'149',	178),
(2,	'15',	48),
(2,	'150',	179),
(2,	'151',	160),
(2,	'152',	171),
(2,	'153',	182),
(2,	'154',	170),
(2,	'155',	168),
(2,	'156',	183),
(2,	'157',	167),
(2,	'158',	169),
(2,	'159',	180),
(2,	'16',	49),
(2,	'160',	184),
(2,	'161',	185),
(2,	'162',	186),
(2,	'163',	181),
(2,	'164',	187),
(2,	'165',	188),
(2,	'166',	189),
(2,	'167',	161),
(2,	'168',	190),
(2,	'169',	197),
(2,	'17',	50),
(2,	'170',	199),
(2,	'171',	200),
(2,	'172',	201),
(2,	'173',	198),
(2,	'174',	194),
(2,	'175',	202),
(2,	'176',	196),
(2,	'177',	195),
(2,	'178',	191),
(2,	'179',	203),
(2,	'18',	2),
(2,	'180',	204),
(2,	'181',	205),
(2,	'182',	192),
(2,	'183',	206),
(2,	'184',	207),
(2,	'185',	193),
(2,	'186',	208),
(2,	'187',	209),
(2,	'188',	210),
(2,	'189',	211),
(2,	'19',	51),
(2,	'190',	162),
(2,	'191',	212),
(2,	'192',	215),
(2,	'193',	216),
(2,	'194',	213),
(2,	'195',	217),
(2,	'196',	218),
(2,	'197',	219),
(2,	'198',	214),
(2,	'199',	220),
(2,	'2',	4),
(2,	'200',	221),
(2,	'201',	222),
(2,	'202',	21),
(2,	'203',	223),
(2,	'204',	224),
(2,	'205',	22),
(2,	'206',	23),
(2,	'207',	24),
(2,	'208',	25),
(2,	'209',	26),
(2,	'211',	27),
(2,	'212',	225),
(2,	'213',	226),
(2,	'214',	28),
(2,	'215',	227),
(2,	'216',	228),
(2,	'217',	229),
(2,	'218',	31),
(2,	'219',	30),
(2,	'220',	230),
(2,	'221',	29),
(2,	'222',	32),
(2,	'223',	231),
(2,	'224',	232),
(2,	'225',	233),
(2,	'226',	234),
(2,	'227',	33),
(2,	'228',	34),
(2,	'229',	61),
(2,	'230',	63),
(2,	'231',	65),
(2,	'232',	66),
(2,	'233',	67),
(2,	'234',	69),
(2,	'235',	71),
(2,	'236',	75),
(2,	'237',	77),
(2,	'238',	78),
(2,	'239',	79),
(2,	'240',	80),
(2,	'241',	81),
(2,	'242',	82),
(2,	'243',	133),
(2,	'244',	134),
(2,	'245',	135),
(2,	'246',	136),
(2,	'247',	137),
(2,	'248',	138),
(2,	'249',	140),
(2,	'250',	139),
(2,	'251',	105),
(2,	'252',	106),
(2,	'253',	111),
(2,	'254',	112),
(2,	'255',	113),
(2,	'256',	109),
(2,	'257',	110),
(2,	'258',	103),
(2,	'259',	104),
(2,	'260',	98),
(2,	'261',	99),
(2,	'262',	87),
(2,	'263',	90),
(2,	'264',	91),
(2,	'265',	96),
(2,	'266',	116),
(2,	'267',	117),
(2,	'268',	118),
(2,	'269',	126),
(2,	'270',	127),
(2,	'271',	120),
(2,	'272',	121),
(2,	'273',	122),
(2,	'28',	89),
(2,	'29',	5),
(2,	'3',	35),
(2,	'30',	131),
(2,	'31',	132),
(2,	'35',	41),
(2,	'4',	36),
(2,	'41',	6),
(2,	'42',	7),
(2,	'43',	8),
(2,	'44',	9),
(2,	'47',	64),
(2,	'48',	76),
(2,	'49',	70),
(2,	'5',	37),
(2,	'50',	88),
(2,	'58',	10),
(2,	'6',	38),
(2,	'69',	128),
(2,	'7',	39),
(2,	'71',	54),
(2,	'72',	57),
(2,	'73',	100),
(2,	'74',	101),
(2,	'75',	102),
(2,	'76',	52),
(2,	'77',	53),
(2,	'78',	56),
(2,	'79',	59),
(2,	'8',	40),
(2,	'80',	107),
(2,	'81',	108),
(2,	'82',	55),
(2,	'83',	58),
(2,	'84',	60),
(2,	'85',	72),
(2,	'86',	73),
(2,	'87',	74),
(2,	'88',	62),
(2,	'89',	68),
(2,	'9',	42),
(2,	'90',	85),
(2,	'91',	86),
(2,	'92',	97),
(2,	'93',	92),
(2,	'94',	93),
(2,	'95',	94),
(2,	'96',	95),
(2,	'97',	83),
(2,	'98',	84),
(2,	'99',	114);

DROP TABLE IF EXISTS `cms3_import_restrictions`;
CREATE TABLE `cms3_import_restrictions` (
  `source_id` int(10) unsigned NOT NULL,
  `old_id` varchar(255) NOT NULL,
  `new_id` int(10) unsigned NOT NULL,
  KEY `source_id` (`source_id`,`old_id`,`new_id`),
  KEY `old_id` (`old_id`,`new_id`),
  KEY `new_id` (`new_id`),
  CONSTRAINT `FK_NewId_To_RestrictionId` FOREIGN KEY (`new_id`) REFERENCES `cms3_object_fields_restrictions` (`id`) ON DELETE CASCADE ON UPDATE CASCADE,
  CONSTRAINT `FK_RestrictionSourceId_To_Source` FOREIGN KEY (`source_id`) REFERENCES `cms3_import_sources` (`id`) ON DELETE CASCADE ON UPDATE CASCADE
) ENGINE=InnoDB DEFAULT CHARSET=utf8;

INSERT INTO `cms3_import_restrictions` (`source_id`, `old_id`, `new_id`) VALUES
(1,	'1',	6),
(1,	'2',	3),
(1,	'3',	4),
(1,	'4',	1),
(1,	'5',	2),
(1,	'7',	5),
(2,	'11',	7),
(2,	'2',	3),
(2,	'4',	1),
(2,	'5',	2);

DROP TABLE IF EXISTS `cms3_import_sliders`;
CREATE TABLE `cms3_import_sliders` (
  `external_id` int(10) unsigned NOT NULL,
  `internal_id` int(10) unsigned NOT NULL,
  `source_id` int(10) unsigned NOT NULL,
  KEY `external_id` (`external_id`,`source_id`),
  KEY `internal_id` (`internal_id`,`source_id`),
  KEY `source_id` (`source_id`),
  CONSTRAINT `cms3_import_sliders_ibfk_1` FOREIGN KEY (`internal_id`) REFERENCES `cms3_sliders` (`id`) ON DELETE CASCADE ON UPDATE CASCADE,
  CONSTRAINT `cms3_import_sliders_ibfk_2` FOREIGN KEY (`source_id`) REFERENCES `cms3_import_sources` (`id`) ON DELETE CASCADE ON UPDATE CASCADE
) ENGINE=InnoDB DEFAULT CHARSET=utf8;


DROP TABLE IF EXISTS `cms3_import_slides`;
CREATE TABLE `cms3_import_slides` (
  `external_id` int(10) unsigned NOT NULL,
  `internal_id` int(10) unsigned NOT NULL,
  `source_id` int(10) unsigned NOT NULL,
  KEY `external_id` (`external_id`,`source_id`),
  KEY `internal_id` (`internal_id`,`source_id`),
  KEY `source_id` (`source_id`),
  CONSTRAINT `cms3_import_slides_ibfk_1` FOREIGN KEY (`internal_id`) REFERENCES `cms3_slides` (`id`) ON DELETE CASCADE ON UPDATE CASCADE,
  CONSTRAINT `cms3_import_slides_ibfk_2` FOREIGN KEY (`source_id`) REFERENCES `cms3_import_sources` (`id`) ON DELETE CASCADE ON UPDATE CASCADE
) ENGINE=InnoDB DEFAULT CHARSET=utf8;


DROP TABLE IF EXISTS `cms3_import_sources`;
CREATE TABLE `cms3_import_sources` (
  `id` int(10) unsigned NOT NULL AUTO_INCREMENT,
  `source_name` varchar(128) DEFAULT NULL,
  PRIMARY KEY (`id`),
  KEY `source_name` (`source_name`)
) ENGINE=InnoDB DEFAULT CHARSET=utf8;

INSERT INTO `cms3_import_sources` (`id`, `source_name`) VALUES
(2,	'demodizzy-1'),
(1,	'system');

DROP TABLE IF EXISTS `cms3_import_stock_balance_list`;
CREATE TABLE `cms3_import_stock_balance_list` (
  `external_id` varchar(255) NOT NULL,
  `internal_id` int(10) unsigned NOT NULL,
  `source_id` int(10) unsigned NOT NULL,
  KEY `external_id` (`external_id`,`source_id`),
  KEY `internal_id` (`internal_id`,`source_id`),
  KEY `source_id` (`source_id`),
  CONSTRAINT `internal id to stock balance` FOREIGN KEY (`internal_id`) REFERENCES `cms3_stock_balance_list` (`id`) ON DELETE CASCADE ON UPDATE CASCADE,
  CONSTRAINT `stock balance source id to import source` FOREIGN KEY (`source_id`) REFERENCES `cms3_import_sources` (`id`) ON DELETE CASCADE ON UPDATE CASCADE
) ENGINE=InnoDB DEFAULT CHARSET=utf8;


DROP TABLE IF EXISTS `cms3_import_templates`;
CREATE TABLE `cms3_import_templates` (
  `source_id` int(10) unsigned NOT NULL,
  `old_id` varchar(255) NOT NULL,
  `new_id` int(10) unsigned NOT NULL,
  KEY `source_id` (`source_id`,`old_id`,`new_id`),
  KEY `old_id` (`old_id`,`new_id`),
  KEY `new_id` (`new_id`),
  CONSTRAINT `FK_NewId_To_TemplateId` FOREIGN KEY (`new_id`) REFERENCES `cms3_templates` (`id`) ON DELETE CASCADE ON UPDATE CASCADE,
  CONSTRAINT `FK_TemplateSourceId_To_Source` FOREIGN KEY (`source_id`) REFERENCES `cms3_import_sources` (`id`) ON DELETE CASCADE ON UPDATE CASCADE
) ENGINE=InnoDB DEFAULT CHARSET=utf8;

INSERT INTO `cms3_import_templates` (`source_id`, `old_id`, `new_id`) VALUES
(2,	'1',	2),
(2,	'2',	3),
(2,	'3',	1);

DROP TABLE IF EXISTS `cms3_import_types`;
CREATE TABLE `cms3_import_types` (
  `source_id` int(10) unsigned NOT NULL,
  `old_id` varchar(255) NOT NULL,
  `new_id` int(10) unsigned NOT NULL,
  KEY `source_id` (`source_id`,`old_id`,`new_id`),
  KEY `old_id` (`old_id`,`new_id`),
  KEY `new_id` (`new_id`),
  CONSTRAINT `FK_NewId_To_ObjectTypeId` FOREIGN KEY (`new_id`) REFERENCES `cms3_object_types` (`id`) ON DELETE CASCADE ON UPDATE CASCADE,
  CONSTRAINT `FK_TypeSourceId_To_Source` FOREIGN KEY (`source_id`) REFERENCES `cms3_import_sources` (`id`) ON DELETE CASCADE ON UPDATE CASCADE
) ENGINE=InnoDB DEFAULT CHARSET=utf8;

INSERT INTO `cms3_import_types` (`source_id`, `old_id`, `new_id`) VALUES
(1,	'10',	61),
(1,	'11',	87),
(1,	'18',	7),
(1,	'21',	5),
(1,	'22',	8),
(1,	'23',	60),
(1,	'34',	59),
(1,	'39',	71),
(1,	'4',	54),
(1,	'40',	72),
(1,	'5',	114),
(1,	'6',	39),
(1,	'648',	67),
(1,	'649',	68),
(1,	'650',	69),
(1,	'651',	70),
(1,	'671',	113),
(1,	'672',	115),
(1,	'673',	116),
(1,	'674',	9),
(1,	'675',	117),
(1,	'680',	82),
(1,	'681',	83),
(1,	'682',	84),
(1,	'683',	85),
(1,	'688',	64),
(1,	'689',	62),
(1,	'693',	10),
(1,	'696',	77),
(1,	'697',	78),
(1,	'699',	79),
(1,	'7',	1),
(1,	'700',	80),
(1,	'701',	81),
(1,	'702',	121),
(1,	'739',	11),
(1,	'740',	74),
(1,	'741',	75),
(1,	'742',	76),
(1,	'743',	118),
(1,	'745',	2),
(1,	'746',	63),
(1,	'747',	65),
(1,	'748',	66),
(1,	'750',	73),
(1,	'751',	45),
(1,	'752',	52),
(1,	'753',	48),
(1,	'754',	55),
(1,	'755',	53),
(1,	'756',	44),
(1,	'757',	43),
(1,	'760',	88),
(1,	'762',	30),
(1,	'765',	42),
(1,	'767',	32),
(1,	'768',	56),
(1,	'770',	31),
(1,	'772',	33),
(1,	'773',	34),
(1,	'777',	90),
(1,	'779',	41),
(1,	'780',	21),
(1,	'781',	51),
(1,	'782',	50),
(1,	'783',	96),
(1,	'784',	97),
(1,	'787',	46),
(1,	'788',	47),
(1,	'791',	100),
(1,	'792',	12),
(1,	'793',	13),
(1,	'794',	91),
(1,	'795',	92),
(1,	'796',	93),
(1,	'797',	94),
(1,	'798',	57),
(1,	'799',	95),
(1,	'8',	4),
(1,	'800',	89),
(1,	'801',	101),
(1,	'802',	102),
(1,	'803',	40),
(1,	'804',	119),
(1,	'805',	120),
(1,	'806',	35),
(1,	'807',	36),
(1,	'808',	98),
(1,	'809',	14),
(1,	'810',	15),
(1,	'812',	103),
(1,	'813',	104),
(1,	'814',	16),
(1,	'815',	17),
(1,	'816',	105),
(1,	'817',	49),
(1,	'818',	18),
(1,	'819',	123),
(1,	'820',	19),
(1,	'822',	37),
(1,	'823',	38),
(1,	'824',	106),
(1,	'826',	107),
(1,	'827',	20),
(1,	'828',	108),
(1,	'829',	22),
(1,	'830',	23),
(1,	'831',	24),
(1,	'832',	6),
(1,	'833',	109),
(1,	'834',	110),
(1,	'837',	111),
(1,	'838',	25),
(1,	'839',	58),
(1,	'840',	26),
(1,	'841',	125),
(1,	'842',	99),
(1,	'843',	122),
(1,	'844',	27),
(1,	'845',	112),
(1,	'846',	28),
(1,	'847',	29),
(1,	'848',	124),
(1,	'9',	86),
(1,	'{root-pages-type}',	3),
(2,	'10',	61),
(2,	'11',	87),
(2,	'1500',	130),
(2,	'1501',	132),
(2,	'1502',	133),
(2,	'1503',	138),
(2,	'1504',	140),
(2,	'1505',	142),
(2,	'1506',	134),
(2,	'1507',	135),
(2,	'1508',	136),
(2,	'1509',	128),
(2,	'1511',	129),
(2,	'1512',	131),
(2,	'1513',	127),
(2,	'1514',	139),
(2,	'1515',	137),
(2,	'1516',	17),
(2,	'1517',	16),
(2,	'1518',	15),
(2,	'1519',	14),
(2,	'1520',	36),
(2,	'1521',	35),
(2,	'1522',	119),
(2,	'1523',	120),
(2,	'1524',	100),
(2,	'1525',	103),
(2,	'1526',	104),
(2,	'1527',	98),
(2,	'1530',	13),
(2,	'1531',	12),
(2,	'1532',	49),
(2,	'1533',	18),
(2,	'1534',	105),
(2,	'1535',	126),
(2,	'1536',	9),
(2,	'1537',	123),
(2,	'1538',	19),
(2,	'1539',	37),
(2,	'1540',	38),
(2,	'1542',	106),
(2,	'1543',	107),
(2,	'1544',	141),
(2,	'1549',	6),
(2,	'1550',	20),
(2,	'1551',	22),
(2,	'1552',	23),
(2,	'1553',	24),
(2,	'1554',	108),
(2,	'1555',	109),
(2,	'1556',	110),
(2,	'1557',	25),
(2,	'1559',	58),
(2,	'1560',	111),
(2,	'1562',	143),
(2,	'18',	7),
(2,	'21',	5),
(2,	'22',	8),
(2,	'23',	60),
(2,	'34',	59),
(2,	'39',	71),
(2,	'4',	54),
(2,	'40',	72),
(2,	'5',	114),
(2,	'6',	39),
(2,	'648',	67),
(2,	'649',	68),
(2,	'650',	69),
(2,	'651',	70),
(2,	'671',	113),
(2,	'672',	115),
(2,	'673',	116),
(2,	'675',	117),
(2,	'680',	82),
(2,	'681',	83),
(2,	'682',	84),
(2,	'683',	85),
(2,	'688',	64),
(2,	'689',	62),
(2,	'693',	10),
(2,	'696',	77),
(2,	'697',	78),
(2,	'699',	79),
(2,	'7',	1),
(2,	'700',	80),
(2,	'701',	81),
(2,	'702',	121),
(2,	'739',	11),
(2,	'740',	74),
(2,	'741',	75),
(2,	'742',	76),
(2,	'743',	118),
(2,	'745',	2),
(2,	'746',	63),
(2,	'747',	65),
(2,	'748',	66),
(2,	'750',	73),
(2,	'751',	45),
(2,	'752',	52),
(2,	'753',	48),
(2,	'754',	55),
(2,	'755',	53),
(2,	'756',	44),
(2,	'757',	43),
(2,	'760',	88),
(2,	'762',	30),
(2,	'765',	42),
(2,	'767',	32),
(2,	'768',	56),
(2,	'770',	31),
(2,	'772',	33),
(2,	'773',	34),
(2,	'777',	90),
(2,	'779',	41),
(2,	'780',	21),
(2,	'781',	51),
(2,	'782',	50),
(2,	'783',	96),
(2,	'784',	97),
(2,	'787',	46),
(2,	'788',	47),
(2,	'794',	91),
(2,	'795',	92),
(2,	'796',	93),
(2,	'797',	94),
(2,	'798',	57),
(2,	'799',	95),
(2,	'8',	4),
(2,	'800',	89),
(2,	'801',	101),
(2,	'802',	102),
(2,	'803',	40),
(2,	'9',	86),
(2,	'{root-pages-type}',	3);

DROP TABLE IF EXISTS `cms3_langs`;
CREATE TABLE `cms3_langs` (
  `id` int(10) unsigned NOT NULL AUTO_INCREMENT,
  `prefix` varchar(16) NOT NULL,
  `title` varchar(255) NOT NULL,
  `is_default` tinyint(1) DEFAULT NULL,
  PRIMARY KEY (`id`),
  UNIQUE KEY `prefix` (`prefix`)
) ENGINE=InnoDB DEFAULT CHARSET=utf8;

INSERT INTO `cms3_langs` (`id`, `prefix`, `title`, `is_default`) VALUES
(1,	'ru',	'Русский',	1),
(2,	'en',	'English',	0);

DROP TABLE IF EXISTS `cms3_links`;
CREATE TABLE `cms3_links` (
  `id` int(11) unsigned NOT NULL AUTO_INCREMENT,
  `address` varchar(1024) NOT NULL,
  `address_hash` varchar(32) NOT NULL,
  `place` varchar(255) NOT NULL,
  `broken` tinyint(1) DEFAULT 0,
  PRIMARY KEY (`id`),
  UNIQUE KEY `address_hash` (`address_hash`),
  KEY `broken` (`broken`)
) ENGINE=InnoDB DEFAULT CHARSET=utf8;


DROP TABLE IF EXISTS `cms3_links_sources`;
CREATE TABLE `cms3_links_sources` (
  `id` int(11) unsigned NOT NULL AUTO_INCREMENT,
  `link_id` int(11) unsigned NOT NULL,
  `place` varchar(255) NOT NULL,
  `type` enum('object','template') NOT NULL,
  PRIMARY KEY (`id`),
  UNIQUE KEY `link_source` (`link_id`,`place`),
  CONSTRAINT `source link_id` FOREIGN KEY (`link_id`) REFERENCES `cms3_links` (`id`) ON DELETE CASCADE ON UPDATE CASCADE
) ENGINE=InnoDB DEFAULT CHARSET=utf8;


DROP TABLE IF EXISTS `cms3_mail_notifications`;
CREATE TABLE `cms3_mail_notifications` (
  `id` int(11) unsigned NOT NULL AUTO_INCREMENT,
  `lang_id` int(10) unsigned NOT NULL,
  `domain_id` int(10) unsigned NOT NULL,
  `name` varchar(255) DEFAULT NULL,
  `module` varchar(255) DEFAULT NULL,
  PRIMARY KEY (`id`),
  UNIQUE KEY `name-domain-lang` (`name`,`domain_id`,`lang_id`),
  KEY `lang_id` (`lang_id`),
  KEY `domain_id` (`domain_id`),
  KEY `name` (`name`),
  CONSTRAINT `notification to domain` FOREIGN KEY (`domain_id`) REFERENCES `cms3_domains` (`id`) ON UPDATE CASCADE,
  CONSTRAINT `notification to lang` FOREIGN KEY (`lang_id`) REFERENCES `cms3_langs` (`id`) ON UPDATE CASCADE
) ENGINE=InnoDB DEFAULT CHARSET=utf8;

INSERT INTO `cms3_mail_notifications` (`id`, `lang_id`, `domain_id`, `name`, `module`) VALUES
(1,	1,	1,	'notification-new-record-admin',	'appointment'),
(2,	1,	1,	'notification-new-record-user',	'appointment'),
(3,	1,	1,	'notification-record-status-changed-user',	'appointment'),
(4,	1,	1,	'notification-banners-expiration-date',	'banners'),
(5,	1,	1,	'notification-blogs-post-comment',	'blogs20'),
(6,	1,	1,	'notification-blogs-comment-comment',	'blogs20'),
(7,	1,	1,	'notification-content-expiration-date',	'content'),
(8,	1,	1,	'notification-content-unpublish-page',	'content'),
(9,	1,	1,	'notification-dispatches-release',	'dispatches'),
(10,	1,	1,	'notification-dispatches-subscribe',	'dispatches'),
(11,	1,	1,	'notification-emarket-status-change',	'emarket'),
(12,	1,	1,	'notification-emarket-new-order',	'emarket'),
(13,	1,	1,	'notification-emarket-invoice',	'emarket'),
(14,	1,	1,	'notification-faq-answer',	'faq'),
(15,	1,	1,	'notification-faq-confirm-user',	'faq'),
(16,	1,	1,	'notification-faq-confirm-admin',	'faq'),
(17,	1,	1,	'notification-forum-new-message',	'forum'),
(18,	1,	1,	'notification-users-new-registration-admin',	'users'),
(19,	1,	1,	'notification-users-restore-password',	'users'),
(20,	1,	1,	'notification-users-registered',	'users'),
(21,	1,	1,	'notification-users-registered-no-activation',	'users'),
(22,	1,	1,	'notification-users-new-password',	'users');

DROP TABLE IF EXISTS `cms3_mail_templates`;
CREATE TABLE `cms3_mail_templates` (
  `id` int(11) unsigned NOT NULL AUTO_INCREMENT,
  `notification_id` int(11) unsigned NOT NULL,
  `name` varchar(255) DEFAULT NULL,
  `type` varchar(255) DEFAULT NULL,
  `content` mediumtext DEFAULT NULL,
  PRIMARY KEY (`id`),
  UNIQUE KEY `name-notification` (`name`,`notification_id`),
  KEY `name` (`name`),
  KEY `notification_id` (`notification_id`),
  CONSTRAINT `mail template to notification` FOREIGN KEY (`notification_id`) REFERENCES `cms3_mail_notifications` (`id`) ON DELETE CASCADE
) ENGINE=InnoDB DEFAULT CHARSET=utf8;

INSERT INTO `cms3_mail_templates` (`id`, `notification_id`, `name`, `type`, `content`) VALUES
(1,	1,	'new-record-admin-notify-content',	'content',	'<table style=\"max-width: 400px; width: 100%;\">\n  <tbody>\n    <tr>\n      <td>Имя</td>\n      <td>%name%</td>\n    </tr>\n    <tr>\n      <td>Телефон</td>\n      <td>%phone%</td>\n    </tr>\n    <tr>\n      <td>E-Mail</td>\n      <td>%email%</td>\n    </tr>\n    <tr>\n      <td>Комментарий</td>\n      <td>%comment%</td>\n    </tr>\n    <tr>\n      <td>Дата</td>\n      <td>%date%</td>\n    </tr>\n    <tr>\n      <td>Время</td>\n      <td>%time%</td>\n    </tr>\n    <tr>\n      <td>Услуга</td>\n      <td>%service%</td>\n    </tr>\n    <tr>\n      <td>Категория</td>\n      <td>%category%</td>\n    </tr>\n    <tr>\n      <td>Специалист</td>\n      <td>%specialist%</td>\n  </tr>\n  </tbody>\n</table>'),
(2,	1,	'new-record-admin-notify-subject',	'subject',	'Запись на приём \\ %category% \\ %service% \\'),
(3,	2,	'new-record-user-notify-content',	'content',	'<table style=\"max-width: 400px; width: 100%;\">\n  <tbody>\n    <tr>\n      <td>Дата</td>\n      <td>%date%</td>\n    </tr>\n    <tr>\n      <td>Время</td>\n      <td>%time%</td>\n    </tr>\n    <tr>\n      <td>Услуга</td>\n      <td>%service%</td>\n    </tr>\n    <tr>\n      <td>Категория</td>\n      <td>%category%</td>\n    </tr>\n    <tr>\n      <td>Специалист</td>\n      <td>%specialist%</td>\n    </tr>\n  </tbody>\n</table>'),
(4,	2,	'new-record-user-notify-subject',	'subject',	'Вы записались на приём \\ %category% \\ %service% \\'),
(5,	3,	'record-status-changed-user-notify-content',	'content',	'<table style=\"max-width: 400px; width: 100%;\">\n  <tbody>\n    <tr>\n      <td>Группа</td>\n      <td>%category%</td>\n    </tr>\n    <tr>\n      <td>Услуга</td>\n      <td>%service%</td>\n    </tr>\n    <tr>\n      <td>Дата</td>\n      <td>%date%&nbsp;</td>\n    </tr>\n    <tr>\n      <td>Время</td>\n      <td>&nbsp;%time%</td>\n    </tr>\n    <tr>\n      <td>Специалист</td>\n      <td>%specialist%</td>\n    </tr>\n    <tr>\n      <td>Статус</td>\n      <td>%new-status%</td>\n    </tr>\n  </tbody>\n</table>'),
(6,	3,	'record-status-changed-user-notify-subject',	'subject',	'Ваша заявка на запись \\ %category% \\ %service% \\ была обновлена'),
(7,	4,	'banners-expiration-date-subject',	'subject',	'Оповещение о приближении окончания показа баннеров'),
(8,	4,	'banners-expiration-date-content',	'content',	'У следующих баннеров истекает срок показа:<br>%parse.banners-expiration-date-item.items%'),
(9,	4,	'banners-expiration-date-item',	'item',	'%bannerName% %tillDate% Ссылка для редактирования: <a href=\"%link%\">%link%</a><br>'),
(10,	5,	'blogs-post-comment-subject',	'subject',	'Новый ответ на Вашу публикацию'),
(11,	5,	'blogs-post-comment-content',	'content',	'%name%, на Вашу публикацию получен новый ответ.<br>\nПосмотреть его Вы можете, перейдя по ссылке:<br><a href=\"%link%\">%link%</a>'),
(12,	6,	'blogs-comment-comment-subject',	'subject',	'Новый ответ на Ваш комментарий'),
(13,	6,	'blogs-comment-comment-content',	'content',	'%name%, на Ваш комментарий получен новый ответ.<br>\nПосмотреть его Вы можете, перейдя по ссылке:<br><a href=\"%link%\">%link%</a>'),
(14,	7,	'content-expiration-date-subject',	'subject',	'Оповещение о приближении окончания публикации'),
(15,	7,	'content-expiration-date-content',	'content',	'У страницы <a href=\"%page_link%\">%page_header%</a><br>приближается время потери актуальности<br>Комментарии к публикации: <br><p>%publish_comments%</p>'),
(16,	8,	'content-unpublish-page-subject',	'subject',	'Оповещение о снятии страницы с публикации'),
(17,	8,	'content-unpublish-page-content',	'content',	'Страница <a href=\"%page_link%\">%page_header%</a><br> снята с публикации<br>\n    Комментарии к публикации: <br />\n    <p>%publish_comments%</p>'),
(18,	9,	'dispatches-release-subject',	'subject',	'Новая рассылка: %header%'),
(19,	9,	'dispatches-release-content',	'content',	'%parse.dispatches-release-message.messages%<hr><b>Отписаться:</b> Отписаться от рассылки можно <a href=\"%unsubscribe_link%\">по этой ссылке</a>'),
(20,	9,	'dispatches-release-message',	'message',	'<h3>%header%</h3>%body%<hr>'),
(21,	10,	'dispatches-subscribe-subject',	'subject',	'Подписка на рассылку'),
(22,	10,	'dispatches-subscribe-content',	'content',	'<p>Доброго времени суток!</p><p>Вы подписались на рассылку.</p><p>Если вы не хотите ее получать, перейдите по этой ссылке: <a href=\"%unsubscribe_link%\">%unsubscribe_link%</a></p>'),
(23,	11,	'emarket-status-notification-subject',	'subject',	'%header%'),
(24,	11,	'emarket-status-notification-content',	'content',	'<p>Ваш заказ #%order_number% %status%</p>\n<div>\n  <hr/>\n  <p>Товары:</p>\n  %parse.emarket-status-notification-item.items%\n  <hr/>\n  <p>Всего товаров: %total_amount% шт.</p>\n  <p>На сумму: %total_price% %suffix%. </p>\n</div>\nПосмотреть историю заказов вы можете в своем <a href=\"http://%domain%/emarket/personal/\">личном кабинете</a>.'),
(25,	11,	'emarket-status-notification-receipt',	'content',	'<p>Ваш заказ #%order_number% %status%</p>\n<div>\n  <hr/>\n  <p>Товары:</p>\n  %parse.emarket-status-notification-item.items%\n  <hr/>\n  <p>Всего товаров: %total_amount% шт.</p>\n  <p>На сумму: %total_price% %suffix%. </p>\n</div>\n    Посмотреть историю заказов вы можете в своем <a href=\"http://%domain%/emarket/personal/\">личном кабинете</a>.\n    <br/><br/>\n    Квитанцию на оплату вы можете получить, перейдя по <a href=\"http://%domain%/emarket/receipt/%order_id%/%receipt_signature%/\">этой ссылке</a>.'),
(26,	11,	'emarket-status-notification-item',	'content',	'<p><a href=\"%link%\">%name%</a></p>\n<p>Цена:  %price% %suffix%. Количество: %amount% шт.</p>'),
(27,	12,	'emarket-neworder-notification-subject',	'subject',	'%header%'),
(28,	12,	'emarket-neworder-notification-content',	'content',	'Поступил новый заказ #%order_number% (<a href=\"http://%domain%/admin/emarket/order_edit/%order_id%/\">Просмотр</a>)\n    <br/><br/>\n<div>\n  <hr/>\n  <p>Товары:</p>\n  %parse.emarket-neworder-notification-item.items%\n  <hr/>\n  <p>Всего товаров: %total_amount% шт.</p>\n  <p>На сумму: %total_price% %suffix%. </p>\n</div>\n\n<div>\n  <p>Информация о покупателе:</p>\n  <p>Имя: %first_name%</p>\n  <p>Фамилия: %last_name%</p>\n  <p>email: %email%</p>\n  <p>Телефон: %phone%</p>\n\n  <p>Способ доставки: %delivery%</p>\n  <p>Адрес доставки: %address%</p>\n</div>\n\n  <p>Способ оплаты: %payment_type%</p>\n  <p>Статус оплаты: %payment_status%</p>'),
(29,	12,	'emarket-neworder-notification-item',	'content',	'<p><a href=\"%link%\">%name%</a></p>\n<p>Цена:  %price% %suffix%. Количество: %amount% шт.</p>'),
(30,	13,	'emarket-invoice-subject',	'subject',	'На сайте %domain% успешно сформирован счет'),
(31,	13,	'emarket-invoice-content',	'content',	'Вы можете распечатать счет для юридических лиц, перейдя по следующей ссылке:\n    <p>\n      <a href=\"http://%domain%%invoice_link%\">http://%domain%%invoice_link%</a>\n    </p>'),
(32,	14,	'faq-answer-subject',	'subject',	'[#%ticket%] Ответ на Ваш вопрос'),
(33,	14,	'faq-answer-content',	'content',	'Здравствуйте, <br /><br />\n\nОтвет на Ваш вопрос Вы можете прочитать по следующему адресу:<br />\n<a href=\"%question_link%\">%question_link%</a><br />\n\n<br /><hr />\nС уважением, <br />\nАдминистрация сайта <b>%domain%</b>'),
(34,	15,	'faq-confirm-user-subject',	'subject',	'Спасибо за Ваш вопрос'),
(35,	15,	'faq-confirm-user-content',	'content',	'Вашему вопросу присвоен тикет #%ticket% <br />\nМы ответим Вам в ближайшее время.<br />\n<br /><hr />\nС уважением, <br />\nАдминистрация сайта <b>%domain%</b>'),
(36,	16,	'faq-confirm-admin-subject',	'subject',	'Новый вопрос в FAQ'),
(37,	16,	'faq-confirm-admin-content',	'content',	'В базу знаний поступил новый вопрос:<br />\n<a href=\"%question_link%\">%question_link%</a><br />\n<hr />\n%question%\n<hr />'),
(38,	17,	'forum-new-message-subject',	'subject',	'Новое сообщение на форуме'),
(39,	17,	'forum-new-message-content',	'content',	'<h1>%h1%</h1>\n%message%'),
(40,	18,	'users-new-registration-admin-subject',	'subject',	'Зарегистрировался новый пользователь'),
(41,	18,	'users-new-registration-admin-content',	'content',	'<p>Зарегистрировался новый пользователь \"%login%\".</p>'),
(42,	19,	'users-restore-password-subject',	'subject',	'Восстановление пароля'),
(43,	19,	'users-restore-password-content',	'content',	'<p>\n    Здравствуйте!<br />\n    Кто-то, возможно Вы, пытается восстановить пароль для пользователя \"%login%\" на сайте <a href=\"http://%domain%\">%domain%</a>.\n  </p>\n\n\n  <p>\n    Если это не Вы, просто проигнорируйте данное письмо.\n  </p>\n\n  <p>\n    Если Вы действительно хотите восстановить пароль, кликните по этой ссылке:<br />\n    <a href=\"%restore_link%\">%restore_link%</a>\n  </p>\n\n  <p>\n    С уважением,<br />\n    <b>Администрация сайта <a href=\"http://%domain%\">%domain%</a></b>\n  </p>'),
(44,	20,	'users-registered-subject',	'subject',	'Регистрация на UMI.CMS Demo Site'),
(45,	20,	'users-registered-content',	'content',	'<p>\n    Здравствуйте, %lname% %fname% %father_name%, <br />\n    Вы зарегистрировались на сайте <a href=\"http://%domain%\">%domain%</a>.\n  </p>\n\n\n  <p>\n    Логин: %login%<br />\n    Пароль: %password%\n  </p>\n\n\n  <p>\n    <div class=\"notice\">\n      Чтобы активировать Ваш аккаунт, необходимо перейти по ссылке, либо скопировать ее в адресную строку браузера:<br />\n      <a href=\"%activate_link%\">%activate_link%</a>\n    </div>\n  </p>'),
(46,	21,	'users-registered-no-activation-subject',	'subject',	'Регистрация на сайте %domain%'),
(47,	21,	'users-registered-no-activation-content',	'content',	'<p>\n    Здравствуйте, %lname% %fname% %father_name%, <br />\n    Вы зарегистрировались на сайте <a href=\"http://%domain%\">%domain%</a>.\n  </p>\n  <p>\n    Логин: %login%<br />\n    Пароль: %password%\n  </p>'),
(48,	22,	'users-new-password-subject',	'subject',	'Новый пароль для сайта'),
(49,	22,	'users-new-password-content',	'content',	'<p>\n    Здравствуйте!<br />\n\n    Ваш новый пароль от сайта <a href=\"http://%domain%\">%domain%</a>.\n  </p>\n\n\n  <p>\n    Логин:  %login%<br />\n    Пароль: %password%\n  </p>\n\n  <p>\n    С уважением,<br />\n    <b>Администрация сайта <a href=\"http://%domain%\">%domain%</a></b>\n  </p>');

DROP TABLE IF EXISTS `cms3_mail_variables`;
CREATE TABLE `cms3_mail_variables` (
  `id` int(11) unsigned NOT NULL AUTO_INCREMENT,
  `template_id` int(11) unsigned NOT NULL,
  `variable` varchar(255) DEFAULT NULL,
  PRIMARY KEY (`id`),
  KEY `field_name` (`variable`),
  KEY `template_name` (`template_id`),
  CONSTRAINT `mail variable to template` FOREIGN KEY (`template_id`) REFERENCES `cms3_mail_templates` (`id`) ON DELETE CASCADE
) ENGINE=InnoDB DEFAULT CHARSET=utf8;

INSERT INTO `cms3_mail_variables` (`id`, `template_id`, `variable`) VALUES
(1,	1,	'category'),
(2,	1,	'service'),
(3,	1,	'name'),
(4,	1,	'phone'),
(5,	1,	'email'),
(6,	1,	'comment'),
(7,	1,	'date'),
(8,	1,	'time'),
(9,	1,	'specialist'),
(10,	2,	'category'),
(11,	2,	'service'),
(12,	3,	'category'),
(13,	3,	'service'),
(14,	3,	'date'),
(15,	3,	'time'),
(16,	3,	'specialist'),
(17,	4,	'category'),
(18,	4,	'service'),
(19,	5,	'category'),
(20,	5,	'service'),
(21,	5,	'date'),
(22,	5,	'time'),
(23,	5,	'specialist'),
(24,	5,	'new-status'),
(25,	6,	'category'),
(26,	6,	'service'),
(27,	8,	'parse.banners-expiration-date-item.items'),
(28,	9,	'bannerName'),
(29,	9,	'tillDate'),
(30,	9,	'link'),
(31,	10,	'name'),
(32,	10,	'link'),
(33,	11,	'name'),
(34,	11,	'link'),
(35,	12,	'name'),
(36,	12,	'link'),
(37,	13,	'name'),
(38,	13,	'link'),
(39,	15,	'page_link'),
(40,	15,	'page_header'),
(41,	15,	'publish_comments'),
(42,	17,	'page_link'),
(43,	17,	'page_header'),
(44,	17,	'publish_comments'),
(45,	18,	'header'),
(46,	19,	'header'),
(47,	19,	'parse.dispatches-release-message.messages'),
(48,	19,	'unsubscribe_link'),
(49,	20,	'header'),
(50,	20,	'id'),
(51,	20,	'body'),
(52,	22,	'unsubscribe_link'),
(53,	23,	'header'),
(54,	24,	'order_id'),
(55,	24,	'order_name'),
(56,	24,	'order_number'),
(57,	24,	'domain'),
(58,	24,	'total_amount'),
(59,	24,	'total_price'),
(60,	24,	'suffix'),
(61,	24,	'parse.emarket-status-notification-item.items'),
(62,	24,	'status'),
(63,	24,	'personal_params'),
(64,	25,	'order_id'),
(65,	25,	'order_name'),
(66,	25,	'order_number'),
(67,	25,	'domain'),
(68,	25,	'total_amount'),
(69,	25,	'total_price'),
(70,	25,	'suffix'),
(71,	25,	'parse.emarket-status-notification-item.items'),
(72,	25,	'status'),
(73,	25,	'personal_params'),
(74,	25,	'receipt_signature'),
(75,	26,	'link'),
(76,	26,	'name'),
(77,	26,	'price'),
(78,	26,	'suffix'),
(79,	26,	'amount'),
(80,	27,	'header'),
(81,	28,	'order_id'),
(82,	28,	'order_name'),
(83,	28,	'order_number'),
(84,	28,	'domain'),
(85,	28,	'total_amount'),
(86,	28,	'total_price'),
(87,	28,	'suffix'),
(88,	28,	'parse.emarket-neworder-notification-item.items'),
(89,	28,	'payment_type'),
(90,	28,	'payment_status'),
(91,	28,	'first_name'),
(92,	28,	'last_name'),
(93,	28,	'email'),
(94,	28,	'phone'),
(95,	28,	'delivery'),
(96,	28,	'address'),
(97,	29,	'link'),
(98,	29,	'name'),
(99,	29,	'price'),
(100,	29,	'suffix'),
(101,	29,	'amount'),
(102,	30,	'domain'),
(103,	30,	'invoice_link'),
(104,	31,	'domain'),
(105,	31,	'invoice_link'),
(106,	32,	'domain'),
(107,	32,	'element_id'),
(108,	32,	'author_id'),
(109,	32,	'question_link'),
(110,	32,	'ticket'),
(111,	33,	'domain'),
(112,	33,	'element_id'),
(113,	33,	'author_id'),
(114,	33,	'question_link'),
(115,	33,	'ticket'),
(116,	34,	'domain'),
(117,	34,	'question'),
(118,	34,	'ticket'),
(119,	35,	'domain'),
(120,	35,	'question'),
(121,	35,	'ticket'),
(122,	36,	'domain'),
(123,	36,	'question'),
(124,	36,	'question_link'),
(125,	37,	'domain'),
(126,	37,	'question'),
(127,	37,	'question_link'),
(128,	39,	'h1'),
(129,	39,	'message'),
(130,	39,	'unsubscribe_link'),
(131,	40,	'user_id'),
(132,	40,	'login'),
(133,	41,	'user_id'),
(134,	41,	'login'),
(135,	42,	'domain'),
(136,	42,	'restore_link'),
(137,	42,	'email'),
(138,	42,	'login'),
(139,	43,	'domain'),
(140,	43,	'restore_link'),
(141,	43,	'email'),
(142,	43,	'login'),
(143,	44,	'user_id'),
(144,	44,	'domain'),
(145,	44,	'login'),
(146,	44,	'activate_link'),
(147,	44,	'password'),
(148,	44,	'lname'),
(149,	44,	'fname'),
(150,	44,	'father_name'),
(151,	45,	'user_id'),
(152,	45,	'domain'),
(153,	45,	'login'),
(154,	45,	'activate_link'),
(155,	45,	'password'),
(156,	45,	'lname'),
(157,	45,	'fname'),
(158,	45,	'father_name'),
(159,	46,	'user_id'),
(160,	46,	'domain'),
(161,	46,	'login'),
(162,	46,	'activate_link'),
(163,	46,	'password'),
(164,	46,	'lname'),
(165,	46,	'fname'),
(166,	46,	'father_name'),
(167,	47,	'user_id'),
(168,	47,	'domain'),
(169,	47,	'login'),
(170,	47,	'activate_link'),
(171,	47,	'password'),
(172,	47,	'lname'),
(173,	47,	'fname'),
(174,	47,	'father_name'),
(175,	48,	'domain'),
(176,	48,	'login'),
(177,	48,	'password'),
(178,	49,	'domain'),
(179,	49,	'login'),
(180,	49,	'password');

DROP TABLE IF EXISTS `cms3_messages`;
CREATE TABLE `cms3_messages` (
  `id` int(10) unsigned NOT NULL AUTO_INCREMENT,
  `title` varchar(255) NOT NULL,
  `content` mediumtext NOT NULL,
  `sender_id` int(10) unsigned DEFAULT NULL,
  `create_time` int(11) NOT NULL,
  `type` enum('private','sys-event','sys-log') NOT NULL,
  `priority` int(11) DEFAULT 0,
  `is_sended` int(11) DEFAULT 0,
  PRIMARY KEY (`id`),
  KEY `title` (`title`),
  KEY `create_time` (`create_time`),
  KEY `priority` (`priority`),
  KEY `type` (`type`),
  KEY `is_sended` (`is_sended`),
  KEY `FK_Messages to user relation` (`sender_id`),
  CONSTRAINT `FK_Messages to user relation` FOREIGN KEY (`sender_id`) REFERENCES `cms3_objects` (`id`) ON DELETE CASCADE ON UPDATE CASCADE
) ENGINE=InnoDB DEFAULT CHARSET=utf8;


DROP TABLE IF EXISTS `cms3_messages_inbox`;
CREATE TABLE `cms3_messages_inbox` (
  `message_id` int(10) unsigned DEFAULT NULL,
  `recipient_id` int(10) unsigned DEFAULT NULL,
  `is_opened` int(11) DEFAULT 0,
  KEY `message_id` (`message_id`),
  KEY `recipient_id` (`recipient_id`),
  KEY `is_opened` (`is_opened`),
  KEY `FK_MessagesInbox to Messages` (`message_id`),
  KEY `FK_MessagesInbox to User` (`recipient_id`),
  CONSTRAINT `FK_MessagesInbox to Messages` FOREIGN KEY (`message_id`) REFERENCES `cms3_messages` (`id`) ON DELETE CASCADE ON UPDATE CASCADE,
  CONSTRAINT `FK_MessagesInbox to User` FOREIGN KEY (`recipient_id`) REFERENCES `cms3_objects` (`id`) ON DELETE CASCADE ON UPDATE CASCADE
) ENGINE=InnoDB DEFAULT CHARSET=utf8;


DROP TABLE IF EXISTS `cms3_objects`;
CREATE TABLE `cms3_objects` (
  `id` int(10) unsigned NOT NULL AUTO_INCREMENT,
  `guid` varchar(64) DEFAULT NULL,
  `name` varchar(255) DEFAULT NULL,
  `is_locked` tinyint(1) DEFAULT NULL,
  `type_id` int(10) unsigned DEFAULT NULL,
  `owner_id` int(10) unsigned DEFAULT NULL,
  `ord` int(10) unsigned DEFAULT 0,
  `updatetime` int(11) unsigned DEFAULT NULL,
  PRIMARY KEY (`id`),
  KEY `Object to type relation_FK` (`type_id`),
  KEY `name` (`name`),
  KEY `owner_id` (`owner_id`),
  KEY `is_locked` (`is_locked`),
  KEY `ord` (`ord`),
  KEY `guid` (`guid`),
  KEY `updatetime` (`updatetime`),
  CONSTRAINT `FK_Object to type relation` FOREIGN KEY (`type_id`) REFERENCES `cms3_object_types` (`id`)
) ENGINE=InnoDB DEFAULT CHARSET=utf8;

INSERT INTO `cms3_objects` (`id`, `guid`, `name`, `is_locked`, `type_id`, `owner_id`, `ord`, `updatetime`) VALUES
(1,	'social_networks-network-27915',	'i18n::object-vkontakte',	1,	38,	182,	1,	1566304139),
(2,	'84a36e2847c33ac03a7223b57b0c864b80ab26c8',	'i18n::object-rss',	0,	5,	0,	1,	1566304137),
(3,	'a35ff773f425e44df36c1cc68a415d92318b19ac',	'i18n::object-atom',	0,	5,	0,	2,	1566304137),
(4,	'e99ecbbec4c871f3fb63c3cc85796e177d017614',	'i18n::object-male',	0,	4,	0,	1,	1566304137),
(5,	'7b04a4565f37a07f1c2ee54be8286017de6c56df',	'i18n::object-female',	0,	4,	0,	2,	1566304137),
(6,	'swf-banner-quality-low',	'i18n::object-low',	0,	9,	182,	1,	1566304138),
(7,	'swf-banner-quality-medium',	'i18n::object-medium',	0,	9,	182,	2,	1566304138),
(8,	'swf-banner-quality-high',	'i18n::object-height',	0,	9,	182,	3,	1566304138),
(9,	'a1e3ae17e80ba2b4a3ddb1b855430346f74b8d48',	'i18n::object-usa',	1,	10,	182,	1,	1566304137),
(10,	'e9aa8c23a339224b25945aa9e99f09f578bdd483',	'i18n::object-russia',	1,	10,	182,	2,	1566304135),
(11,	'sytem-citylist-26905',	'Москва',	0,	11,	182,	1,	1566304137),
(12,	'sytem-citylist-26906',	'Санкт-Петербург',	0,	11,	182,	2,	1566304137),
(13,	'sytem-citylist-26907',	'Новосибирск',	0,	11,	182,	3,	1566304137),
(14,	'sytem-citylist-26908',	'Екатеринбург',	0,	11,	182,	4,	1566304137),
(15,	'sytem-citylist-26909',	'Нижний Новгород',	0,	11,	182,	5,	1566304137),
(16,	'sytem-citylist-26910',	'Самара',	0,	11,	182,	6,	1566304137),
(17,	'sytem-citylist-26911',	'Омск',	0,	11,	182,	7,	1566304137),
(18,	'sytem-citylist-26912',	'Казань',	0,	11,	182,	8,	1566304137),
(19,	'sytem-citylist-26913',	'Челябинск',	0,	11,	182,	9,	1566304137),
(20,	'sytem-citylist-26914',	'Ростов-на-Дону',	0,	11,	182,	10,	1566304137),
(21,	'sytem-citylist-26915',	'Уфа',	0,	11,	182,	11,	1566304137),
(22,	'sytem-citylist-26916',	'Пермь',	0,	11,	182,	12,	1566304137),
(23,	'sytem-citylist-26917',	'Волгоград',	0,	11,	182,	13,	1566304137),
(24,	'sytem-citylist-26918',	'Красноярск',	0,	11,	182,	14,	1566304137),
(25,	'sytem-citylist-26919',	'Саратов',	0,	11,	182,	15,	1566304137),
(26,	'sytem-citylist-26920',	'Воронеж',	0,	11,	182,	16,	1566304137),
(27,	'sytem-citylist-26921',	'Краснодар',	0,	11,	182,	17,	1566304137),
(28,	'sytem-citylist-26922',	'Тольятти',	0,	11,	182,	18,	1566304137),
(29,	'sytem-citylist-26923',	'Ижевск',	0,	11,	182,	19,	1566304137),
(30,	'sytem-citylist-26924',	'Ульяновск',	0,	11,	182,	20,	1566304137),
(31,	'sytem-citylist-26925',	'Ярославль',	0,	11,	182,	21,	1566304137),
(32,	'sytem-citylist-26926',	'Барнаул',	0,	11,	182,	22,	1566304137),
(33,	'sytem-citylist-26927',	'Владивосток',	0,	11,	182,	23,	1566304137),
(34,	'sytem-citylist-26928',	'Хабаровск',	0,	11,	182,	24,	1566304137),
(35,	'sytem-citylist-26929',	'Иркутск',	0,	11,	182,	25,	1566304137),
(36,	'sytem-citylist-26930',	'Новокузнецк',	0,	11,	182,	26,	1566304137),
(37,	'sytem-citylist-26931',	'Тюмень',	0,	11,	182,	27,	1566304137),
(38,	'sytem-citylist-26932',	'Оренбург',	0,	11,	182,	28,	1566304137),
(39,	'sytem-citylist-26933',	'Кемерово',	0,	11,	182,	29,	1566304137),
(40,	'sytem-citylist-26934',	'Рязань',	0,	11,	182,	30,	1566304137),
(41,	'sytem-citylist-26935',	'Пенза',	0,	11,	182,	31,	1566304137),
(42,	'sytem-citylist-26936',	'Набережные Челны',	0,	11,	182,	32,	1566304137),
(43,	'sytem-citylist-26937',	'Тула',	0,	11,	182,	33,	1566304137),
(44,	'sytem-citylist-26938',	'Липецк',	0,	11,	182,	34,	1566304137),
(45,	'sytem-citylist-26939',	'Астрахань',	0,	11,	182,	35,	1566304137),
(46,	'sytem-citylist-26940',	'Томск',	0,	11,	182,	36,	1566304137),
(47,	'sytem-citylist-26941',	'Махачкала',	0,	11,	182,	37,	1566304137),
(48,	'sytem-citylist-26942',	'Киров',	0,	11,	182,	38,	1566304137),
(49,	'sytem-citylist-26943',	'Чебоксары',	0,	11,	182,	39,	1566304137),
(50,	'sytem-citylist-26944',	'Калининград',	0,	11,	182,	40,	1566304137),
(51,	'sytem-citylist-26945',	'Брянск',	0,	11,	182,	41,	1566304137),
(52,	'sytem-citylist-26946',	'Магнитогорск',	0,	11,	182,	42,	1566304137),
(53,	'sytem-citylist-26947',	'Иваново',	0,	11,	182,	43,	1566304137),
(54,	'sytem-citylist-26948',	'Курск',	0,	11,	182,	44,	1566304137),
(55,	'sytem-citylist-26949',	'Тверь',	0,	11,	182,	45,	1566304137),
(56,	'sytem-citylist-26950',	'Нижний Тагил',	0,	11,	182,	46,	1566304137),
(57,	'sytem-citylist-26951',	'Ставрополь',	0,	11,	182,	47,	1566304137),
(58,	'sytem-citylist-26952',	'Архангельск',	0,	11,	182,	48,	1566304137),
(59,	'sytem-citylist-26953',	'Белгород',	0,	11,	182,	49,	1566304137),
(60,	'sytem-citylist-26954',	'Улан-Удэ',	0,	11,	182,	50,	1566304137),
(61,	'sytem-citylist-26955',	'Владимир',	0,	11,	182,	51,	1566304137),
(62,	'sytem-citylist-26956',	'Сочи',	0,	11,	182,	52,	1566304137),
(63,	'sytem-citylist-26957',	'Калуга',	0,	11,	182,	53,	1566304137),
(64,	'sytem-citylist-26958',	'Курган',	0,	11,	182,	54,	1566304137),
(65,	'sytem-citylist-26959',	'Орёл',	0,	11,	182,	55,	1566304137),
(66,	'sytem-citylist-26960',	'Смоленск',	0,	11,	182,	56,	1566304137),
(67,	'sytem-citylist-26961',	'Мурманск',	0,	11,	182,	57,	1566304137),
(68,	'sytem-citylist-26962',	'Владикавказ',	0,	11,	182,	58,	1566304137),
(69,	'sytem-citylist-26963',	'Череповец',	0,	11,	182,	59,	1566304137),
(70,	'sytem-citylist-26964',	'Волжский',	0,	11,	182,	60,	1566304137),
(71,	'sytem-citylist-26965',	'Чита',	0,	11,	182,	61,	1566304137),
(72,	'sytem-citylist-26966',	'Саранск',	0,	11,	182,	62,	1566304137),
(73,	'sytem-citylist-26967',	'Сургут',	0,	11,	182,	63,	1566304137),
(74,	'sytem-citylist-26968',	'Вологда',	0,	11,	182,	64,	1566304137),
(75,	'sytem-citylist-26969',	'Тамбов',	0,	11,	182,	65,	1566304137),
(76,	'sytem-citylist-26970',	'Кострома',	0,	11,	182,	66,	1566304137),
(77,	'sytem-citylist-26971',	'Комсомольск-на-Амуре',	0,	11,	182,	67,	1566304137),
(78,	'sytem-citylist-26972',	'Нальчик',	0,	11,	182,	68,	1566304137),
(79,	'sytem-citylist-26973',	'Петрозаводск',	0,	11,	182,	69,	1566304137),
(80,	'sytem-citylist-26974',	'Стерлитамак',	0,	11,	182,	70,	1566304137),
(81,	'sytem-citylist-26975',	'Таганрог',	0,	11,	182,	71,	1566304137),
(82,	'sytem-citylist-26976',	'Братск',	0,	11,	182,	72,	1566304137),
(83,	'sytem-citylist-26977',	'Дзержинск',	0,	11,	182,	73,	1566304137),
(84,	'sytem-citylist-26978',	'Йошкар-Ола',	0,	11,	182,	74,	1566304137),
(85,	'sytem-citylist-26979',	'Орск',	0,	11,	182,	75,	1566304137),
(86,	'sytem-citylist-26980',	'Шахты',	0,	11,	182,	76,	1566304137),
(87,	'sytem-citylist-26981',	'Якутск',	0,	11,	182,	77,	1566304137),
(88,	'sytem-citylist-26982',	'Ангарск',	0,	11,	182,	78,	1566304137),
(89,	'sytem-citylist-26983',	'Нижневартовск',	0,	11,	182,	79,	1566304137),
(90,	'sytem-citylist-26984',	'Сыктывкар',	0,	11,	182,	80,	1566304137),
(91,	'sytem-citylist-26985',	'Новороссийск',	0,	11,	182,	81,	1566304137),
(92,	'sytem-citylist-26986',	'Нижнекамск',	0,	11,	182,	82,	1566304137),
(93,	'sytem-citylist-26987',	'Бийск',	0,	11,	182,	83,	1566304137),
(94,	'sytem-citylist-26988',	'Грозный',	0,	11,	182,	84,	1566304137),
(95,	'sytem-citylist-26989',	'Старый Оскол',	0,	11,	182,	85,	1566304137),
(96,	'sytem-citylist-26990',	'Великий Новгород',	0,	11,	182,	86,	1566304137),
(97,	'sytem-citylist-26991',	'Прокопьевск',	0,	11,	182,	87,	1566304137),
(98,	'sytem-citylist-26992',	'Рыбинск',	0,	11,	182,	88,	1566304137),
(99,	'sytem-citylist-26993',	'Норильск',	0,	11,	182,	89,	1566304137),
(100,	'sytem-citylist-26994',	'Благовещенск',	0,	11,	182,	90,	1566304137),
(101,	'sytem-citylist-26995',	'Энгельс',	0,	11,	182,	91,	1566304137),
(102,	'sytem-citylist-26996',	'Балаково',	0,	11,	182,	92,	1566304137),
(103,	'sytem-citylist-26997',	'Петропавловск-Камчатский',	0,	11,	182,	93,	1566304137),
(104,	'sytem-citylist-26998',	'Псков',	0,	11,	182,	94,	1566304137),
(105,	'sytem-citylist-26999',	'Северодвинск',	0,	11,	182,	95,	1566304137),
(106,	'sytem-citylist-27000',	'Армавир',	0,	11,	182,	96,	1566304137),
(107,	'sytem-citylist-27001',	'Златоуст',	0,	11,	182,	97,	1566304137),
(108,	'sytem-citylist-27002',	'Балашиха',	0,	11,	182,	98,	1566304137),
(109,	'sytem-citylist-27003',	'Каменск-Уральский',	0,	11,	182,	99,	1566304137),
(110,	'sytem-citylist-27004',	'Химки',	0,	11,	182,	100,	1566304137),
(111,	'sytem-citylist-27005',	'Сызрань',	0,	11,	182,	101,	1566304137),
(112,	'sytem-citylist-27006',	'Подольск',	0,	11,	182,	102,	1566304137),
(113,	'sytem-citylist-27007',	'Новочеркасск',	0,	11,	182,	103,	1566304137),
(114,	'sytem-citylist-27008',	'Королёв',	0,	11,	182,	104,	1566304137),
(115,	'sytem-citylist-27009',	'Южно-Сахалинск',	0,	11,	182,	105,	1566304137),
(116,	'sytem-citylist-27010',	'Волгодонск',	0,	11,	182,	106,	1566304137),
(117,	'sytem-citylist-27011',	'Находка',	0,	11,	182,	107,	1566304137),
(118,	'sytem-citylist-27012',	'Березники',	0,	11,	182,	108,	1566304137),
(119,	'sytem-citylist-27013',	'Абакан',	0,	11,	182,	109,	1566304137),
(120,	'sytem-citylist-27014',	'Мытищи',	0,	11,	182,	110,	1566304137),
(121,	'sytem-citylist-27015',	'Люберцы',	0,	11,	182,	111,	1566304137),
(122,	'sytem-citylist-27016',	'Рубцовск',	0,	11,	182,	112,	1566304137),
(123,	'sytem-citylist-27017',	'Майкоп',	0,	11,	182,	113,	1566304137),
(124,	'sytem-citylist-27018',	'Салават',	0,	11,	182,	114,	1566304137),
(125,	'sytem-citylist-27019',	'Уссурийск',	0,	11,	182,	115,	1566304137),
(126,	'sytem-citylist-27020',	'Миасс',	0,	11,	182,	116,	1566304137),
(127,	'sytem-citylist-27021',	'Ковров',	0,	11,	182,	117,	1566304137),
(128,	'sytem-citylist-27022',	'Коломна',	0,	11,	182,	118,	1566304137),
(129,	'sytem-citylist-27023',	'Электросталь',	0,	11,	182,	119,	1566304137),
(130,	'sytem-citylist-27024',	'Альметьевск',	0,	11,	182,	120,	1566304137),
(131,	'sytem-citylist-27025',	'Пятигорск',	0,	11,	182,	121,	1566304137),
(132,	'sytem-citylist-27026',	'Копейск',	0,	11,	182,	122,	1566304137),
(133,	'sytem-citylist-27027',	'Первоуральск',	0,	11,	182,	123,	1566304137),
(134,	'sytem-citylist-27028',	'Назрань',	0,	11,	182,	124,	1566304137),
(135,	'sytem-citylist-27029',	'Одинцово',	0,	11,	182,	125,	1566304137),
(136,	'sytem-citylist-27030',	'Невинномысск',	0,	11,	182,	126,	1566304137),
(137,	'sytem-citylist-27031',	'Кисловодск',	0,	11,	182,	127,	1566304137),
(138,	'sytem-citylist-27032',	'Димитровград',	0,	11,	182,	128,	1566304137),
(139,	'sytem-citylist-27033',	'Хасавюрт',	0,	11,	182,	129,	1566304137),
(140,	'sytem-citylist-27034',	'Новочебоксарск',	0,	11,	182,	130,	1566304137),
(141,	'sytem-citylist-27035',	'Новомосковск',	0,	11,	182,	131,	1566304137),
(142,	'sytem-citylist-27036',	'Серпухов',	0,	11,	182,	132,	1566304137),
(143,	'sytem-citylist-27037',	'Орехово-Зуево',	0,	11,	182,	133,	1566304137),
(144,	'sytem-citylist-27038',	'Муром',	0,	11,	182,	134,	1566304137),
(145,	'sytem-citylist-27039',	'Камышин',	0,	11,	182,	135,	1566304137),
(146,	'sytem-citylist-27040',	'Железнодорожный',	0,	11,	182,	136,	1566304137),
(147,	'sytem-citylist-27041',	'Нефтекамск',	0,	11,	182,	137,	1566304137),
(148,	'sytem-citylist-27042',	'Новый Уренгой',	0,	11,	182,	138,	1566304137),
(149,	'sytem-citylist-27043',	'Черкесск',	0,	11,	182,	139,	1566304137),
(150,	'sytem-citylist-27044',	'Ногинск',	0,	11,	182,	140,	1566304137),
(151,	'sytem-citylist-27045',	'Новошахтинск',	0,	11,	182,	141,	1566304137),
(152,	'sytem-citylist-27046',	'Нефтеюганск',	0,	11,	182,	142,	1566304137),
(153,	'sytem-citylist-27047',	'Щёлково',	0,	11,	182,	143,	1566304137),
(154,	'sytem-citylist-27048',	'Елец',	0,	11,	182,	144,	1566304137),
(155,	'sytem-citylist-27049',	'Ачинск',	0,	11,	182,	145,	1566304137),
(156,	'sytem-citylist-27050',	'Новокуйбышевск',	0,	11,	182,	146,	1566304137),
(157,	'sytem-citylist-27051',	'Сергиев Посад',	0,	11,	182,	147,	1566304137),
(158,	'sytem-citylist-27052',	'Ноябрьск',	0,	11,	182,	148,	1566304137),
(159,	'sytem-citylist-27053',	'Кызыл',	0,	11,	182,	149,	1566304137),
(160,	'sytem-citylist-27054',	'Дербент',	0,	11,	182,	150,	1566304137),
(161,	'sytem-citylist-27055',	'Октябрьский',	0,	11,	182,	151,	1566304137),
(162,	'sytem-citylist-27056',	'Северск',	0,	11,	182,	152,	1566304137),
(163,	'sytem-citylist-27057',	'Ленинск-Кузнецкий',	0,	11,	182,	153,	1566304137),
(164,	'sytem-citylist-27058',	'Арзамас',	0,	11,	182,	154,	1566304137),
(165,	'sytem-citylist-27059',	'Обнинск',	0,	11,	182,	155,	1566304137),
(166,	'sytem-citylist-27060',	'Ухта',	0,	11,	182,	156,	1566304137),
(167,	'sytem-citylist-27061',	'Междуреченск',	0,	11,	182,	157,	1566304137),
(168,	'sytem-citylist-27062',	'Киселёвск',	0,	11,	182,	158,	1566304137),
(169,	'sytem-citylist-27063',	'Новотроицк',	0,	11,	182,	159,	1566304137),
(170,	'sytem-citylist-27064',	'Батайск',	0,	11,	182,	160,	1566304137),
(171,	'sytem-citylist-27065',	'Элиста',	0,	11,	182,	161,	1566304137),
(172,	'sytem-citylist-27066',	'Артём',	0,	11,	182,	162,	1566304137),
(173,	'sytem-citylist-27067',	'Жуковский',	0,	11,	182,	163,	1566304137),
(174,	'sytem-citylist-27068',	'Великие Луки',	0,	11,	182,	164,	1566304137),
(175,	'sytem-citylist-27069',	'Канск',	0,	11,	182,	165,	1566304137),
(176,	'sytem-citylist-27070',	'Магадан',	0,	11,	182,	166,	1566304137),
(177,	'sytem-citylist-27071',	'Тобольск',	0,	11,	182,	167,	1566304137),
(178,	'sytem-citylist-27072',	'Глазов',	0,	11,	182,	168,	1566304137),
(179,	'emarket-discounttype-27131',	'i18n::object-catalog_item_discount',	0,	30,	182,	1,	1566304137),
(180,	'emarket-discounttype-27132',	'i18n::object-order_discount',	0,	30,	182,	2,	1566304137),
(181,	'users-users-15',	'i18n::object-supervajzery',	1,	39,	0,	1,	1566304135),
(182,	'system-supervisor',	'sv',	1,	54,	0,	1,	1566304154),
(183,	'emarket-discounttype-bonus',	'i18n::object-bonus-discount',	0,	30,	182,	3,	1566304137),
(184,	'emarket-discountmodificatortype-27136',	'i18n::object-summ_percent',	0,	31,	182,	1,	1566304137),
(185,	'emarket-store-27147',	'i18n::object-main_store',	0,	55,	182,	1,	1566304136),
(186,	'emarket-discountruletype-27150',	'i18n::object-specify_items',	0,	33,	182,	1,	1566304137),
(187,	'emarket-itemtype-27180',	'i18n::object-digital',	1,	41,	182,	1,	1566304138),
(188,	'emarket-itemtype-27181',	'i18n::object-complex',	1,	41,	182,	2,	1566304138),
(189,	'emarket-deliverytype-27230',	'i18n::object-pickup',	0,	50,	182,	1,	1566304138),
(190,	'emarket-deliverytype-27233',	'i18n::object-courier_delivery',	0,	50,	182,	2,	1566304135),
(191,	'emarket-paymenttype-27236',	'i18n::object-sales_draft',	1,	46,	182,	1,	1566304135),
(192,	'emarket-orderstatus-27258',	'i18n::object-otmenen',	1,	45,	182,	1,	1566304138),
(193,	'emarket-orderstatus-27259',	'i18n::object-otklonen',	1,	45,	182,	2,	1566304138),
(194,	'emarket-orderstatus-27260',	'i18n::object-oplachivaetsya',	1,	45,	182,	3,	1566304138),
(195,	'emarket-orderstatus-27261',	'i18n::object-dostavlyaetsya',	1,	45,	182,	4,	1566304138),
(196,	'emarket-orderstatus-27262',	'i18n::object-ozhidaet_proverki',	1,	45,	182,	5,	1566304135),
(197,	'emarket-orderstatus-27263',	'i18n::object-prinyat',	1,	45,	182,	6,	1566304138),
(198,	'emarket-orderstatus-27264',	'i18n::object-gotov',	1,	45,	182,	7,	1566304138),
(199,	'emarket-orderdeliverystatus-27377',	'i18n::object-ojidaet_otgruzki',	1,	52,	182,	1,	1566304138),
(200,	'emarket-orderdeliverystatus-27378',	'i18n::object-dostavlyaetsya',	1,	52,	182,	2,	1566304138),
(201,	'emarket-orderdeliverystatus-27379',	'i18n::object-dostavlen',	1,	52,	182,	3,	1566304138),
(202,	'emarket-orderpaymentstatus-27380',	'i18n::object-inicialisirovana',	1,	48,	182,	1,	1566304138),
(203,	'emarket-orderpaymentstatus-27381',	'i18n::object-podtverjdena',	1,	48,	182,	2,	1566304138),
(204,	'emarket-orderpaymentstatus-27382',	'i18n::object-otklonena',	1,	48,	182,	3,	1566304138),
(205,	'emarket-orderpaymentstatus-27383',	'i18n::object-prinyata',	1,	48,	182,	4,	1566304138),
(206,	'emarket-discountruletype-27393',	'i18n::object-time_interval_discount',	0,	33,	182,	2,	1566304138),
(207,	'emarket-discountruletype-27394',	'i18n::object-order_summ_discount',	0,	33,	182,	3,	1566304138),
(208,	'emarket-discountruletype-27395',	'i18n::object-user_summ_discount',	0,	33,	182,	4,	1566304138),
(209,	'emarket-discountruletype-27396',	'i18n::object-user_group_discount',	0,	33,	182,	5,	1566304138),
(210,	'emarket-discountruletype-27397',	'i18n::object-users_discount',	0,	33,	182,	6,	1566304138),
(211,	'emarket-discountruletype-27398',	'i18n::object-related_items_discount',	0,	33,	182,	7,	1566304138),
(212,	'emarket-discountmodificatortype-27456',	'i18n::object-fixed_modifier',	0,	31,	182,	2,	1566304138),
(213,	'emarket-paymenttype-27457',	'i18n::object-payonline_system',	1,	46,	182,	2,	1566304138),
(214,	'emarket-paymenttype-27458',	'i18n::object-to_courier',	1,	46,	182,	3,	1566304138),
(215,	'399872db6f3d1341ef99b406aa2a9e515292b0c9',	'object-surface',	0,	15,	182,	1,	1566304138),
(216,	'417baf8cefb99325510d31e974835254c980828b',	'object-air',	0,	15,	182,	2,	1566304138),
(217,	'76377e05d0ffd4b0f6f0e72a45645f4be10f1c66',	'object-composite',	0,	15,	182,	3,	1566304138),
(218,	'df383879afa5ac2e221b8fa0b0f2a6467da2886f',	'object-accelerated',	0,	15,	182,	4,	1566304138),
(219,	'emarket-deliverytype-27481',	'i18n::object-russian_post',	0,	50,	182,	3,	1566304138),
(220,	'emarket-paymenttype-27486',	'i18n::object-robokassa',	1,	46,	182,	4,	1566304138),
(221,	'emarket-paymenttype-27487',	'i18n::object-rbk_money',	1,	46,	182,	5,	1566304138),
(222,	'6bc46e77b86f1420917bee7a0e2154b34cdaad61',	'00:00',	0,	16,	182,	1,	1566304138),
(223,	'1648322caec238f02862b0449a33b58245a9d6ce',	'01:00',	0,	16,	182,	2,	1566304138),
(224,	'da2e75029f33e530c848c3aa89690ec07dd414b2',	'02:00',	0,	16,	182,	3,	1566304138),
(225,	'8794b39a7bd4fe275575b6b864cf1fcca4d6d93b',	'03:00',	0,	16,	182,	4,	1566304138),
(226,	'2054dced2668a57484cb2aa2498def91c22320ae',	'04:00',	0,	16,	182,	5,	1566304138),
(227,	'14aa300dbddcacb6c76a4b5a364a034b6128693a',	'05:00',	0,	16,	182,	6,	1566304138),
(228,	'5dc9eb3a83efd4d3302570742365c0186386947d',	'06:00',	0,	16,	182,	7,	1566304138),
(229,	'8e0da95ba94e4757f3cc0f24bb0955069eb0f771',	'07:00',	0,	16,	182,	8,	1566304138),
(230,	'23b3d29bb04eec144896f7f983b2f66611fe1435',	'08:00',	0,	16,	182,	9,	1566304138),
(231,	'fd1f432dc313a02bcbcc9f405d8e9d121b01ba8d',	'09:00',	0,	16,	182,	10,	1566304138),
(232,	'fffaba271c93a300f405a329f303686a9450bf5b',	'10:00',	0,	16,	182,	11,	1566304138),
(233,	'a86f018536b8cb5896cdb631c8da8f10f0253fd9',	'11:00',	0,	16,	182,	12,	1566304138),
(234,	'8d0a7e8844fd4b2eea8da19a39b81b048ce713d0',	'12:00',	0,	16,	182,	13,	1566304138),
(235,	'22df1963ca47cc9ae5f0228f56ceeff467a2a280',	'13:00',	0,	16,	182,	14,	1566304138),
(236,	'a03164eed7751779efd5d55464af6ae13fc4696e',	'14:00',	0,	16,	182,	15,	1566304138),
(237,	'de1581726146cac70c29f0db6043eaa552da041f',	'15:00',	0,	16,	182,	16,	1566304138),
(238,	'76ef341932f74678306044a0fa3e0105f5564492',	'16:00',	0,	16,	182,	17,	1566304138),
(239,	'0db9ccf6183c19890acb33bc83c6167c7e941a5b',	'17:00',	0,	16,	182,	18,	1566304138),
(240,	'e7951bd7de49615dc83491a195b47b61e82263bf',	'18:00',	0,	16,	182,	19,	1566304138),
(241,	'70df85f9ac44cb7c7598b6ef28a50ddaa21d3937',	'19:00',	0,	16,	182,	20,	1566304138),
(242,	'c60043f184d65a3101c6df21a087bbf99875a60b',	'20:00',	0,	16,	182,	21,	1566304138),
(243,	'0837bbc4bf13fa667b3397def81d3a95a22f0739',	'21:00',	0,	16,	182,	22,	1566304138),
(244,	'4f4c3308c188af2a2e08d59aecfaa2690fcf9981',	'22:00',	0,	16,	182,	23,	1566304138),
(245,	'873f75be11e53b76dea6a438a97d3167d0aeb95c',	'23:00',	0,	16,	182,	24,	1566304138),
(246,	'0a6697c2e0b67a404a645c2dd03f846e55afd981',	'i18n::object-monday',	0,	17,	182,	1,	1566304138),
(247,	'4ba74364fd714bc12a8e8943cc6a36a26eaa36df',	'i18n::object-tuesday',	0,	17,	182,	2,	1566304138),
(248,	'95b836e6799c016df64fdbab8d40d1c2b60173b3',	'i18n::object-wednesday',	0,	17,	182,	3,	1566304138),
(249,	'a9bbb4de15c70fc416f13be9760ef33c3b2c6d67',	'i18n::object-thursday',	0,	17,	182,	4,	1566304138),
(250,	'14a13a85a4e99c4f6c2fa9f42c4ff765e14415c3',	'i18n::object-friday',	0,	17,	182,	5,	1566304138),
(251,	'bd7e2b0388c70b3ae4f64fe0bf5533f16e814704',	'i18n::object-saturday',	0,	17,	182,	6,	1566304138),
(252,	'31586aa19a50a89a33e4d37a5d200671252fbd60',	'i18n::object-sunday',	0,	17,	182,	7,	1566304138),
(253,	'emarket-paymenttype-27519',	'i18n::object-legal_bodies_account',	1,	46,	182,	6,	1566304138),
(254,	'social_categories-27889',	'i18n::object-social_categories_other',	1,	19,	182,	1,	1566304138),
(255,	'social_categories-27890',	'i18n::object-social_categories_electronics',	1,	19,	182,	2,	1566304138),
(256,	'social_categories-27891',	'i18n::object-social_categories_mobile_phones',	1,	19,	182,	3,	1566304138),
(257,	'social_categories-27892',	'i18n::object-social_categories_cameras',	1,	19,	182,	4,	1566304138),
(258,	'social_categories-27893',	'i18n::object-social_categories_computers',	1,	19,	182,	5,	1566304138),
(259,	'social_categories-27894',	'i18n::object-social_categories_books',	1,	19,	182,	6,	1566304138),
(260,	'social_categories-27895',	'i18n::object-social_categories_furniture',	1,	19,	182,	7,	1566304138),
(261,	'social_categories-27896',	'i18n::object-social_categories_clothes_shoes',	1,	19,	182,	8,	1566304138),
(262,	'social_categories-27897',	'i18n::object-social_categories_sports_equipment',	1,	19,	182,	9,	1566304138),
(263,	'social_categories-27898',	'i18n::object-social_categories_instruments',	1,	19,	182,	10,	1566304138),
(264,	'social_categories-27899',	'i18n::object-social_categories_flowers',	1,	19,	182,	11,	1566304138),
(265,	'social_categories-27900',	'i18n::object-social_categories_cosmetics',	1,	19,	182,	12,	1566304138),
(266,	'social_categories-27901',	'i18n::object-social_categories_souvenirs_toys',	1,	19,	182,	13,	1566304138),
(267,	'social_categories-27902',	'i18n::object-social_categories_food',	1,	19,	182,	14,	1566304138),
(268,	'social_categories-27903',	'i18n::object-social_categories_audio',	1,	19,	182,	15,	1566304138),
(269,	'social_categories-27904',	'i18n::object-social_categories_video',	1,	19,	182,	16,	1566304138),
(270,	'social_categories-27905',	'i18n::object-social_categories_software_games',	1,	19,	182,	17,	1566304138),
(271,	'social_categories-27906',	'i18n::object-social_categories_office_goods',	1,	19,	182,	18,	1566304138),
(272,	'social_categories-27907',	'i18n::object-social_categories_sewing_goods',	1,	19,	182,	19,	1566304138),
(273,	'social_categories-27908',	'i18n::object-social_categories_baby_goods',	1,	19,	182,	20,	1566304138),
(274,	'social_categories-27909',	'i18n::object-social_categories_optics_goods',	1,	19,	182,	21,	1566304138),
(275,	'social_categories-27910',	'i18n::object-social_categories_perfumery',	1,	19,	182,	22,	1566304138),
(276,	'social_categories-27911',	'i18n::object-social_categories_bags_accessories',	1,	19,	182,	23,	1566304138),
(277,	'social_categories-27912',	'i18n::object-social_categories_household_goods',	1,	19,	182,	24,	1566304138),
(278,	'social_categories-27913',	'--',	1,	19,	182,	25,	1566304138),
(279,	'emarket-paymenttype-payanyway',	'i18n::object-payanyway',	1,	46,	182,	7,	1566304138),
(280,	'emarket-paymenttype-dengionline',	'i18n::object-money_online',	1,	46,	182,	8,	1566304138),
(281,	'emarket-orderstatus-editing',	'i18n::object-orderstatus-editing',	1,	45,	182,	8,	1566304138),
(282,	'emarket-signing-type-bank',	'i18n::object-signingtype-bank',	0,	20,	182,	1,	1566304138),
(283,	'emarket-signing-type-partner',	'i18n::object-signingtype-partner',	0,	20,	182,	2,	1566304138),
(284,	'emarket-paymenttype-kvk',	'i18n::object-paymenttype-kvk',	1,	46,	182,	9,	1566304138),
(285,	'emarket-order-credit-status-27932',	'i18n::object-credit-status-new',	0,	22,	182,	1,	1566304138),
(286,	'emarket-order-credit-status-27933',	'i18n::object-credit-status-hol',	0,	22,	182,	2,	1566304138),
(287,	'emarket-order-credit-status-27934',	'i18n::object-credit-status-ver',	0,	22,	182,	3,	1566304138),
(288,	'emarket-order-credit-status-27935',	'i18n::object-credit-status-rej',	0,	22,	182,	4,	1566304138),
(289,	'emarket-order-credit-status-27936',	'i18n::object-credit-status-can',	0,	22,	182,	5,	1566304138),
(290,	'emarket-order-credit-status-27937',	'i18n::object-credit-status-ovr',	0,	22,	182,	6,	1566304138),
(291,	'emarket-order-credit-status-27938',	'i18n::object-credit-status-agr',	0,	22,	182,	7,	1566304138),
(292,	'emarket-order-credit-status-27939',	'i18n::object-credit-status-app',	0,	22,	182,	8,	1566304138),
(293,	'emarket-order-credit-status-27940',	'i18n::object-credit-status-prr',	0,	22,	182,	9,	1566304138),
(294,	'emarket-order-credit-status-27941',	'i18n::object-credit-status-pvr',	0,	22,	182,	10,	1566304138),
(295,	'emarket-order-credit-status-27942',	'i18n::object-credit-status-fap',	0,	22,	182,	11,	1566304138),
(296,	'emarket-mobile-platform-27944',	'i18n::object-android',	0,	23,	182,	1,	1566304138),
(297,	'emarket-mobile-platform-27945',	'i18n::object-ios',	0,	23,	182,	2,	1566304138),
(298,	'emarket-order-payment-status-default',	'i18n::object-order-payment-status-default',	1,	48,	182,	5,	1566304138),
(299,	'emarket-order-delivery-status-default',	'i18n::object-order-payment-status-default',	1,	52,	182,	4,	1566304138),
(300,	'news-rss-charset-27949',	'i18n::object-windows_1251',	0,	6,	182,	1,	1566304138),
(301,	'news-rss-charset-27950',	'i18n::object-utf_8',	0,	6,	182,	2,	1566304138),
(302,	'emarket-paymenttype-acquiropay',	'i18n::object-acquiropay',	1,	46,	182,	10,	1566304138),
(303,	'emarket-paymenttype-yandex30',	'i18n::object-paymenttype-yandex30',	1,	46,	182,	11,	1566304138),
(304,	'emarket-paymenttype-paypal',	'i18n::object-paymenttype-paypal',	1,	46,	182,	12,	1566304138),
(305,	'exchange-encoding-windows-1251',	'Windows-1251',	0,	26,	0,	1,	1566304063),
(306,	'exchange-encoding-utf-8',	'UTF-8',	0,	26,	0,	2,	1566304063),
(307,	'emarket-deliverytype-27958',	'i18n::object-type-apiship',	1,	50,	0,	4,	1566304063),
(308,	'emarket-orderdeliverystatus-27959',	'i18n::object-otmenen',	1,	52,	0,	5,	1566304063),
(309,	'emarket-orderdeliverystatus-27960',	'i18n::object-return',	1,	52,	0,	6,	1566304063),
(310,	'country-AU',	'i18n::object-country-AU',	1,	10,	0,	3,	1566304063),
(311,	'country-AT',	'i18n::object-country-AT',	1,	10,	0,	4,	1566304063),
(312,	'country-AZ',	'i18n::object-country-AZ',	1,	10,	0,	5,	1566304063),
(313,	'country-AX',	'i18n::object-country-AX',	1,	10,	0,	6,	1566304063),
(314,	'country-AL',	'i18n::object-country-AL',	1,	10,	0,	7,	1566304063),
(315,	'country-DZ',	'i18n::object-country-DZ',	1,	10,	0,	8,	1566304063),
(316,	'country-AS',	'i18n::object-country-AS',	1,	10,	0,	9,	1566304063),
(317,	'country-AI',	'i18n::object-country-AI',	1,	10,	0,	10,	1566304063),
(318,	'country-AO',	'i18n::object-country-AO',	1,	10,	0,	11,	1566304063),
(319,	'country-AD',	'i18n::object-country-AD',	1,	10,	0,	12,	1566304063),
(320,	'country-AQ',	'i18n::object-country-AQ',	1,	10,	0,	13,	1566304063),
(321,	'country-AG',	'i18n::object-country-AG',	1,	10,	0,	14,	1566304063),
(322,	'country-AR',	'i18n::object-country-AR',	1,	10,	0,	15,	1566304063),
(323,	'country-AM',	'i18n::object-country-AM',	1,	10,	0,	16,	1566304063),
(324,	'country-AW',	'i18n::object-country-AW',	1,	10,	0,	17,	1566304063),
(325,	'country-AF',	'i18n::object-country-AF',	1,	10,	0,	18,	1566304063),
(326,	'country-BS',	'i18n::object-country-BS',	1,	10,	0,	19,	1566304063),
(327,	'country-BD',	'i18n::object-country-BD',	1,	10,	0,	20,	1566304063),
(328,	'country-BB',	'i18n::object-country-BB',	1,	10,	0,	21,	1566304063),
(329,	'country-BH',	'i18n::object-country-BH',	1,	10,	0,	22,	1566304064),
(330,	'country-BY',	'i18n::object-country-BY',	1,	10,	0,	23,	1566304064),
(331,	'country-BZ',	'i18n::object-country-BZ',	1,	10,	0,	24,	1566304064),
(332,	'country-BE',	'i18n::object-country-BE',	1,	10,	0,	25,	1566304064),
(333,	'country-BJ',	'i18n::object-country-BJ',	1,	10,	0,	26,	1566304064),
(334,	'country-BM',	'i18n::object-country-BM',	1,	10,	0,	27,	1566304064),
(335,	'country-BG',	'i18n::object-country-BG',	1,	10,	0,	28,	1566304064),
(336,	'country-BO',	'i18n::object-country-BO',	1,	10,	0,	29,	1566304064),
(337,	'country-BQ',	'i18n::object-country-BQ',	1,	10,	0,	30,	1566304064),
(338,	'country-BA',	'i18n::object-country-BA',	1,	10,	0,	31,	1566304064),
(339,	'country-BW',	'i18n::object-country-BW',	1,	10,	0,	32,	1566304064),
(340,	'country-BR',	'i18n::object-country-BR',	1,	10,	0,	33,	1566304064),
(341,	'country-IO',	'i18n::object-country-IO',	1,	10,	0,	34,	1566304064),
(342,	'country-BN',	'i18n::object-country-BN',	1,	10,	0,	35,	1566304064),
(343,	'country-BF',	'i18n::object-country-BF',	1,	10,	0,	36,	1566304064),
(344,	'country-BI',	'i18n::object-country-BI',	1,	10,	0,	37,	1566304064),
(345,	'country-BT',	'i18n::object-country-BT',	1,	10,	0,	38,	1566304064),
(346,	'country-VU',	'i18n::object-country-VU',	1,	10,	0,	39,	1566304064),
(347,	'country-VA',	'i18n::object-country-VA',	1,	10,	0,	40,	1566304064),
(348,	'country-GB',	'i18n::object-country-GB',	1,	10,	0,	41,	1566304064),
(349,	'country-HU',	'i18n::object-country-HU',	1,	10,	0,	42,	1566304064),
(350,	'country-VE',	'i18n::object-country-VE',	1,	10,	0,	43,	1566304064),
(351,	'country-VG',	'i18n::object-country-VG',	1,	10,	0,	44,	1566304064),
(352,	'country-VI',	'i18n::object-country-VI',	1,	10,	0,	45,	1566304064),
(353,	'country-UM',	'i18n::object-country-UM',	1,	10,	0,	46,	1566304064),
(354,	'country-TL',	'i18n::object-country-TL',	1,	10,	0,	47,	1566304064),
(355,	'country-VN',	'i18n::object-country-VN',	1,	10,	0,	48,	1566304064),
(356,	'country-GA',	'i18n::object-country-GA',	1,	10,	0,	49,	1566304064),
(357,	'country-HT',	'i18n::object-country-HT',	1,	10,	0,	50,	1566304064),
(358,	'country-GY',	'i18n::object-country-GY',	1,	10,	0,	51,	1566304064),
(359,	'country-GM',	'i18n::object-country-GM',	1,	10,	0,	52,	1566304064),
(360,	'country-GH',	'i18n::object-country-GH',	1,	10,	0,	53,	1566304064),
(361,	'country-GP',	'i18n::object-country-GP',	1,	10,	0,	54,	1566304064),
(362,	'country-GT',	'i18n::object-country-GT',	1,	10,	0,	55,	1566304064),
(363,	'country-GN',	'i18n::object-country-GN',	1,	10,	0,	56,	1566304064),
(364,	'country-GW',	'i18n::object-country-GW',	1,	10,	0,	57,	1566304064),
(365,	'country-DE',	'i18n::object-country-DE',	1,	10,	0,	58,	1566304064),
(366,	'country-GG',	'i18n::object-country-GG',	1,	10,	0,	59,	1566304064),
(367,	'country-GI',	'i18n::object-country-GI',	1,	10,	0,	60,	1566304064),
(368,	'country-HN',	'i18n::object-country-HN',	1,	10,	0,	61,	1566304064),
(369,	'country-HK',	'i18n::object-country-HK',	1,	10,	0,	62,	1566304064),
(370,	'country-GD',	'i18n::object-country-GD',	1,	10,	0,	63,	1566304064),
(371,	'country-GL',	'i18n::object-country-GL',	1,	10,	0,	64,	1566304064),
(372,	'country-GR',	'i18n::object-country-GR',	1,	10,	0,	65,	1566304064),
(373,	'country-GE',	'i18n::object-country-GE',	1,	10,	0,	66,	1566304064),
(374,	'country-GU',	'i18n::object-country-GU',	1,	10,	0,	67,	1566304064),
(375,	'country-DK',	'i18n::object-country-DK',	1,	10,	0,	68,	1566304064),
(376,	'country-JE',	'i18n::object-country-JE',	1,	10,	0,	69,	1566304064),
(377,	'country-DJ',	'i18n::object-country-DJ',	1,	10,	0,	70,	1566304064),
(378,	'country-DG',	'i18n::object-country-DG',	1,	10,	0,	71,	1566304064),
(379,	'country-DM',	'i18n::object-country-DM',	1,	10,	0,	72,	1566304064),
(380,	'country-DO',	'i18n::object-country-DO',	1,	10,	0,	73,	1566304064),
(381,	'country-EG',	'i18n::object-country-EG',	1,	10,	0,	74,	1566304064),
(382,	'country-ZM',	'i18n::object-country-ZM',	1,	10,	0,	75,	1566304064),
(383,	'country-EH',	'i18n::object-country-EH',	1,	10,	0,	76,	1566304064),
(384,	'country-ZW',	'i18n::object-country-ZW',	1,	10,	0,	77,	1566304064),
(385,	'country-IL',	'i18n::object-country-IL',	1,	10,	0,	78,	1566304064),
(386,	'country-IN',	'i18n::object-country-IN',	1,	10,	0,	79,	1566304064),
(387,	'country-ID',	'i18n::object-country-ID',	1,	10,	0,	80,	1566304064),
(388,	'country-JO',	'i18n::object-country-JO',	1,	10,	0,	81,	1566304064),
(389,	'country-IQ',	'i18n::object-country-IQ',	1,	10,	0,	82,	1566304064),
(390,	'country-IR',	'i18n::object-country-IR',	1,	10,	0,	83,	1566304064),
(391,	'country-IE',	'i18n::object-country-IE',	1,	10,	0,	84,	1566304064),
(392,	'country-IS',	'i18n::object-country-IS',	1,	10,	0,	85,	1566304064),
(393,	'country-ES',	'i18n::object-country-ES',	1,	10,	0,	86,	1566304064),
(394,	'country-IT',	'i18n::object-country-IT',	1,	10,	0,	87,	1566304064),
(395,	'country-YE',	'i18n::object-country-YE',	1,	10,	0,	88,	1566304064),
(396,	'country-CV',	'i18n::object-country-CV',	1,	10,	0,	89,	1566304064),
(397,	'country-KZ',	'i18n::object-country-KZ',	1,	10,	0,	90,	1566304064),
(398,	'country-KY',	'i18n::object-country-KY',	1,	10,	0,	91,	1566304064),
(399,	'country-KH',	'i18n::object-country-KH',	1,	10,	0,	92,	1566304064),
(400,	'country-CM',	'i18n::object-country-CM',	1,	10,	0,	93,	1566304064),
(401,	'country-CA',	'i18n::object-country-CA',	1,	10,	0,	94,	1566304064),
(402,	'country-IC',	'i18n::object-country-IC',	1,	10,	0,	95,	1566304064),
(403,	'country-QA',	'i18n::object-country-QA',	1,	10,	0,	96,	1566304064),
(404,	'country-KE',	'i18n::object-country-KE',	1,	10,	0,	97,	1566304064),
(405,	'country-CY',	'i18n::object-country-CY',	1,	10,	0,	98,	1566304064),
(406,	'country-KG',	'i18n::object-country-KG',	1,	10,	0,	99,	1566304064),
(407,	'country-KI',	'i18n::object-country-KI',	1,	10,	0,	100,	1566304064),
(408,	'country-CN',	'i18n::object-country-CN',	1,	10,	0,	101,	1566304064),
(409,	'country-KP',	'i18n::object-country-KP',	1,	10,	0,	102,	1566304064),
(410,	'country-CC',	'i18n::object-country-CC',	1,	10,	0,	103,	1566304064),
(411,	'country-CO',	'i18n::object-country-CO',	1,	10,	0,	104,	1566304064),
(412,	'country-KM',	'i18n::object-country-KM',	1,	10,	0,	105,	1566304064),
(413,	'country-CG',	'i18n::object-country-CG',	1,	10,	0,	106,	1566304064),
(414,	'country-CD',	'i18n::object-country-CD',	1,	10,	0,	107,	1566304064),
(415,	'country-XK',	'i18n::object-country-XK',	1,	10,	0,	108,	1566304065),
(416,	'country-CR',	'i18n::object-country-CR',	1,	10,	0,	109,	1566304065),
(417,	'country-CI',	'i18n::object-country-CI',	1,	10,	0,	110,	1566304065),
(418,	'country-CU',	'i18n::object-country-CU',	1,	10,	0,	111,	1566304065),
(419,	'country-KW',	'i18n::object-country-KW',	1,	10,	0,	112,	1566304065),
(420,	'country-CW',	'i18n::object-country-CW',	1,	10,	0,	113,	1566304065),
(421,	'country-LA',	'i18n::object-country-LA',	1,	10,	0,	114,	1566304065),
(422,	'country-LV',	'i18n::object-country-LV',	1,	10,	0,	115,	1566304065),
(423,	'country-LS',	'i18n::object-country-LS',	1,	10,	0,	116,	1566304065),
(424,	'country-LR',	'i18n::object-country-LR',	1,	10,	0,	117,	1566304065),
(425,	'country-LB',	'i18n::object-country-LB',	1,	10,	0,	118,	1566304065),
(426,	'country-LY',	'i18n::object-country-LY',	1,	10,	0,	119,	1566304065),
(427,	'country-LT',	'i18n::object-country-LT',	1,	10,	0,	120,	1566304065),
(428,	'country-LI',	'i18n::object-country-LI',	1,	10,	0,	121,	1566304065),
(429,	'country-LU',	'i18n::object-country-LU',	1,	10,	0,	122,	1566304065),
(430,	'country-MU',	'i18n::object-country-MU',	1,	10,	0,	123,	1566304065),
(431,	'country-MR',	'i18n::object-country-MR',	1,	10,	0,	124,	1566304065),
(432,	'country-MG',	'i18n::object-country-MG',	1,	10,	0,	125,	1566304065),
(433,	'country-YT',	'i18n::object-country-YT',	1,	10,	0,	126,	1566304065),
(434,	'country-MO',	'i18n::object-country-MO',	1,	10,	0,	127,	1566304065),
(435,	'country-MK',	'i18n::object-country-MK',	1,	10,	0,	128,	1566304065),
(436,	'country-MW',	'i18n::object-country-MW',	1,	10,	0,	129,	1566304065),
(437,	'country-MY',	'i18n::object-country-MY',	1,	10,	0,	130,	1566304065),
(438,	'country-ML',	'i18n::object-country-ML',	1,	10,	0,	131,	1566304065),
(439,	'country-MV',	'i18n::object-country-MV',	1,	10,	0,	132,	1566304065),
(440,	'country-MT',	'i18n::object-country-MT',	1,	10,	0,	133,	1566304065),
(441,	'country-MA',	'i18n::object-country-MA',	1,	10,	0,	134,	1566304065),
(442,	'country-MQ',	'i18n::object-country-MQ',	1,	10,	0,	135,	1566304065),
(443,	'country-MH',	'i18n::object-country-MH',	1,	10,	0,	136,	1566304065),
(444,	'country-MX',	'i18n::object-country-MX',	1,	10,	0,	137,	1566304065),
(445,	'country-MZ',	'i18n::object-country-MZ',	1,	10,	0,	138,	1566304065),
(446,	'country-MD',	'i18n::object-country-MD',	1,	10,	0,	139,	1566304065),
(447,	'country-MC',	'i18n::object-country-MC',	1,	10,	0,	140,	1566304065),
(448,	'country-MN',	'i18n::object-country-MN',	1,	10,	0,	141,	1566304065),
(449,	'country-MS',	'i18n::object-country-MS',	1,	10,	0,	142,	1566304065),
(450,	'country-MM',	'i18n::object-country-MM',	1,	10,	0,	143,	1566304065),
(451,	'country-NA',	'i18n::object-country-NA',	1,	10,	0,	144,	1566304065),
(452,	'country-NR',	'i18n::object-country-NR',	1,	10,	0,	145,	1566304065),
(453,	'country-NP',	'i18n::object-country-NP',	1,	10,	0,	146,	1566304065),
(454,	'country-NE',	'i18n::object-country-NE',	1,	10,	0,	147,	1566304065),
(455,	'country-NG',	'i18n::object-country-NG',	1,	10,	0,	148,	1566304065),
(456,	'country-NL',	'i18n::object-country-NL',	1,	10,	0,	149,	1566304065),
(457,	'country-NI',	'i18n::object-country-NI',	1,	10,	0,	150,	1566304065),
(458,	'country-NU',	'i18n::object-country-NU',	1,	10,	0,	151,	1566304065),
(459,	'country-NZ',	'i18n::object-country-NZ',	1,	10,	0,	152,	1566304065),
(460,	'country-NC',	'i18n::object-country-NC',	1,	10,	0,	153,	1566304065),
(461,	'country-NO',	'i18n::object-country-NO',	1,	10,	0,	154,	1566304065),
(462,	'country-AC',	'i18n::object-country-AC',	1,	10,	0,	155,	1566304065),
(463,	'country-IM',	'i18n::object-country-IM',	1,	10,	0,	156,	1566304065),
(464,	'country-NF',	'i18n::object-country-NF',	1,	10,	0,	157,	1566304065),
(465,	'country-CX',	'i18n::object-country-CX',	1,	10,	0,	158,	1566304065),
(466,	'country-SH',	'i18n::object-country-SH',	1,	10,	0,	159,	1566304065),
(467,	'country-CK',	'i18n::object-country-CK',	1,	10,	0,	160,	1566304065),
(468,	'country-TC',	'i18n::object-country-TC',	1,	10,	0,	161,	1566304065),
(469,	'country-AE',	'i18n::object-country-AE',	1,	10,	0,	162,	1566304065),
(470,	'country-OM',	'i18n::object-country-OM',	1,	10,	0,	163,	1566304065),
(471,	'country-PK',	'i18n::object-country-PK',	1,	10,	0,	164,	1566304065),
(472,	'country-PW',	'i18n::object-country-PW',	1,	10,	0,	165,	1566304065),
(473,	'country-PS',	'i18n::object-country-PS',	1,	10,	0,	166,	1566304065),
(474,	'country-PA',	'i18n::object-country-PA',	1,	10,	0,	167,	1566304065),
(475,	'country-PG',	'i18n::object-country-PG',	1,	10,	0,	168,	1566304065),
(476,	'country-PY',	'i18n::object-country-PY',	1,	10,	0,	169,	1566304065),
(477,	'country-PE',	'i18n::object-country-PE',	1,	10,	0,	170,	1566304065),
(478,	'country-PN',	'i18n::object-country-PN',	1,	10,	0,	171,	1566304065),
(479,	'country-PL',	'i18n::object-country-PL',	1,	10,	0,	172,	1566304065),
(480,	'country-PT',	'i18n::object-country-PT',	1,	10,	0,	173,	1566304065),
(481,	'country-PR',	'i18n::object-country-PR',	1,	10,	0,	174,	1566304065),
(482,	'country-KR',	'i18n::object-country-KR',	1,	10,	0,	175,	1566304065),
(483,	'country-RE',	'i18n::object-country-RE',	1,	10,	0,	176,	1566304065),
(484,	'country-RW',	'i18n::object-country-RW',	1,	10,	0,	177,	1566304065),
(485,	'country-RO',	'i18n::object-country-RO',	1,	10,	0,	178,	1566304065),
(486,	'country-SV',	'i18n::object-country-SV',	1,	10,	0,	179,	1566304065),
(487,	'country-WS',	'i18n::object-country-WS',	1,	10,	0,	180,	1566304065),
(488,	'country-SM',	'i18n::object-country-SM',	1,	10,	0,	181,	1566304065),
(489,	'country-ST',	'i18n::object-country-ST',	1,	10,	0,	182,	1566304065),
(490,	'country-SA',	'i18n::object-country-SA',	1,	10,	0,	183,	1566304065),
(491,	'country-SZ',	'i18n::object-country-SZ',	1,	10,	0,	184,	1566304065),
(492,	'country-MP',	'i18n::object-country-MP',	1,	10,	0,	185,	1566304065),
(493,	'country-SC',	'i18n::object-country-SC',	1,	10,	0,	186,	1566304065),
(494,	'country-BL',	'i18n::object-country-BL',	1,	10,	0,	187,	1566304065),
(495,	'country-MF',	'i18n::object-country-MF',	1,	10,	0,	188,	1566304065),
(496,	'country-PM',	'i18n::object-country-PM',	1,	10,	0,	189,	1566304065),
(497,	'country-SN',	'i18n::object-country-SN',	1,	10,	0,	190,	1566304065),
(498,	'country-VC',	'i18n::object-country-VC',	1,	10,	0,	191,	1566304065),
(499,	'country-KN',	'i18n::object-country-KN',	1,	10,	0,	192,	1566304065),
(500,	'country-LC',	'i18n::object-country-LC',	1,	10,	0,	193,	1566304065),
(501,	'country-RS',	'i18n::object-country-RS',	1,	10,	0,	194,	1566304065),
(502,	'country-EA',	'i18n::object-country-EA',	1,	10,	0,	195,	1566304065),
(503,	'country-SG',	'i18n::object-country-SG',	1,	10,	0,	196,	1566304065),
(504,	'country-SX',	'i18n::object-country-SX',	1,	10,	0,	197,	1566304065),
(505,	'country-SY',	'i18n::object-country-SY',	1,	10,	0,	198,	1566304065),
(506,	'country-SK',	'i18n::object-country-SK',	1,	10,	0,	199,	1566304065),
(507,	'country-SI',	'i18n::object-country-SI',	1,	10,	0,	200,	1566304065),
(508,	'country-SB',	'i18n::object-country-SB',	1,	10,	0,	201,	1566304065),
(509,	'country-SO',	'i18n::object-country-SO',	1,	10,	0,	202,	1566304065),
(510,	'country-SD',	'i18n::object-country-SD',	1,	10,	0,	203,	1566304065),
(511,	'country-SR',	'i18n::object-country-SR',	1,	10,	0,	204,	1566304065),
(512,	'country-SL',	'i18n::object-country-SL',	1,	10,	0,	205,	1566304065),
(513,	'country-TJ',	'i18n::object-country-TJ',	1,	10,	0,	206,	1566304065),
(514,	'country-TH',	'i18n::object-country-TH',	1,	10,	0,	207,	1566304065),
(515,	'country-TW',	'i18n::object-country-TW',	1,	10,	0,	208,	1566304065),
(516,	'country-TZ',	'i18n::object-country-TZ',	1,	10,	0,	209,	1566304065),
(517,	'country-TG',	'i18n::object-country-TG',	1,	10,	0,	210,	1566304065),
(518,	'country-TK',	'i18n::object-country-TK',	1,	10,	0,	211,	1566304066),
(519,	'country-TO',	'i18n::object-country-TO',	1,	10,	0,	212,	1566304066),
(520,	'country-TT',	'i18n::object-country-TT',	1,	10,	0,	213,	1566304066),
(521,	'country-TA',	'i18n::object-country-TA',	1,	10,	0,	214,	1566304066),
(522,	'country-TV',	'i18n::object-country-TV',	1,	10,	0,	215,	1566304066),
(523,	'country-TN',	'i18n::object-country-TN',	1,	10,	0,	216,	1566304066),
(524,	'country-TM',	'i18n::object-country-TM',	1,	10,	0,	217,	1566304066),
(525,	'country-TR',	'i18n::object-country-TR',	1,	10,	0,	218,	1566304066),
(526,	'country-UG',	'i18n::object-country-UG',	1,	10,	0,	219,	1566304066),
(527,	'country-UZ',	'i18n::object-country-UZ',	1,	10,	0,	220,	1566304066),
(528,	'country-UA',	'i18n::object-country-UA',	1,	10,	0,	221,	1566304066),
(529,	'country-WF',	'i18n::object-country-WF',	1,	10,	0,	222,	1566304066),
(530,	'country-UY',	'i18n::object-country-UY',	1,	10,	0,	223,	1566304066),
(531,	'country-FO',	'i18n::object-country-FO',	1,	10,	0,	224,	1566304066),
(532,	'country-FM',	'i18n::object-country-FM',	1,	10,	0,	225,	1566304066),
(533,	'country-FJ',	'i18n::object-country-FJ',	1,	10,	0,	226,	1566304066),
(534,	'country-PH',	'i18n::object-country-PH',	1,	10,	0,	227,	1566304066),
(535,	'country-FI',	'i18n::object-country-FI',	1,	10,	0,	228,	1566304066),
(536,	'country-FK',	'i18n::object-country-FK',	1,	10,	0,	229,	1566304066),
(537,	'country-FR',	'i18n::object-country-FR',	1,	10,	0,	230,	1566304066),
(538,	'country-GF',	'i18n::object-country-GF',	1,	10,	0,	231,	1566304066),
(539,	'country-PF',	'i18n::object-country-PF',	1,	10,	0,	232,	1566304066),
(540,	'country-TF',	'i18n::object-country-TF',	1,	10,	0,	233,	1566304066),
(541,	'country-HR',	'i18n::object-country-HR',	1,	10,	0,	234,	1566304066),
(542,	'country-CF',	'i18n::object-country-CF',	1,	10,	0,	235,	1566304066),
(543,	'country-TD',	'i18n::object-country-TD',	1,	10,	0,	236,	1566304066),
(544,	'country-ME',	'i18n::object-country-ME',	1,	10,	0,	237,	1566304066),
(545,	'country-CZ',	'i18n::object-country-CZ',	1,	10,	0,	238,	1566304066),
(546,	'country-CL',	'i18n::object-country-CL',	1,	10,	0,	239,	1566304066),
(547,	'country-CH',	'i18n::object-country-CH',	1,	10,	0,	240,	1566304066),
(548,	'country-SE',	'i18n::object-country-SE',	1,	10,	0,	241,	1566304066),
(549,	'country-SJ',	'i18n::object-country-SJ',	1,	10,	0,	242,	1566304066),
(550,	'country-LK',	'i18n::object-country-LK',	1,	10,	0,	243,	1566304066),
(551,	'country-EC',	'i18n::object-country-EC',	1,	10,	0,	244,	1566304066),
(552,	'country-GQ',	'i18n::object-country-GQ',	1,	10,	0,	245,	1566304066),
(553,	'country-ER',	'i18n::object-country-ER',	1,	10,	0,	246,	1566304066),
(554,	'country-EE',	'i18n::object-country-EE',	1,	10,	0,	247,	1566304066),
(555,	'country-ET',	'i18n::object-country-ET',	1,	10,	0,	248,	1566304066),
(556,	'country-ZA',	'i18n::object-country-ZA',	1,	10,	0,	249,	1566304066),
(557,	'country-GS',	'i18n::object-country-GS',	1,	10,	0,	250,	1566304066),
(558,	'country-SS',	'i18n::object-country-SS',	1,	10,	0,	251,	1566304066),
(559,	'country-JM',	'i18n::object-country-JM',	1,	10,	0,	252,	1566304066),
(560,	'country-JP',	'i18n::object-country-JP',	1,	10,	0,	253,	1566304066),
(561,	'emarket-payment-type-yandex-kassa',	'i18n::object-payment-type-yandex-kassa',	1,	46,	0,	13,	1566304066),
(562,	'emarket-item-type-custom',	'Пользовательский',	1,	41,	0,	3,	1566304066),
(563,	'emarket-item-type-trade-offer',	'Торговое предложение',	1,	41,	0,	4,	1566304066),
(564,	'25ec3f9da5444fe6a125910137ec28200d4eaaa8',	'i18n::object-status-publish',	0,	2,	182,	1,	1566304137),
(565,	'tax-rate-27961',	'Без НДС',	1,	27,	0,	1,	1566304066),
(566,	'russianpost_wrapper_simple',	'i18n::object-wrapper_simple',	0,	14,	0,	1,	1566304066),
(567,	'payment-subject-28225',	'Товар',	1,	28,	0,	1,	1566304066),
(568,	'payment-mode-28238',	'Полная предоплата',	1,	29,	0,	1,	1566304066),
(569,	'8a6f804b3690f0592a3f17ed980a9df5f16bacd8',	'i18n::object-status-unpublish',	0,	2,	182,	2,	1566304137),
(570,	'russianpost_registered_wrapper',	'i18n::object-registered_wrapper',	0,	14,	0,	2,	1566304066),
(571,	'tax-rate-27962',	'НДС по ставке 0%',	1,	27,	0,	2,	1566304066),
(572,	'payment-subject-28226',	'Подакцизный товар',	1,	28,	0,	2,	1566304066),
(573,	'payment-mode-28239',	'Частичная предоплата',	1,	29,	0,	2,	1566304066),
(574,	'f4df5d14f5a1aeeebfe3db75b73e57fef8bcc4f2',	'i18n::object-status-preunpublish',	0,	2,	182,	3,	1566304137),
(575,	'russianpost_wrapper_with_declared_value',	'i18n::object-wrapper_with_declared_value',	0,	14,	0,	3,	1566304066),
(576,	'tax-rate-27963',	'НДС по ставке 10%',	1,	27,	0,	3,	1566304066),
(577,	'payment-subject-28227',	'Работа',	1,	28,	0,	3,	1566304066),
(578,	'payment-mode-28240',	'Аванс',	1,	29,	0,	3,	1566304066),
(579,	'russianpost_registered_wrapper_first_class',	'i18n::object-registered_wrapper_first_class',	0,	14,	0,	4,	1566304066),
(580,	'tax-rate-27964',	'НДС по ставке 20%',	1,	27,	0,	4,	1566304066),
(581,	'payment-subject-28228',	'Услуга',	1,	28,	0,	4,	1566304066),
(582,	'payment-mode-28241',	'Полный расчет',	1,	29,	0,	4,	1566304066),
(583,	'russianpost_wrapper_first_class_with_declared_value',	'i18n::object-wrapper_first_class_with_declared_value',	0,	14,	0,	5,	1566304066),
(584,	'tax-rate-27965',	'НДС по расчетной ставке 10/110',	1,	27,	0,	5,	1566304066),
(585,	'payment-subject-28229',	'Ставка в азартной игре',	1,	28,	0,	5,	1566304066),
(586,	'payment-mode-28242',	'Частичный расчет и кредит',	1,	29,	0,	5,	1566304066),
(587,	'tax-rate-27966',	'НДС  по расчетной ставке 20/120',	1,	27,	0,	6,	1566304066),
(588,	'russianpost_parcel',	'i18n::object-parcel',	0,	14,	0,	6,	1566304066),
(589,	'payment-subject-28230',	'Выигрыш в азартной игре',	1,	28,	0,	6,	1566304066),
(590,	'payment-mode-28243',	'Кредит',	1,	29,	0,	6,	1566304066),
(591,	'russianpost_parcel_with_declared_value',	'i18n::object-parcel_with_declared_value',	0,	14,	0,	7,	1566304066),
(592,	'payment-subject-28231',	'Лотерейный билет',	1,	28,	0,	7,	1566304066),
(593,	'payment-mode-28244',	'Выплата по кредиту',	1,	29,	0,	7,	1566304067),
(594,	'russianpost_parcel_first_class',	'i18n::object-parcel_first_class',	0,	14,	0,	8,	1566304067),
(595,	'payment-subject-28232',	'Выигрыш в лотерею',	1,	28,	0,	8,	1566304067),
(596,	'russianpost_parcel_first_class_with_declared_value',	'i18n::object-parcel_first_class_with_declared_value',	0,	14,	0,	9,	1566304067),
(597,	'payment-subject-28233',	'Результаты интеллектуальной деятельности',	1,	28,	0,	9,	1566304067),
(598,	'russianpost_ems_standart',	'i18n::object-ems_standart',	0,	14,	0,	10,	1566304067),
(599,	'payment-subject-28234',	'Платеж',	1,	28,	0,	10,	1566304067),
(600,	'russianpost_ems_declared_value',	'i18n::object-ems_declared_value',	0,	14,	0,	11,	1566304067),
(601,	'payment-subject-28235',	'Агентское вознаграждение',	1,	28,	0,	11,	1566304067),
(602,	'payment-subject-28236',	'Несколько вариантов',	1,	28,	0,	12,	1566304067),
(603,	'payment-subject-28237',	'i18n::object-social_categories_other',	1,	28,	0,	13,	1566304067),
(604,	'emarket-discountmodificator-768-27135',	'i18n::object-test_percent_modifier',	0,	56,	182,	1,	1566304137),
(605,	'emarket-discountrule-798-27438',	'i18n::object-users',	0,	57,	182,	1,	1566304138),
(606,	'3fb6d39f5279c04f1bfec5a7cc13783a45d00141',	'i18n::object-commerceml_data_format',	0,	35,	182,	1,	1566304138),
(607,	'2c4eff97ef278f12c4461309e84dd0627bd4a37b',	'i18n::object-umiDump_data_format',	0,	35,	182,	2,	1566304138),
(608,	'23abbfa28d922d786d39218e3aa26719ad16ee47',	'i18n::object-csv_dataformat',	0,	35,	182,	3,	1566304138),
(609,	'cdc4a1f4e0ee63b2359d3dec91efe33d2a296c92',	'i18n::object-umi_export_umiDump',	0,	35,	182,	4,	1566304138),
(610,	'2ca45ca1c710cf65f451f098f4bf683082566200',	'i18n::object-commerceml_catalog',	0,	36,	182,	1,	1566304138),
(611,	'681665ea8b72237d1677dfaf7339ef7a7ec40269',	'i18n::object-commerceml_offer_list',	0,	36,	182,	2,	1566304138),
(612,	'8e9874cd7a1b20f4b00c95fd7126f2112101c2ac',	'i18n::object-commerceml_order_list',	0,	36,	182,	3,	1566304138),
(613,	'ff6c38d4ab12cda6c035cf36a4afb829049fbf21',	'i18n::object-yml_catalog',	0,	36,	182,	4,	1566304138),
(614,	'b8c554e9ce8127f2405c189857cfd6831dcc2f5d',	'i18n::object-umiDump_data_format',	0,	36,	182,	5,	1566304138),
(615,	'de2d91f2111e74d1fab49ffed3220fc4b1d51d42',	'i18n::object-csv_dataformat',	0,	36,	182,	6,	1566304138),
(616,	'ccc9bf34f683f8e4ecf2ffe2910f3d8cda2b6852',	'i18n::object-umi_export_umiDump',	0,	36,	182,	7,	1566304138),
(617,	'exchange-export-commerceml',	'i18n::object-catalog_export',	0,	36,	182,	8,	1566304138),
(618,	'system-guest',	'i18n::object-guest',	1,	54,	0,	2,	1566304135),
(619,	'users-users-2374',	'i18n::object-zaregistrirovannye_pol_zovateli',	1,	39,	0,	2,	1566304137),
(620,	'emarket-currency-27226',	'i18n::object-rur',	0,	21,	182,	1,	1566304138),
(621,	'emarket-currency-27227',	'i18n::object-usd',	0,	21,	182,	2,	1566304138),
(622,	'emarket-currency-27228',	'i18n::object-euro',	0,	21,	182,	3,	1566304138),
(623,	'',	'Address for customer #14',	0,	40,	182,	1,	1566304135),
(624,	'',	'i18n::object-type-screen_mini',	0,	135,	182,	1,	1566304135),
(625,	'',	'i18n::object-type-blue',	0,	128,	182,	1,	1566304135),
(626,	'',	'SMB',	0,	139,	182,	1,	1566304135),
(627,	'',	'Ленинский',	0,	55,	182,	2,	1566304135),
(628,	'',	'Ericssont 450',	0,	140,	182,	1,	1566304142),
(629,	'',	'Смартфоны',	0,	86,	182,	2,	1566304145),
(630,	'',	'Ericssont 450',	0,	44,	0,	1,	1566304135),
(631,	'',	'Ericssont 450',	0,	44,	0,	2,	1566304135),
(632,	'',	'i18n::object-sales_draft',	0,	47,	182,	1,	1566304135),
(633,	'emarket-delivery-784-27234',	'i18n::object-type-test-delivery',	0,	97,	182,	1,	1566304135),
(634,	'',	'Заказ #8',	0,	53,	182,	1,	1566304135),
(635,	'',	'Лучшие предложения',	0,	61,	182,	3,	1566304135),
(636,	'',	'Каталог товаров',	0,	86,	182,	4,	1566304145),
(637,	'',	'Новости',	0,	7,	182,	5,	1566304135),
(638,	'',	'Доставка и оплата',	0,	61,	182,	6,	1566304135),
(639,	'',	'Помощь',	0,	61,	182,	7,	1566304135),
(640,	'',	'i18n::object-type-summer',	0,	141,	182,	1,	1566304135),
(641,	'',	'Контактная информация',	0,	142,	182,	1,	1566304135),
(642,	'',	'О магазине',	0,	61,	182,	8,	1566304135),
(643,	'',	'Страница не найдена',	0,	61,	182,	9,	1566304135),
(644,	'',	'Уже пользуюсь',	0,	71,	182,	1,	1566304135),
(645,	'',	'Скоро приобрету',	0,	71,	182,	2,	1566304135),
(646,	'',	'Хочу, но нет возможности',	0,	71,	182,	3,	1566304135),
(647,	'',	'Ни в коем случае!',	0,	71,	182,	4,	1566304135),
(648,	'',	'Готовы ли вы купить iPad?',	0,	72,	182,	10,	1566304135),
(649,	'',	'Обзоры новинок техники',	0,	63,	182,	11,	1566304135),
(650,	'',	'Вопросы и ответы',	0,	79,	182,	12,	1566304135),
(651,	'',	'Admin',	0,	64,	182,	1,	1566304135),
(652,	'',	'Поделитесь мнениями',	0,	69,	182,	13,	1566304135),
(653,	'',	'Я выбрал M-150. Что скажете?',	0,	68,	182,	14,	1566304135),
(654,	'',	'Фан-клуб Pioneer',	0,	67,	182,	15,	1566304135),
(655,	'',	'Фотогалерея кабелей',	0,	77,	182,	16,	1566304136),
(656,	'',	'Видеогалерея',	0,	61,	182,	17,	1566304136),
(657,	'',	'Best offers',	0,	61,	182,	18,	1566304136),
(658,	'',	'Catalog',	0,	86,	182,	19,	1566304136),
(659,	'',	'News',	0,	7,	182,	20,	1566304136),
(660,	'',	'Delivery and payment',	0,	61,	182,	21,	1566304136),
(661,	'',	'Help',	0,	61,	182,	22,	1566304136),
(662,	'',	'i18n::object-type-technics',	0,	141,	182,	2,	1566304136),
(663,	'',	'Contact info',	0,	142,	182,	2,	1566304136),
(664,	'',	'About',	0,	61,	182,	23,	1566304136),
(665,	'',	'Page not found',	0,	61,	182,	24,	1566304136),
(666,	'',	'Reviews of new home appliances',	0,	63,	182,	25,	1566304136),
(667,	'',	'Questions and Answers',	0,	79,	182,	26,	1566304136),
(668,	'',	'Share your opinion',	0,	69,	182,	27,	1566304136),
(669,	'',	'I chose the M-150. What do you think?',	0,	68,	182,	28,	1566304136),
(670,	'',	'Fan-club Pioneer',	0,	67,	182,	29,	1566304136),
(671,	'',	'Photogallery of connectors',	0,	77,	182,	30,	1566304136),
(672,	'',	'Videogallery',	0,	61,	182,	31,	1566304136),
(673,	'',	'I already use it',	0,	71,	182,	5,	1566304136),
(674,	'',	'I am going to buy it soon',	0,	71,	182,	6,	1566304136),
(675,	'',	'I wish I had an opportunity',	0,	71,	182,	7,	1566304136),
(676,	'',	'Never!',	0,	71,	182,	8,	1566304136),
(677,	'',	'Are you ready to buy iPad?',	0,	72,	182,	32,	1566304136),
(678,	'',	'DVD Техника',	0,	86,	182,	33,	1566304145),
(679,	'',	'i18n::object-type-tv-sets',	0,	86,	182,	34,	1566304145),
(680,	'',	'Аудиотехникa',	0,	86,	182,	35,	1566304145),
(681,	'',	'i18n::object-type-mobile-telephony',	0,	86,	182,	36,	1566304145),
(682,	'',	'ДВД плееры',	0,	86,	182,	37,	1566304263),
(683,	'',	'ДВД рекордеры',	0,	86,	182,	38,	1566304145),
(684,	'',	'ДВД диски',	0,	86,	182,	39,	1566304145),
(685,	'',	'Портативные телевизоры',	0,	86,	182,	40,	1566304145),
(686,	'',	'Черно-белые телевизоры',	0,	86,	182,	41,	1566304145),
(687,	'',	'Цветные телевизоры',	0,	86,	182,	42,	1566304145),
(688,	'',	'ЖК телевизоры',	0,	86,	182,	43,	1566304145),
(689,	'',	'Магнитофоны',	0,	86,	182,	44,	1566304145),
(690,	'',	'Плееры',	0,	86,	182,	45,	1566304145),
(691,	'',	'Акустика',	0,	86,	182,	46,	1566304145),
(692,	'',	'Музыкальные центры',	0,	86,	182,	47,	1566304145),
(693,	'',	'Телефоны GSM',	0,	86,	182,	48,	1566304145),
(694,	'',	'Коммуникаторы',	0,	86,	182,	49,	1566304145),
(695,	'',	'i18n::object-type-black',	0,	128,	182,	2,	1566304136),
(696,	'',	'i18n::object-type-drives_dvd',	0,	131,	182,	1,	1566304136),
(697,	'',	'i18n::object-type-red',	0,	128,	182,	3,	1566304136),
(698,	'',	'i18n::object-type-mono',	0,	129,	182,	1,	1566304136),
(699,	'',	'Player A4',	0,	130,	182,	2,	1566304142),
(700,	'',	'i18n::object-type-silver',	0,	128,	182,	4,	1566304136),
(701,	'',	'Лиговский',	0,	55,	182,	3,	1566304136),
(702,	'',	'plaer T2',	0,	130,	182,	3,	1566304142),
(703,	'',	'i18n::object-type-stereo',	0,	129,	182,	2,	1566304136),
(704,	'',	'Teac GF-650',	0,	130,	182,	4,	1566304142),
(705,	'',	'i18n::object-type-mahogany',	0,	127,	182,	1,	1566304136),
(706,	'',	'i18n::object-type-ivory',	0,	127,	182,	2,	1566304136),
(707,	'',	'i18n::object-type-strass',	0,	127,	182,	3,	1566304136),
(708,	'',	'Akai AP-A206C',	0,	132,	182,	5,	1566304142),
(709,	'',	'i18n::object-type-drives_vinyl',	0,	131,	182,	2,	1566304136),
(710,	'',	'plaer T3',	0,	130,	182,	6,	1566304142),
(711,	'',	'Teac LP-R400',	0,	130,	182,	7,	1566304142),
(712,	'',	'Sony PS-6750',	0,	132,	182,	8,	1566304142),
(713,	'',	'Coral CX-7',	0,	130,	182,	9,	1566304141),
(714,	'',	'Toshiba SR-Q660',	0,	132,	182,	10,	1566304142),
(715,	'',	'i18n::object-type-vinous',	0,	128,	182,	5,	1566304136),
(716,	'',	'Akai BB-1442',	0,	132,	182,	11,	1566304142),
(717,	'',	'Литейный',	0,	55,	182,	4,	1566304136),
(718,	'',	'dvd 01',	0,	133,	182,	1,	1566304142),
(719,	'',	'Akai TF-000',	0,	132,	182,	12,	1566304142),
(720,	'',	'i18n::object-type-medium_transparent',	0,	128,	182,	6,	1566304136),
(721,	'',	'i18n::object-type-drives_cd',	0,	131,	182,	3,	1566304136),
(722,	'',	'120 см',	0,	134,	182,	1,	1566304136),
(723,	'',	'i18n::object-type-screen_big',	0,	135,	182,	2,	1566304136),
(724,	'',	'i18n::object-type-very_bright',	0,	136,	182,	1,	1566304136),
(725,	'',	'i18n::object-type-completely_transparent',	0,	128,	182,	7,	1566304136),
(726,	'',	'Телевизор «LG»',	0,	138,	182,	13,	1566304142),
(727,	'',	'Sony TG-2356',	0,	132,	182,	14,	1566304142),
(728,	'',	'Sony T5-Z534',	0,	132,	182,	15,	1566304142),
(729,	'',	'i18n::object-type-brown',	0,	128,	182,	8,	1566304136),
(730,	'',	'Sony BF-5534',	0,	132,	182,	16,	1566304142),
(731,	'',	'dvd 03',	0,	133,	182,	2,	1566304142),
(732,	'',	'Akai VN-87',	0,	132,	182,	17,	1566304142),
(733,	'',	'Телевизор «Philips»',	0,	138,	182,	18,	1566304142),
(734,	'',	'Toshiba X-555',	0,	132,	182,	19,	1566304142),
(735,	'',	'Dual C-819',	0,	132,	182,	20,	1566304142),
(736,	'',	'Pioneer CT-970',	0,	132,	182,	21,	1566304142),
(737,	'',	'Toshiba PC-X6AD',	0,	132,	182,	22,	1566304142),
(738,	'',	'i18n::object-type-green',	0,	128,	182,	9,	1566304136),
(739,	'',	'Dual C-522',	0,	132,	182,	23,	1566304142),
(740,	'',	'Телевизор «Panasonic»',	0,	138,	182,	24,	1566304142),
(741,	'',	'Pioneer GD-90',	0,	132,	182,	25,	1566304142),
(742,	'',	'Toshiba GF-908',	0,	132,	182,	26,	1566304142),
(743,	'',	'i18n::object-type-velour',	0,	127,	182,	4,	1566304136),
(744,	'',	'Dual X-980Z',	0,	132,	182,	27,	1566304142),
(745,	'',	'i18n::object-type-transparent',	0,	128,	182,	10,	1566304136),
(746,	'',	'Pioneer PK-2355',	0,	132,	182,	28,	1566304142),
(747,	'',	'Toshiba PC-X6AD',	0,	132,	182,	29,	1566304142),
(748,	'',	'Dual CG-755',	0,	132,	182,	30,	1566304142),
(749,	'',	'20 см',	0,	134,	182,	2,	1566304136),
(750,	'',	'i18n::object-type-screen_glossy',	0,	135,	182,	3,	1566304136),
(751,	'',	'200:1',	0,	136,	182,	2,	1566304136),
(752,	'',	'i18n::object-type-wall_mounting_fixed',	0,	137,	182,	1,	1566304136),
(753,	'',	'Elektronika 432',	0,	138,	182,	31,	1566304142),
(754,	'',	'15 см',	0,	134,	182,	3,	1566304136),
(755,	'',	'100:1',	0,	136,	182,	3,	1566304136),
(756,	'',	'Oki 7',	0,	138,	182,	32,	1566304142),
(757,	'',	'60 см',	0,	134,	182,	4,	1566304136),
(758,	'',	'i18n::object-type-screen_saturated',	0,	135,	182,	4,	1566304136),
(759,	'',	'Sovet TC1',	0,	138,	182,	33,	1566304142),
(760,	'',	'65 см',	0,	134,	182,	5,	1566304136),
(761,	'',	'300:1',	0,	136,	182,	4,	1566304136),
(762,	'',	'Sovet TC2',	0,	138,	182,	34,	1566304142),
(763,	'',	'8 см',	0,	134,	182,	6,	1566304136),
(764,	'',	'i18n::object-type-not_very_bright',	0,	136,	182,	5,	1566304136),
(765,	'',	'Elektronika BOTRK-16',	0,	138,	182,	35,	1566304142),
(766,	'',	'Телевизор «Vityas»',	0,	138,	182,	36,	1566304142),
(767,	'',	'Телевизор «Horizont»',	0,	138,	182,	37,	1566304142),
(768,	'',	'50:1',	0,	136,	182,	6,	1566304136),
(769,	'',	'Oki GAREN-1',	0,	138,	182,	38,	1566304142),
(770,	'',	'45 см',	0,	134,	182,	7,	1566304136),
(771,	'',	'Elektronika TRIST-R90',	0,	138,	182,	39,	1566304143),
(772,	'',	'Moskwich',	0,	138,	182,	40,	1566304142),
(773,	'',	'i18n::object-type-screen_matte',	0,	135,	182,	5,	1566304136),
(774,	'',	'Soviet B1',	0,	138,	182,	41,	1566304142),
(775,	'',	'Soviet BA',	0,	138,	182,	42,	1566304142),
(776,	'',	'Soviet T7',	0,	138,	182,	43,	1566304142),
(777,	'',	'Moskwich SINGED12',	0,	138,	182,	44,	1566304143),
(778,	'',	'Sovet TC3',	0,	138,	182,	45,	1566304142),
(779,	'',	'Sovet WB-435',	0,	138,	182,	46,	1566304142),
(780,	'',	'Sovet BC-HOOK',	0,	138,	182,	47,	1566304142),
(781,	'',	'i18n::object-type-surround',	0,	129,	182,	3,	1566304136),
(782,	'',	'Magn 208',	0,	130,	182,	48,	1566304142),
(783,	'',	'SONY TC-640',	0,	130,	182,	49,	1566304142),
(784,	'',	'Magn 315',	0,	130,	182,	50,	1566304142),
(785,	'',	'i18n::object-type-grey',	0,	128,	182,	11,	1566304136),
(786,	'',	'Magn SS-TOP',	0,	130,	182,	51,	1566304142),
(787,	'',	'SONY ACE-5',	0,	130,	182,	52,	1566304142),
(788,	'',	'Player B783',	0,	130,	182,	53,	1566304142),
(789,	'',	'plaer N78',	0,	130,	182,	54,	1566304142),
(790,	'',	'Pioneer M-150',	0,	130,	182,	55,	1566304142),
(791,	'',	'Technics SB-G800',	0,	130,	182,	56,	1566304142),
(792,	'',	'Coral GG-WP',	0,	130,	182,	57,	1566304142),
(793,	'',	'Pioneer GL-HF',	0,	130,	182,	58,	1566304142),
(794,	'',	'Teac 2525',	0,	130,	182,	59,	1566304142),
(795,	'',	'Teac BB-200',	0,	130,	182,	60,	1566304142),
(796,	'',	'Teac PS-4',	0,	130,	182,	61,	1566304142),
(797,	'',	'gsm',	0,	139,	182,	2,	1566304136),
(798,	'',	'FY-8850',	0,	140,	182,	62,	1566304142),
(799,	'',	'GSM CL4',	0,	140,	182,	63,	1566304142),
(800,	'',	'FY-LR1250',	0,	140,	182,	64,	1566304143),
(801,	'',	'TXT',	0,	139,	182,	3,	1566304136),
(802,	'',	'GSM BF1550',	0,	140,	182,	65,	1566304143),
(803,	'',	'FY PUSH888',	0,	140,	182,	66,	1566304143),
(804,	'',	'Ericssont 415',	0,	140,	182,	67,	1566304142),
(805,	'',	'Ericssont DISEN9',	0,	140,	182,	68,	1566304143),
(806,	'',	'Ericssont TOME2',	0,	140,	182,	69,	1566304143),
(807,	'',	'Windows M',	0,	139,	182,	4,	1566304136),
(808,	'',	'Ericssont ASHE-53',	0,	140,	182,	70,	1566304143),
(809,	'',	'Elektronika 71',	0,	140,	182,	71,	1566304141),
(810,	'',	'Mpad 2000',	0,	140,	182,	72,	1566304142),
(811,	'',	'Newton',	0,	140,	182,	73,	1566304142),
(812,	'',	'Elektronika IE3800',	0,	140,	182,	74,	1566304143),
(813,	'',	'Mpad INHIB100',	0,	140,	182,	75,	1566304143),
(814,	'',	'Re: Телевизор «Horizont»',	0,	70,	182,	76,	1566304136),
(815,	'',	'Re: Телевизор «Horizont»',	0,	70,	182,	77,	1566304136),
(816,	'',	'Re: Телевизор «Horizont»',	0,	70,	182,	78,	1566304136),
(817,	'',	'Спешите, акция!',	0,	60,	182,	79,	1566304136),
(818,	'',	'Только семь дней',	0,	60,	182,	80,	1566304136),
(819,	'',	'dvd 04',	0,	133,	182,	3,	1566304142),
(820,	'',	'dvd 05',	0,	133,	182,	4,	1566304142),
(821,	'',	'dvd 06',	0,	133,	182,	5,	1566304142),
(822,	'',	'dvd 03',	0,	133,	182,	6,	1566304142),
(823,	'',	'dvd 07',	0,	133,	182,	7,	1566304142),
(824,	'',	'dvd 09',	0,	133,	182,	8,	1566304142),
(825,	'',	'dvd 12',	0,	133,	182,	9,	1566304142),
(826,	'',	'dvd 11',	0,	133,	182,	10,	1566304142),
(827,	'',	'Re: Телевизор «Panasonic»',	0,	70,	182,	81,	1566304136),
(828,	'',	'Re: Телевизор «Panasonic»',	0,	70,	182,	82,	1566304136),
(829,	'',	'Re: Телевизор «Panasonic»',	0,	70,	182,	83,	1566304136),
(830,	'',	'Re: Akai AP-A206C',	0,	70,	182,	84,	1566304136),
(831,	'',	'Re: Akai AP-A206C',	0,	70,	182,	85,	1566304136),
(832,	'',	'fweew (ewewf)',	0,	64,	0,	2,	1566304136),
(833,	'',	'fweffwe',	0,	70,	0,	86,	1566304136),
(834,	'',	'Re: Ericssont 450',	0,	70,	182,	87,	1566304136),
(835,	'',	'Re: Ericssont 450',	0,	70,	182,	88,	1566304136),
(836,	'',	'Электроника 432-Д',	0,	66,	182,	89,	1566304136),
(837,	'',	'Браво!',	0,	65,	182,	90,	1566304136),
(838,	'',	'С чего начать?',	0,	80,	182,	91,	1566304136),
(839,	'',	'Как снять корпус?',	0,	81,	182,	92,	1566304136),
(840,	'',	'Нужно ли выключать прибор?',	0,	81,	182,	93,	1566304136),
(841,	'',	'Я выбрал M-150. Что скажете?',	0,	69,	182,	94,	1566304136),
(842,	'',	'Оптоволоконный разъем',	0,	78,	182,	95,	1566304136),
(843,	'',	'BNC-коннектор',	0,	78,	182,	96,	1566304136),
(844,	'',	'Разъем для PSP',	0,	78,	182,	97,	1566304136),
(845,	'',	'Разъем firewire',	0,	78,	182,	98,	1566304136),
(846,	'',	'DVD equipment',	0,	86,	182,	99,	1566304136),
(847,	'',	'Audio equipment',	0,	86,	182,	100,	1566304137),
(848,	'',	'TV-sets',	0,	86,	182,	101,	1566304137),
(849,	'',	'Mobile telephony',	0,	86,	182,	102,	1566304137),
(850,	'',	'DVD players',	0,	86,	182,	103,	1566304137),
(851,	'',	'DVD recorders',	0,	86,	182,	104,	1566304137),
(852,	'',	'DVD disks',	0,	86,	182,	105,	1566304137),
(853,	'',	'Akai AP-A206C',	0,	132,	182,	76,	1566304137),
(854,	'',	'plaer T2',	0,	130,	182,	77,	1566304137),
(855,	'',	'Players',	0,	86,	182,	106,	1566304137),
(856,	'',	'plaer T3',	0,	130,	182,	78,	1566304137),
(857,	'',	'Teac LP-R400',	0,	130,	182,	79,	1566304137),
(858,	'',	'Audio systems',	0,	86,	182,	107,	1566304137),
(859,	'',	'Sony PS-6750',	0,	132,	182,	80,	1566304137),
(860,	'',	'Toshiba SR-Q660',	0,	132,	182,	81,	1566304137),
(861,	'',	'Re: Akai AP-A206C',	0,	70,	182,	108,	1566304137),
(862,	'',	'Dual C-819',	0,	132,	182,	82,	1566304137),
(863,	'',	'Pioneer CT-970',	0,	132,	182,	83,	1566304137),
(864,	'',	'Toshiba PC-X6AD',	0,	132,	182,	84,	1566304137),
(865,	'',	'dvd 01',	0,	133,	182,	11,	1566304137),
(866,	'',	'dvd 02',	0,	133,	182,	12,	1566304137),
(867,	'',	'Acoustics',	0,	86,	182,	109,	1566304137),
(868,	'',	'Tape-recorders',	0,	86,	182,	110,	1566304137),
(869,	'',	'Teac GF-650',	0,	130,	182,	85,	1566304137),
(870,	'',	'Player A4',	0,	130,	182,	86,	1566304137),
(871,	'',	'Coral CX-7',	0,	130,	182,	87,	1566304137),
(872,	'',	'Pioneer M-150',	0,	130,	182,	88,	1566304137),
(873,	'',	'Technics SB-G800',	0,	130,	182,	89,	1566304137),
(874,	'',	'Magn 208',	0,	130,	182,	90,	1566304137),
(875,	'',	'SONY TC-640',	0,	130,	182,	91,	1566304137),
(876,	'',	'Magn 315',	0,	130,	182,	92,	1566304137),
(877,	'',	'LCD TV-sets',	0,	86,	182,	111,	1566304137),
(878,	'',	'Color TV-sets',	0,	86,	182,	112,	1566304137),
(879,	'',	'Portable TV-sets',	0,	86,	182,	113,	1566304137),
(880,	'',	'Black-and-white TV-sets',	0,	86,	182,	114,	1566304137),
(881,	'',	'\"Panasonic\" TV-set',	0,	138,	182,	93,	1566304137),
(882,	'',	'\"Vityas\" TV-set',	0,	138,	182,	94,	1566304137),
(883,	'',	'\"Philips\" TV-set',	0,	138,	182,	95,	1566304137),
(884,	'',	'\"Horizont\" TV-set',	0,	138,	182,	96,	1566304137),
(885,	'',	'\"LG\" TV-set',	0,	138,	182,	97,	1566304137),
(886,	'',	'Re: \"Horizont\" TV-set',	0,	70,	182,	115,	1566304137),
(887,	'',	'Re: \"Horizont\" TV-set',	0,	70,	182,	116,	1566304137),
(888,	'',	'Re: \"Horizont\" TV-set',	0,	70,	182,	117,	1566304137),
(889,	'',	'Re: \"Panasonic\" TV-set',	0,	70,	182,	118,	1566304137),
(890,	'',	'Sovet TC1',	0,	138,	182,	98,	1566304137),
(891,	'',	'Sovet TC2',	0,	138,	182,	99,	1566304137),
(892,	'',	'Sovet TC3',	0,	138,	182,	100,	1566304137),
(893,	'',	'Elektronika 432',	0,	138,	182,	101,	1566304137),
(894,	'',	'Oki 7',	0,	138,	182,	102,	1566304137),
(895,	'',	'Moskwich',	0,	138,	182,	103,	1566304137),
(896,	'',	'Soviet B1',	0,	138,	182,	104,	1566304137),
(897,	'',	'Soviet BA',	0,	138,	182,	105,	1566304137),
(898,	'',	'Soviet T7',	0,	138,	182,	106,	1566304137),
(899,	'',	'GSM phones',	0,	86,	182,	119,	1566304137),
(900,	'',	'Communicators',	0,	86,	182,	120,	1566304137),
(901,	'',	'Smartphones',	0,	86,	182,	121,	1566304137),
(902,	'',	'FY-8850',	0,	140,	182,	107,	1566304137),
(903,	'',	'GSM CL4',	0,	140,	182,	108,	1566304137),
(904,	'',	'Elektronika 71',	0,	140,	182,	109,	1566304137),
(905,	'',	'Mpad 2000',	0,	140,	182,	110,	1566304137),
(906,	'',	'Newton',	0,	140,	182,	111,	1566304137),
(907,	'',	'Ericssont 415',	0,	140,	182,	112,	1566304137),
(908,	'',	'Ericssont 450',	0,	140,	182,	113,	1566304137),
(909,	'',	'Re: Ericssont 450',	0,	70,	182,	122,	1566304137),
(910,	'',	'Just seven days',	0,	60,	182,	123,	1566304137),
(911,	'',	'Hurry up, greate offer!',	0,	60,	182,	124,	1566304137),
(912,	'',	'Electronika 432-D',	0,	66,	182,	125,	1566304137),
(913,	'',	'Well done!',	0,	65,	182,	126,	1566304137),
(914,	'',	'Where to start?',	0,	80,	182,	127,	1566304137),
(915,	'',	'How to remove the case?',	0,	81,	182,	128,	1566304137),
(916,	'',	'Should I switch off the device?',	0,	81,	182,	129,	1566304137),
(917,	'',	'I chose the M-150. What do you think?',	0,	69,	182,	130,	1566304137),
(918,	'',	'Optical fiber connector',	0,	78,	182,	131,	1566304137),
(919,	'',	'BNC-connector',	0,	78,	182,	132,	1566304137),
(920,	'',	'Connector for PSP',	0,	78,	182,	133,	1566304137),
(921,	'',	'Firewire connector',	0,	78,	182,	134,	1566304137),
(922,	'',	'27154',	0,	56,	182,	2,	1566304137),
(923,	'',	'27155',	0,	90,	182,	2,	1566304137),
(924,	'',	'27166',	0,	43,	182,	1,	1566304137),
(925,	'',	'i18n::object-type-red',	0,	43,	182,	2,	1566304137),
(926,	'',	'L',	0,	43,	182,	3,	1566304137),
(927,	'',	'i18n::object-type-without_design',	0,	43,	182,	4,	1566304137),
(928,	'',	'i18n::object-type-blue',	0,	43,	182,	5,	1566304138),
(929,	'',	'XL',	0,	43,	182,	6,	1566304138),
(930,	'',	'i18n::object-type-basic_design',	0,	43,	182,	7,	1566304138),
(931,	'',	'XXL',	0,	43,	182,	8,	1566304138),
(932,	'',	'i18n::object-type-personal_design',	0,	43,	182,	9,	1566304138),
(933,	'',	'27191',	0,	56,	182,	3,	1566304138),
(934,	'',	'items',	0,	90,	182,	3,	1566304138),
(935,	'',	'27196',	0,	56,	182,	4,	1566304138),
(936,	'',	'test',	0,	59,	182,	1,	1566304138),
(937,	'',	'27374',	0,	56,	182,	5,	1566304138),
(938,	'',	'items',	0,	90,	182,	4,	1566304138),
(939,	'',	'orderPrice',	0,	92,	182,	5,	1566304138),
(940,	'',	'orderPrice',	0,	92,	182,	6,	1566304138),
(941,	'',	'orderPrice',	0,	92,	182,	7,	1566304138),
(942,	'',	'userGroups',	0,	94,	182,	8,	1566304138),
(943,	'',	'orderPrice',	0,	92,	182,	9,	1566304138),
(944,	'',	'userGroups',	0,	94,	182,	10,	1566304138),
(945,	'',	'orderPrice',	0,	92,	182,	11,	1566304138),
(946,	'',	'userGroups',	0,	94,	182,	12,	1566304138),
(947,	'',	'orderPrice',	0,	92,	182,	13,	1566304138),
(948,	'',	'userGroups',	0,	94,	182,	14,	1566304138),
(949,	'',	'i18n::object-users',	0,	57,	182,	15,	1566304138),
(950,	'',	'allOrdersPrices',	0,	93,	182,	16,	1566304138),
(951,	'',	'orderPrice',	0,	92,	182,	17,	1566304138),
(952,	'',	'userGroups',	0,	94,	182,	18,	1566304138),
(953,	'',	'i18n::object-users',	0,	57,	182,	19,	1566304138),
(954,	'',	'allOrdersPrices',	0,	93,	182,	20,	1566304138),
(955,	'',	'dateRange',	0,	91,	182,	21,	1566304138),
(956,	'',	'userGroups',	0,	94,	182,	22,	1566304138),
(957,	'',	'allOrdersPrices',	0,	93,	182,	23,	1566304138),
(958,	'',	'Address for customer #27495',	0,	40,	0,	2,	1566304138),
(959,	'',	'i18n::object-payonline_system',	0,	101,	182,	1,	1566304138),
(960,	'',	'right_block',	0,	113,	182,	1,	1566304138),
(961,	'',	'Пример Flash-баннера',	0,	116,	182,	1,	1566304263),
(962,	'',	'-',	0,	83,	182,	1,	1566304138),
(963,	'',	'Электроника 432',	0,	115,	182,	2,	1566304138),
(964,	'',	'AKAI Direct Drive',	0,	117,	182,	3,	1566304269),
(965,	'',	'Новости о мобильных гаджетах',	0,	82,	182,	1,	1566304138),
(966,	'',	'-',	0,	83,	182,	2,	1566304138),
(967,	'',	'еуые',	0,	43,	0,	10,	1566304138),
(968,	'',	'Гавайская рубашка',	0,	44,	0,	3,	1566304138),
(969,	'',	'Гавайская рубашка (XL, Красный, Без рисунка)',	0,	44,	0,	4,	1566304138),
(970,	'',	'Гавайская рубашка (Красный, XXL, Стандартный рисунок)',	0,	44,	0,	5,	1566304138),
(971,	'',	'Гавайская рубашка (Синий, XL, Без рисунка)',	0,	44,	0,	6,	1566304138),
(972,	'',	'Настенные часы',	0,	44,	0,	7,	1566304138),
(973,	'',	'Гавайская рубашка (Синий, XXL, Стандартный рисунок)',	0,	44,	0,	8,	1566304138),
(974,	'',	'Гавайская рубашка (Свой рисунок)',	0,	44,	0,	9,	1566304138),
(975,	'f92878f18258dde6be466657afbe597f425f92bb',	'i18n::object-ems_standart',	0,	14,	182,	12,	1566304138),
(976,	'c5f7a7eb8380a03c76ba26c22eb38118b6838b3b',	'i18n::object-ems_declared_value',	0,	14,	182,	13,	1566304138),
(977,	'47126638f57bd9d0f3e583b2b68ba080f16dc3b2',	'i18n::object-registered_wrapper',	0,	14,	182,	14,	1566304138),
(978,	'44213024959016ae285efe9dd256d1451c7a5194',	'object-registered_wrapper_1_cl',	0,	14,	182,	15,	1566304138),
(979,	'e280cf173f5e9d92679dfd30af723848ca911949',	'object-value_wrapper',	0,	14,	182,	16,	1566304138),
(980,	'412392b58bd5e166cc32ce7d021041bd843fe3f6',	'object-value_wrapper_1_cl',	0,	14,	182,	17,	1566304138),
(981,	'0c8124b837910c7341cb9d226319a31eeaa03756',	'object-value_parcel',	0,	14,	182,	18,	1566304138),
(982,	'',	'178.16.152.254',	0,	88,	0,	1,	1566304138),
(983,	'',	'dummy',	0,	53,	0,	2,	1566304146),
(984,	'',	'178.16.152.254',	0,	88,	0,	2,	1566304138),
(985,	'',	'178.16.152.254',	0,	88,	0,	3,	1566304138),
(986,	'',	'Sovet TC2',	0,	44,	182,	10,	1566304138),
(987,	'',	'Sony PS-6750',	0,	44,	182,	11,	1566304138),
(988,	'',	'dvd 01',	0,	44,	182,	12,	1566304138),
(989,	'',	'Заказ #1',	0,	53,	182,	3,	1566304138),
(990,	'',	'Ericssont 450',	0,	44,	182,	13,	1566304138),
(991,	'',	'Sovet TC2',	0,	44,	182,	14,	1566304138),
(992,	'',	'Sovet TC1',	0,	44,	182,	15,	1566304138),
(993,	'',	'dvd 02',	0,	44,	182,	16,	1566304138),
(994,	'',	'Заказ #2',	0,	53,	182,	4,	1566304138),
(995,	'',	'Sovet TC1',	0,	44,	182,	17,	1566304138),
(996,	'',	'Ericssont 415',	0,	44,	182,	18,	1566304138),
(997,	'',	'Ericssont 450',	0,	44,	182,	19,	1566304138),
(998,	'',	'GSM CL4',	0,	44,	182,	20,	1566304138),
(999,	'',	'Newton',	0,	44,	182,	21,	1566304138),
(1000,	'',	'Elektronika 71',	0,	44,	182,	22,	1566304138),
(1001,	'',	'FY-8850',	0,	44,	182,	23,	1566304138),
(1002,	'',	'Заказ #3',	0,	53,	182,	5,	1566304138),
(1003,	'',	'Teac GF-650',	0,	44,	182,	24,	1566304138),
(1004,	'',	'Заказ #4',	0,	53,	182,	6,	1566304138),
(1005,	'',	'Sony PS-6750',	0,	44,	182,	25,	1566304138),
(1006,	'',	'Заказ #5',	0,	53,	182,	7,	1566304138),
(1007,	'',	'dummy',	0,	53,	182,	8,	1566304138),
(1008,	'',	'Sovet TC1',	0,	44,	182,	26,	1566304138),
(1009,	'',	'Akai AP-A206C',	0,	44,	182,	27,	1566304138),
(1010,	'',	'Akai AP-A206C',	0,	44,	182,	28,	1566304138),
(1011,	'',	'Akai AP-A206C',	0,	44,	182,	29,	1566304138),
(1012,	'',	'Akai AP-A206C',	0,	44,	182,	30,	1566304138),
(1013,	'',	'Sony PS-6750',	0,	44,	182,	31,	1566304138),
(1014,	'',	'Toshiba SR-Q660',	0,	44,	182,	32,	1566304138),
(1015,	'',	'Teac GF-650',	0,	44,	182,	33,	1566304138),
(1016,	'',	'Sovet TC1',	0,	44,	182,	34,	1566304138),
(1017,	'',	'dvd 01',	0,	44,	182,	35,	1566304138),
(1018,	'',	'Ericssont 450',	0,	44,	182,	36,	1566304138),
(1019,	'',	'Телевизор «Panasonic»',	0,	44,	182,	37,	1566304138),
(1020,	'',	'Ericssont 450',	0,	44,	182,	38,	1566304138),
(1021,	'',	'101744',	0,	53,	182,	9,	1566304146),
(1022,	'filemanager-elfinder',	'i18n::object-filemanager-elfinder',	0,	126,	182,	1,	1566304138),
(1023,	'',	'Akai AP-A206C',	0,	44,	182,	39,	1566304138),
(1024,	'',	'Akai AP-A206C',	0,	44,	182,	40,	1566304138),
(1025,	'',	'dvd 02',	0,	44,	182,	41,	1566304138),
(1026,	'',	'Player A4',	0,	44,	182,	42,	1566304138),
(1027,	'',	'Ericssont 450',	0,	44,	182,	43,	1566304138),
(1028,	'',	'Заказ #6',	0,	53,	182,	10,	1566304138),
(1029,	'',	'plaer T2',	0,	44,	182,	44,	1566304138),
(1030,	'',	'Заказ #7',	0,	53,	182,	11,	1566304138),
(1031,	'',	'i18n::object-type-autumn',	0,	141,	182,	3,	1566304138),
(1032,	'',	'i18n::object-type-winter',	0,	141,	182,	4,	1566304138),
(1033,	'',	'News about mobile gadgets',	0,	82,	182,	2,	1566304138),
(1034,	'',	'101906',	0,	127,	182,	5,	1566304138),
(1035,	'',	'Информационные страницы',	0,	58,	182,	1,	1566304143),
(1036,	'',	'dvd 01',	0,	44,	0,	45,	1566304138),
(1037,	'',	'101935',	0,	53,	0,	12,	1566304138),
(1038,	'',	'178.16.152.254',	0,	88,	618,	4,	1566304138),
(1039,	'',	'101940',	0,	53,	0,	13,	1566304138),
(1040,	'',	'178.16.152.254',	0,	88,	618,	5,	1566304138),
(1041,	'',	'Ericssont 450',	0,	44,	0,	46,	1566304138),
(1042,	'',	'101942',	0,	53,	0,	14,	1566304138),
(1043,	'',	'178.16.152.254',	0,	88,	618,	6,	1566304138),
(1044,	'',	'Sovet TC1',	0,	44,	0,	47,	1566304138),
(1045,	'',	'101941',	0,	53,	0,	15,	1566304138),
(1046,	'',	'178.16.152.254',	0,	88,	618,	7,	1566304138),
(1047,	'',	'Soviet BA',	0,	44,	0,	48,	1566304138),
(1048,	'',	'Администратор',	0,	76,	182,	1,	1566304144),
(1049,	'call-order-template',	'Заказать звонок',	0,	75,	182,	1,	1566304138),
(1050,	'',	'Ericssont 450',	0,	44,	0,	49,	1566304138),
(1051,	'',	'101956',	0,	53,	0,	16,	1566304138),
(1052,	'',	'178.16.152.254',	0,	88,	618,	8,	1566304138),
(1053,	'',	'dvd 01',	0,	44,	0,	50,	1566304138),
(1054,	'',	'101959',	0,	53,	0,	17,	1566304138),
(1055,	'',	'178.16.152.254',	0,	88,	618,	9,	1566304138),
(1056,	'',	'Ericssont 415',	0,	44,	0,	51,	1566304138),
(1057,	'',	'101962',	0,	53,	0,	18,	1566304138),
(1058,	'',	'178.16.152.254',	0,	88,	618,	10,	1566304138),
(1059,	'',	'dvd 02',	0,	44,	0,	52,	1566304138),
(1060,	'',	'101965',	0,	53,	0,	19,	1566304138),
(1061,	'',	'178.16.152.254',	0,	88,	618,	11,	1566304138),
(1062,	'',	'Newton',	0,	44,	0,	53,	1566304138),
(1063,	'',	'101968',	0,	53,	0,	20,	1566304138),
(1064,	'',	'178.16.152.254',	0,	88,	618,	12,	1566304138),
(1065,	'',	'Sovet TC1',	0,	44,	0,	54,	1566304138),
(1066,	'',	'101971',	0,	53,	0,	21,	1566304138),
(1067,	'',	'178.16.152.254',	0,	88,	618,	13,	1566304138),
(1068,	'',	'Sony PS-6750',	0,	44,	0,	55,	1566304138),
(1069,	'',	'101974',	0,	53,	0,	22,	1566304138),
(1070,	'',	'178.16.152.254',	0,	88,	618,	14,	1566304138),
(1071,	'',	'Sovet TC2',	0,	44,	0,	56,	1566304138),
(1072,	'',	'101977',	0,	53,	0,	23,	1566304138),
(1073,	'',	'178.16.152.254',	0,	88,	618,	15,	1566304138),
(1074,	'',	'Soviet BA',	0,	44,	0,	57,	1566304138),
(1075,	'',	'101980',	0,	53,	0,	24,	1566304138),
(1076,	'',	'178.16.152.254',	0,	88,	618,	16,	1566304138),
(1077,	'',	'dvd 02',	0,	44,	0,	58,	1566304138),
(1078,	'',	'101984',	0,	53,	0,	25,	1566304138),
(1079,	'',	'178.16.152.254',	0,	88,	618,	17,	1566304138),
(1080,	'',	'Ericssont 450',	0,	44,	0,	59,	1566304138),
(1081,	'',	'101985',	0,	53,	0,	26,	1566304138),
(1082,	'',	'178.16.152.254',	0,	88,	618,	18,	1566304138),
(1083,	'',	'Newton',	0,	44,	0,	60,	1566304138),
(1084,	'',	'101989',	0,	53,	0,	27,	1566304138),
(1085,	'',	'178.16.152.254',	0,	88,	618,	19,	1566304138),
(1086,	'',	'dvd 01',	0,	44,	0,	61,	1566304138),
(1087,	'',	'101992',	0,	53,	0,	28,	1566304138),
(1088,	'',	'178.16.152.254',	0,	88,	618,	20,	1566304138),
(1089,	'',	'Sovet TC2',	0,	44,	0,	62,	1566304138),
(1090,	'',	'101995',	0,	53,	0,	29,	1566304138),
(1091,	'',	'178.16.152.254',	0,	88,	618,	21,	1566304138),
(1092,	'',	'Sony PS-6750',	0,	44,	0,	63,	1566304138),
(1093,	'',	'101998',	0,	53,	0,	30,	1566304138),
(1094,	'',	'178.16.152.254',	0,	88,	618,	22,	1566304138),
(1095,	'',	'Newton',	0,	44,	0,	64,	1566304138),
(1096,	'',	'102001',	0,	53,	0,	31,	1566304138),
(1097,	'',	'178.16.152.254',	0,	88,	618,	23,	1566304138),
(1098,	'',	'Sony PS-6750',	0,	44,	0,	65,	1566304138),
(1099,	'',	'102004',	0,	53,	0,	32,	1566304138),
(1100,	'',	'178.16.152.254',	0,	88,	618,	24,	1566304138),
(1101,	'',	'Sovet TC1',	0,	44,	0,	66,	1566304138),
(1102,	'',	'102007',	0,	53,	0,	33,	1566304138),
(1103,	'',	'178.16.152.254',	0,	88,	618,	25,	1566304138),
(1104,	'',	'Sovet TC1',	0,	44,	0,	67,	1566304138),
(1105,	'',	'102010',	0,	53,	0,	34,	1566304138),
(1106,	'',	'178.16.152.254',	0,	88,	618,	26,	1566304138),
(1107,	'',	'Soviet BA',	0,	44,	0,	68,	1566304138),
(1108,	'',	'102013',	0,	53,	0,	35,	1566304138),
(1109,	'',	'178.16.152.254',	0,	88,	618,	27,	1566304138),
(1110,	'',	'Ericssont 415',	0,	44,	0,	69,	1566304138),
(1111,	'',	'102016',	0,	53,	0,	36,	1566304138),
(1112,	'',	'178.16.152.254',	0,	88,	618,	28,	1566304138),
(1113,	'',	'Coral CX-7',	0,	44,	0,	70,	1566304138),
(1114,	'',	'102019',	0,	53,	0,	37,	1566304138),
(1115,	'',	'178.16.152.254',	0,	88,	618,	29,	1566304138),
(1116,	'',	'Pioneer M-150',	0,	44,	0,	71,	1566304138),
(1117,	'',	'102022',	0,	53,	0,	38,	1566304138),
(1118,	'',	'178.16.152.254',	0,	88,	618,	30,	1566304138),
(1119,	'',	'Technics SB-G800',	0,	44,	0,	72,	1566304138),
(1120,	'',	'102025',	0,	53,	0,	39,	1566304138),
(1121,	'',	'178.16.152.254',	0,	88,	618,	31,	1566304138),
(1122,	'',	'Magn 208',	0,	44,	0,	73,	1566304138),
(1123,	'',	'102028',	0,	53,	0,	40,	1566304138),
(1124,	'',	'178.16.152.254',	0,	88,	618,	32,	1566304138),
(1125,	'',	'SONY TC-640',	0,	44,	0,	74,	1566304138),
(1126,	'',	'102031',	0,	53,	0,	41,	1566304138),
(1127,	'',	'178.16.152.254',	0,	88,	618,	33,	1566304138),
(1128,	'',	'Teac GF-650',	0,	44,	0,	75,	1566304138),
(1129,	'',	'102034',	0,	53,	0,	42,	1566304138),
(1130,	'',	'178.16.152.254',	0,	88,	618,	34,	1566304138),
(1131,	'',	'Player A4',	0,	44,	0,	76,	1566304138),
(1132,	'',	'102037',	0,	53,	0,	43,	1566304138),
(1133,	'',	'178.16.152.254',	0,	88,	618,	35,	1566304138),
(1134,	'',	'Teac LP-R400',	0,	44,	0,	77,	1566304138),
(1135,	'',	'102040',	0,	53,	0,	44,	1566304138),
(1136,	'',	'178.16.152.254',	0,	88,	618,	36,	1566304138),
(1137,	'',	'plaer T2',	0,	44,	0,	78,	1566304138),
(1138,	'',	'102043',	0,	53,	0,	45,	1566304138),
(1139,	'',	'178.16.152.254',	0,	88,	618,	37,	1566304138),
(1140,	'',	'Magn 315',	0,	44,	0,	79,	1566304138),
(1141,	'',	'102046',	0,	53,	0,	46,	1566304138),
(1142,	'',	'178.16.152.254',	0,	88,	618,	38,	1566304138),
(1143,	'',	'plaer T3',	0,	44,	0,	80,	1566304138),
(1144,	'',	'102049',	0,	53,	0,	47,	1566304138),
(1145,	'',	'178.16.152.254',	0,	88,	618,	39,	1566304138),
(1146,	'',	'Akai AP-A206C',	0,	44,	0,	81,	1566304138),
(1147,	'',	'102052',	0,	53,	0,	48,	1566304138),
(1148,	'',	'178.16.152.254',	0,	88,	618,	40,	1566304138),
(1149,	'',	'Toshiba SR-Q660',	0,	44,	0,	82,	1566304138),
(1150,	'',	'102055',	0,	53,	0,	49,	1566304138),
(1151,	'',	'178.16.152.254',	0,	88,	618,	41,	1566304138),
(1152,	'',	'Toshiba PC-X6AD',	0,	44,	0,	83,	1566304138),
(1153,	'',	'102058',	0,	53,	0,	50,	1566304138),
(1154,	'',	'178.16.152.254',	0,	88,	618,	42,	1566304138),
(1155,	'',	'Pioneer CT-970',	0,	44,	0,	84,	1566304138),
(1156,	'',	'102061',	0,	53,	0,	51,	1566304138),
(1157,	'',	'178.16.152.254',	0,	88,	618,	43,	1566304138),
(1158,	'',	'Dual C-819',	0,	44,	0,	85,	1566304138),
(1159,	'',	'102064',	0,	53,	0,	52,	1566304138),
(1160,	'',	'178.16.152.254',	0,	88,	618,	44,	1566304138),
(1161,	'',	'Mpad 2000',	0,	44,	0,	86,	1566304138),
(1162,	'',	'102067',	0,	53,	0,	53,	1566304138),
(1163,	'',	'178.16.152.254',	0,	88,	618,	45,	1566304138),
(1164,	'',	'Elektronika 71',	0,	44,	0,	87,	1566304138),
(1165,	'',	'102070',	0,	53,	0,	54,	1566304138),
(1166,	'',	'178.16.152.254',	0,	88,	618,	46,	1566304138),
(1167,	'',	'GSM CL4',	0,	44,	0,	88,	1566304138),
(1168,	'',	'102073',	0,	53,	0,	55,	1566304138),
(1169,	'',	'178.16.152.254',	0,	88,	618,	47,	1566304138),
(1170,	'',	'FY-8850',	0,	44,	0,	89,	1566304138),
(1171,	'',	'102076',	0,	53,	0,	56,	1566304139),
(1172,	'',	'178.16.152.254',	0,	88,	618,	48,	1566304139),
(1173,	'',	'Elektronika 432',	0,	44,	0,	90,	1566304139),
(1174,	'',	'102079',	0,	53,	0,	57,	1566304139),
(1175,	'',	'178.16.152.254',	0,	88,	618,	49,	1566304139),
(1176,	'',	'Oki 7',	0,	44,	0,	91,	1566304139),
(1177,	'',	'102082',	0,	53,	0,	58,	1566304139),
(1178,	'',	'178.16.152.254',	0,	88,	618,	50,	1566304139),
(1179,	'',	'Sovet TC3',	0,	44,	0,	92,	1566304139),
(1180,	'',	'102085',	0,	53,	0,	59,	1566304139),
(1181,	'',	'178.16.152.254',	0,	88,	618,	51,	1566304139),
(1182,	'',	'Moskwich',	0,	44,	0,	93,	1566304139),
(1183,	'',	'102088',	0,	53,	0,	60,	1566304139),
(1184,	'',	'178.16.152.254',	0,	88,	618,	52,	1566304139),
(1185,	'',	'Soviet B1',	0,	44,	0,	94,	1566304139),
(1186,	'',	'102091',	0,	53,	0,	61,	1566304139),
(1187,	'',	'178.16.152.254',	0,	88,	618,	53,	1566304139),
(1188,	'',	'Телевизор «Horizont»',	0,	44,	0,	95,	1566304139),
(1189,	'',	'102094',	0,	53,	0,	62,	1566304139),
(1190,	'',	'178.16.152.254',	0,	88,	618,	54,	1566304139),
(1191,	'',	'Soviet T7',	0,	44,	0,	96,	1566304139),
(1192,	'',	'102097',	0,	53,	0,	63,	1566304139),
(1193,	'',	'178.16.152.254',	0,	88,	618,	55,	1566304139),
(1194,	'',	'Телевизор «LG»',	0,	44,	0,	97,	1566304139),
(1195,	'',	'102100',	0,	53,	0,	64,	1566304139),
(1196,	'',	'178.16.152.254',	0,	88,	618,	56,	1566304139),
(1197,	'',	'Телевизор «Vityas»',	0,	44,	0,	98,	1566304139),
(1198,	'',	'102103',	0,	53,	0,	65,	1566304139),
(1199,	'',	'178.16.152.254',	0,	88,	618,	57,	1566304139),
(1200,	'',	'Телевизор «Panasonic»',	0,	44,	0,	99,	1566304139),
(1201,	'',	'102106',	0,	53,	0,	66,	1566304139),
(1202,	'',	'178.16.152.254',	0,	88,	618,	58,	1566304139),
(1203,	'',	'Телевизор «Philips»',	0,	44,	0,	100,	1566304139),
(1204,	'',	'102109',	0,	53,	0,	67,	1566304139),
(1205,	'',	'178.16.152.254',	0,	88,	618,	59,	1566304139),
(1206,	'',	'Soviet T7',	0,	44,	0,	101,	1566304139),
(1207,	'',	'102112',	0,	53,	0,	68,	1566304139),
(1208,	'',	'178.16.152.254',	0,	88,	618,	60,	1566304139),
(1209,	'',	'Player A4',	0,	44,	0,	102,	1566304139),
(1210,	'',	'102115',	0,	53,	0,	69,	1566304139),
(1211,	'',	'178.16.152.254',	0,	88,	618,	61,	1566304139),
(1212,	'',	'plaer T2',	0,	44,	0,	103,	1566304139),
(1213,	'',	'102118',	0,	53,	0,	70,	1566304139),
(1214,	'',	'178.16.152.254',	0,	88,	618,	62,	1566304139),
(1215,	'',	'Pioneer M-150',	0,	44,	0,	104,	1566304139),
(1216,	'',	'102121',	0,	53,	0,	71,	1566304139),
(1217,	'',	'178.16.152.254',	0,	88,	618,	63,	1566304139),
(1218,	'',	'Coral CX-7',	0,	44,	0,	105,	1566304139),
(1219,	'',	'102124',	0,	53,	0,	72,	1566304139),
(1220,	'',	'178.16.152.254',	0,	88,	618,	64,	1566304139),
(1221,	'',	'plaer T3',	0,	44,	0,	106,	1566304139),
(1222,	'',	'102127',	0,	53,	0,	73,	1566304139),
(1223,	'',	'178.16.152.254',	0,	88,	618,	65,	1566304139),
(1224,	'',	'Technics SB-G800',	0,	44,	0,	107,	1566304139),
(1225,	'',	'102130',	0,	53,	0,	74,	1566304139),
(1226,	'',	'178.16.152.254',	0,	88,	618,	66,	1566304139),
(1227,	'',	'Toshiba SR-Q660',	0,	44,	0,	108,	1566304139),
(1228,	'',	'102133',	0,	53,	0,	75,	1566304139),
(1229,	'',	'178.16.152.254',	0,	88,	618,	67,	1566304139),
(1230,	'',	'Pioneer CT-970',	0,	44,	0,	109,	1566304139),
(1231,	'',	'102136',	0,	53,	0,	76,	1566304139),
(1232,	'',	'178.16.152.254',	0,	88,	618,	68,	1566304139),
(1233,	'',	'Akai AP-A206C',	0,	44,	0,	110,	1566304139),
(1234,	'',	'102139',	0,	53,	0,	77,	1566304139),
(1235,	'',	'178.16.152.254',	0,	88,	618,	69,	1566304139),
(1236,	'',	'Toshiba PC-X6AD',	0,	44,	0,	111,	1566304139),
(1237,	'',	'102142',	0,	53,	0,	78,	1566304139),
(1238,	'',	'178.16.152.254',	0,	88,	618,	70,	1566304139),
(1239,	'',	'Dual C-819',	0,	44,	0,	112,	1566304139),
(1240,	'',	'102145',	0,	53,	0,	79,	1566304139),
(1241,	'',	'178.16.152.254',	0,	88,	618,	71,	1566304139),
(1242,	'',	'Mpad 2000',	0,	44,	0,	113,	1566304139),
(1243,	'',	'102148',	0,	53,	0,	80,	1566304139),
(1244,	'',	'178.16.152.254',	0,	88,	618,	72,	1566304139),
(1245,	'',	'Elektronika 71',	0,	44,	0,	114,	1566304139),
(1246,	'',	'102151',	0,	53,	0,	81,	1566304139),
(1247,	'',	'178.16.152.254',	0,	88,	618,	73,	1566304139),
(1248,	'',	'Sovet TC3',	0,	44,	0,	115,	1566304139),
(1249,	'',	'102154',	0,	53,	0,	82,	1566304139),
(1250,	'',	'178.16.152.254',	0,	88,	618,	74,	1566304139),
(1251,	'',	'Oki 7',	0,	44,	0,	116,	1566304139),
(1252,	'',	'102157',	0,	53,	0,	83,	1566304139),
(1253,	'',	'178.16.152.254',	0,	88,	618,	75,	1566304139),
(1254,	'',	'Elektronika 432',	0,	44,	0,	117,	1566304139),
(1255,	'',	'102160',	0,	53,	0,	84,	1566304139),
(1256,	'',	'178.16.152.254',	0,	88,	618,	76,	1566304139),
(1257,	'',	'Teac LP-R400',	0,	44,	0,	118,	1566304139),
(1258,	'',	'102163',	0,	53,	0,	85,	1566304139),
(1259,	'',	'178.16.152.254',	0,	88,	618,	77,	1566304139),
(1260,	'',	'Teac GF-650',	0,	44,	0,	119,	1566304139),
(1261,	'',	'102166',	0,	53,	0,	86,	1566304139),
(1262,	'',	'178.16.152.254',	0,	88,	618,	78,	1566304139),
(1263,	'',	'Телевизор «Panasonic»',	0,	44,	0,	120,	1566304139),
(1264,	'',	'102169',	0,	53,	0,	87,	1566304139),
(1265,	'',	'178.16.152.254',	0,	88,	618,	79,	1566304139),
(1266,	'',	'Телевизор «Philips»',	0,	44,	0,	121,	1566304139),
(1267,	'',	'102172',	0,	53,	0,	88,	1566304139),
(1268,	'',	'178.16.152.254',	0,	88,	618,	80,	1566304139),
(1269,	'',	'Телевизор «Vityas»',	0,	44,	0,	122,	1566304139),
(1270,	'',	'102175',	0,	53,	0,	89,	1566304139),
(1271,	'',	'178.16.152.254',	0,	88,	618,	81,	1566304139),
(1272,	'',	'Телевизор «Horizont»',	0,	44,	0,	123,	1566304139),
(1273,	'',	'102178',	0,	53,	0,	90,	1566304139),
(1274,	'',	'178.16.152.254',	0,	88,	618,	82,	1566304139),
(1275,	'',	'Телевизор «LG»',	0,	44,	0,	124,	1566304139),
(1276,	'',	'102181',	0,	53,	0,	91,	1566304139),
(1277,	'',	'178.16.152.254',	0,	88,	618,	83,	1566304139),
(1278,	'',	'Moskwich',	0,	44,	0,	125,	1566304139),
(1279,	'',	'102184',	0,	53,	0,	92,	1566304139),
(1280,	'',	'178.16.152.254',	0,	88,	618,	84,	1566304139),
(1281,	'',	'Soviet T7',	0,	44,	0,	126,	1566304139),
(1282,	'',	'102187',	0,	53,	0,	93,	1566304139),
(1283,	'',	'178.16.152.254',	0,	88,	618,	85,	1566304139),
(1284,	'',	'Soviet B1',	0,	44,	0,	127,	1566304139),
(1285,	'',	'102190',	0,	53,	0,	94,	1566304139),
(1286,	'',	'178.16.152.254',	0,	88,	618,	86,	1566304139),
(1287,	'',	'Magn 208',	0,	44,	0,	128,	1566304139),
(1288,	'',	'102193',	0,	53,	0,	95,	1566304139),
(1289,	'',	'178.16.152.254',	0,	88,	618,	87,	1566304139),
(1290,	'',	'SONY TC-640',	0,	44,	0,	129,	1566304139),
(1291,	'',	'102196',	0,	53,	0,	96,	1566304139),
(1292,	'',	'178.16.152.254',	0,	88,	618,	88,	1566304139),
(1293,	'',	'Magn 315',	0,	44,	0,	130,	1566304139),
(1294,	'',	'102199',	0,	53,	0,	97,	1566304139),
(1295,	'',	'178.16.152.254',	0,	88,	618,	89,	1566304139),
(1296,	'',	'GSM CL4',	0,	44,	0,	131,	1566304139),
(1297,	'',	'102202',	0,	53,	0,	98,	1566304139),
(1298,	'',	'178.16.152.254',	0,	88,	618,	90,	1566304139),
(1299,	'',	'FY-8850',	0,	44,	0,	132,	1566304139),
(1300,	'',	'102205',	0,	53,	0,	99,	1566304139),
(1301,	'',	'178.16.152.254',	0,	88,	618,	91,	1566304139),
(1302,	'',	'slider_block',	0,	113,	182,	2,	1566304139),
(1303,	'',	'HTML баннер',	0,	117,	182,	4,	1566304139),
(1304,	'',	'Headphones',	0,	115,	182,	5,	1566304139),
(1305,	'',	'Pioneers',	0,	115,	182,	6,	1566304139),
(1306,	'',	'Оплата по безналичному расчету',	0,	105,	182,	2,	1566304139),
(1307,	'',	'178.16.152.254',	0,	88,	618,	92,	1566304139),
(1308,	'',	'Пункт самовывоза на ул. Ленина',	0,	96,	182,	2,	1566304139),
(1309,	'',	'Пункт самовывоза на ул. Пушкина',	0,	96,	182,	3,	1566304139),
(1310,	'',	'dvd 04',	0,	44,	0,	133,	1566304139),
(1311,	'',	'Sony PS-6750',	0,	44,	0,	134,	1566304139),
(1312,	'',	'dvd 11',	0,	44,	0,	135,	1566304139),
(1313,	'',	'Ericssont TOME2',	0,	44,	0,	136,	1566304139),
(1314,	'',	'102263',	0,	53,	0,	100,	1566304139),
(1315,	'',	'178.16.152.254',	0,	88,	618,	93,	1566304139),
(1316,	'',	'Sovet BC-HOOK',	0,	44,	0,	137,	1566304139),
(1317,	'',	'Ericssont DISEN9',	0,	44,	0,	138,	1566304139),
(1318,	'',	'dvd 01',	0,	44,	0,	139,	1566304139),
(1319,	'',	'102267',	0,	53,	0,	101,	1566304139),
(1320,	'',	'178.16.152.254',	0,	88,	618,	94,	1566304139),
(1321,	'',	'Mpad INHIB100',	0,	44,	0,	140,	1566304139),
(1322,	'',	'Ericssont TOME2',	0,	44,	0,	141,	1566304139),
(1323,	'',	'102268',	0,	53,	0,	102,	1566304139),
(1324,	'',	'178.16.152.254',	0,	88,	618,	95,	1566304139),
(1325,	'',	'Teac BB-200',	0,	44,	0,	142,	1566304139),
(1326,	'',	'102277',	0,	44,	0,	143,	1566304139),
(1327,	'',	'Ericssont DISEN9',	0,	44,	0,	144,	1566304139),
(1328,	'',	'Teac 2525',	0,	44,	0,	145,	1566304139),
(1329,	'',	'Pioneer GL-HF',	0,	44,	0,	146,	1566304139),
(1330,	'',	'Sovet WB-435',	0,	44,	0,	147,	1566304139),
(1565,	'',	'Онлайн-запись',	0,	125,	0,	135,	1566304141),
(1566,	'',	'Доставка через сервис ApiShip',	0,	99,	0,	4,	1566304141);

DROP TABLE IF EXISTS `cms3_objects_expiration`;
CREATE TABLE `cms3_objects_expiration` (
  `obj_id` int(10) unsigned NOT NULL,
  `entrytime` int(10) unsigned NOT NULL,
  `expire` int(10) unsigned NOT NULL,
  PRIMARY KEY (`obj_id`),
  KEY `FK_ObjectsExpire to objects` (`obj_id`),
  KEY `entrytime` (`entrytime`,`expire`),
  CONSTRAINT `FK_ObjectsExpire to objects` FOREIGN KEY (`obj_id`) REFERENCES `cms3_objects` (`id`) ON DELETE CASCADE ON UPDATE CASCADE
) ENGINE=InnoDB DEFAULT CHARSET=utf8;


DROP TABLE IF EXISTS `cms3_object_content`;
CREATE TABLE `cms3_object_content` (
  `obj_id` int(10) unsigned DEFAULT NULL,
  `field_id` int(10) unsigned DEFAULT NULL,
  `int_val` bigint(20) DEFAULT NULL,
  `varchar_val` varchar(255) DEFAULT NULL,
  `text_val` mediumtext DEFAULT NULL,
  `rel_val` int(10) unsigned DEFAULT NULL,
  `tree_val` int(10) unsigned DEFAULT NULL,
  `float_val` double DEFAULT NULL,
  KEY `Content to object relation_FK` (`obj_id`),
  KEY `Contents field id relation_FK` (`field_id`),
  KEY `Relation value reference_FK` (`rel_val`),
  KEY `content2tree_FK` (`tree_val`),
  KEY `int_val` (`int_val`),
  KEY `varchar_val` (`varchar_val`),
  KEY `float_val` (`float_val`),
  KEY `text_val` (`text_val`(8)),
  KEY `K_Complex_FieldIdAndRelVal` (`field_id`,`rel_val`),
  KEY `K_Complex_FieldIdAndTreeVal` (`field_id`,`tree_val`),
  KEY `K_Complex_ObjIdAndFieldId` (`obj_id`,`field_id`),
  CONSTRAINT `FK_Content to object relation` FOREIGN KEY (`obj_id`) REFERENCES `cms3_objects` (`id`) ON DELETE CASCADE ON UPDATE CASCADE,
  CONSTRAINT `FK_Contents field id relation` FOREIGN KEY (`field_id`) REFERENCES `cms3_object_fields` (`id`) ON DELETE CASCADE ON UPDATE CASCADE,
  CONSTRAINT `FK_Relation value reference` FOREIGN KEY (`rel_val`) REFERENCES `cms3_objects` (`id`) ON DELETE CASCADE ON UPDATE CASCADE,
  CONSTRAINT `FK_content2tree` FOREIGN KEY (`tree_val`) REFERENCES `cms3_hierarchy` (`id`) ON DELETE CASCADE ON UPDATE CASCADE
) ENGINE=InnoDB DEFAULT CHARSET=utf8;

INSERT INTO `cms3_object_content` (`obj_id`, `field_id`, `int_val`, `varchar_val`, `text_val`, `rel_val`, `tree_val`, `float_val`) VALUES
(1,	76,	NULL,	'Демонстрационный магазин UMI.CMS',	NULL,	NULL,	NULL,	NULL),
(1,	77,	1,	NULL,	NULL,	NULL,	NULL,	NULL),
(1,	73,	NULL,	'vkontakte',	NULL,	NULL,	NULL,	NULL),
(6,	29,	NULL,	'low',	NULL,	NULL,	NULL,	NULL),
(7,	29,	NULL,	'normal',	NULL,	NULL,	NULL,	NULL),
(8,	29,	NULL,	'high',	NULL,	NULL,	NULL,	NULL),
(9,	30,	NULL,	'US',	NULL,	NULL,	NULL,	NULL),
(10,	30,	NULL,	'RU',	NULL,	NULL,	NULL,	NULL),
(179,	34,	NULL,	'item',	NULL,	NULL,	NULL,	NULL),
(179,	60,	NULL,	'Скидки этого типа могут быть применены к товарам, либо разделам в каталоге',	NULL,	NULL,	NULL,	NULL),
(180,	34,	NULL,	'order',	NULL,	NULL,	NULL,	NULL),
(180,	60,	NULL,	'Данный тип скидок используется для расчета итоговой цены заказа',	NULL,	NULL,	NULL,	NULL),
(181,	79,	NULL,	'Супервайзеры',	NULL,	NULL,	NULL,	NULL),
(182,	209,	1,	NULL,	NULL,	NULL,	NULL,	NULL),
(182,	214,	0,	NULL,	NULL,	NULL,	NULL,	NULL),
(182,	217,	NULL,	'content,users,emarket,catalog,data,trash',	NULL,	NULL,	NULL,	NULL),
(183,	34,	NULL,	'bonus',	NULL,	NULL,	NULL,	NULL),
(183,	60,	NULL,	'Зачисление бонусов за оплаченный заказ',	NULL,	NULL,	NULL,	NULL),
(184,	61,	NULL,	'proc',	NULL,	NULL,	NULL,	NULL),
(184,	62,	56,	NULL,	NULL,	NULL,	NULL,	NULL),
(184,	64,	NULL,	'emarket-discountmodificator-768',	NULL,	NULL,	NULL,	NULL),
(185,	235,	1,	NULL,	NULL,	NULL,	NULL,	NULL),
(186,	66,	NULL,	'items',	NULL,	NULL,	NULL,	NULL),
(186,	69,	NULL,	'emarket-discountrule-777',	NULL,	NULL,	NULL,	NULL),
(187,	87,	NULL,	'digital',	NULL,	NULL,	NULL,	NULL),
(188,	87,	NULL,	'optioned',	NULL,	NULL,	NULL,	NULL),
(189,	132,	NULL,	'self',	NULL,	NULL,	NULL,	NULL),
(189,	134,	NULL,	'emarket-delivery-783',	NULL,	NULL,	NULL,	NULL),
(190,	132,	NULL,	'courier',	NULL,	NULL,	NULL,	NULL),
(190,	134,	NULL,	'emarket-delivery-784',	NULL,	NULL,	NULL,	NULL),
(191,	112,	NULL,	'receipt',	NULL,	NULL,	NULL,	NULL),
(191,	114,	NULL,	'emarket-payment-791',	NULL,	NULL,	NULL,	NULL),
(192,	40,	NULL,	'canceled',	NULL,	NULL,	NULL,	NULL),
(192,	111,	50,	NULL,	NULL,	NULL,	NULL,	NULL),
(193,	40,	NULL,	'rejected',	NULL,	NULL,	NULL,	NULL),
(193,	111,	40,	NULL,	NULL,	NULL,	NULL,	NULL),
(194,	40,	NULL,	'payment',	NULL,	NULL,	NULL,	NULL),
(194,	111,	60,	NULL,	NULL,	NULL,	NULL,	NULL),
(195,	40,	NULL,	'delivery',	NULL,	NULL,	NULL,	NULL),
(195,	111,	70,	NULL,	NULL,	NULL,	NULL,	NULL),
(196,	40,	NULL,	'waiting',	NULL,	NULL,	NULL,	NULL),
(196,	111,	100,	NULL,	NULL,	NULL,	NULL,	NULL),
(197,	40,	NULL,	'accepted',	NULL,	NULL,	NULL,	NULL),
(197,	111,	80,	NULL,	NULL,	NULL,	NULL,	NULL),
(198,	40,	NULL,	'ready',	NULL,	NULL,	NULL,	NULL),
(198,	111,	30,	NULL,	NULL,	NULL,	NULL,	NULL),
(199,	40,	NULL,	'waiting_shipping',	NULL,	NULL,	NULL,	NULL),
(199,	111,	40,	NULL,	NULL,	NULL,	NULL,	NULL),
(200,	40,	NULL,	'shipping',	NULL,	NULL,	NULL,	NULL),
(200,	111,	50,	NULL,	NULL,	NULL,	NULL,	NULL),
(201,	40,	NULL,	'ready',	NULL,	NULL,	NULL,	NULL),
(201,	111,	60,	NULL,	NULL,	NULL,	NULL,	NULL),
(202,	40,	NULL,	'initialized',	NULL,	NULL,	NULL,	NULL),
(202,	111,	40,	NULL,	NULL,	NULL,	NULL,	NULL),
(203,	40,	NULL,	'validated',	NULL,	NULL,	NULL,	NULL),
(203,	111,	60,	NULL,	NULL,	NULL,	NULL,	NULL),
(204,	40,	NULL,	'declined',	NULL,	NULL,	NULL,	NULL),
(204,	111,	70,	NULL,	NULL,	NULL,	NULL,	NULL),
(205,	40,	NULL,	'accepted',	NULL,	NULL,	NULL,	NULL),
(205,	111,	50,	NULL,	NULL,	NULL,	NULL,	NULL),
(206,	66,	NULL,	'dateRange',	NULL,	NULL,	NULL,	NULL),
(206,	69,	NULL,	'emarket-discountrule-794',	NULL,	NULL,	NULL,	NULL),
(207,	66,	NULL,	'orderPrice',	NULL,	NULL,	NULL,	NULL),
(207,	69,	NULL,	'emarket-discountrule-795',	NULL,	NULL,	NULL,	NULL),
(208,	66,	NULL,	'allOrdersPrices',	NULL,	NULL,	NULL,	NULL),
(208,	69,	NULL,	'emarket-discountrule-796',	NULL,	NULL,	NULL,	NULL),
(209,	66,	NULL,	'userGroups',	NULL,	NULL,	NULL,	NULL),
(209,	69,	NULL,	'emarket-discountrule-797',	NULL,	NULL,	NULL,	NULL),
(210,	66,	NULL,	'users',	NULL,	NULL,	NULL,	NULL),
(210,	67,	57,	NULL,	NULL,	NULL,	NULL,	NULL),
(210,	69,	NULL,	'emarket-discountrule-798',	NULL,	NULL,	NULL,	NULL),
(211,	66,	NULL,	'relatedItems',	NULL,	NULL,	NULL,	NULL),
(211,	69,	NULL,	'emarket-discountrule-799',	NULL,	NULL,	NULL,	NULL),
(212,	61,	NULL,	'absolute',	NULL,	NULL,	NULL,	NULL),
(212,	64,	NULL,	'emarket-discountmodificator-800',	NULL,	NULL,	NULL,	NULL),
(213,	112,	NULL,	'payonline',	NULL,	NULL,	NULL,	NULL),
(213,	114,	NULL,	'emarket-payment-801',	NULL,	NULL,	NULL,	NULL),
(214,	112,	NULL,	'courier',	NULL,	NULL,	NULL,	NULL),
(214,	114,	NULL,	'emarket-payment-802',	NULL,	NULL,	NULL,	NULL),
(215,	31,	1,	NULL,	NULL,	NULL,	NULL,	NULL),
(216,	31,	2,	NULL,	NULL,	NULL,	NULL,	NULL),
(217,	31,	3,	NULL,	NULL,	NULL,	NULL,	NULL),
(218,	31,	4,	NULL,	NULL,	NULL,	NULL,	NULL),
(219,	132,	NULL,	'russianpost',	NULL,	NULL,	NULL,	NULL),
(219,	134,	NULL,	'emarket-delivery-808',	NULL,	NULL,	NULL,	NULL),
(220,	112,	NULL,	'robox',	NULL,	NULL,	NULL,	NULL),
(220,	114,	NULL,	'emarket-payment-812',	NULL,	NULL,	NULL,	NULL),
(221,	112,	NULL,	'rbk',	NULL,	NULL,	NULL,	NULL),
(221,	114,	NULL,	'emarket-payment-813',	NULL,	NULL,	NULL,	NULL),
(222,	32,	0,	NULL,	NULL,	NULL,	NULL,	NULL),
(223,	32,	1,	NULL,	NULL,	NULL,	NULL,	NULL),
(224,	32,	2,	NULL,	NULL,	NULL,	NULL,	NULL),
(225,	32,	3,	NULL,	NULL,	NULL,	NULL,	NULL),
(226,	32,	4,	NULL,	NULL,	NULL,	NULL,	NULL),
(227,	32,	5,	NULL,	NULL,	NULL,	NULL,	NULL),
(228,	32,	6,	NULL,	NULL,	NULL,	NULL,	NULL),
(229,	32,	7,	NULL,	NULL,	NULL,	NULL,	NULL),
(230,	32,	8,	NULL,	NULL,	NULL,	NULL,	NULL),
(231,	32,	9,	NULL,	NULL,	NULL,	NULL,	NULL),
(232,	32,	10,	NULL,	NULL,	NULL,	NULL,	NULL),
(233,	32,	11,	NULL,	NULL,	NULL,	NULL,	NULL),
(234,	32,	12,	NULL,	NULL,	NULL,	NULL,	NULL),
(235,	32,	13,	NULL,	NULL,	NULL,	NULL,	NULL),
(236,	32,	14,	NULL,	NULL,	NULL,	NULL,	NULL),
(237,	32,	15,	NULL,	NULL,	NULL,	NULL,	NULL),
(238,	32,	16,	NULL,	NULL,	NULL,	NULL,	NULL),
(239,	32,	17,	NULL,	NULL,	NULL,	NULL,	NULL),
(240,	32,	18,	NULL,	NULL,	NULL,	NULL,	NULL),
(241,	32,	19,	NULL,	NULL,	NULL,	NULL,	NULL),
(242,	32,	20,	NULL,	NULL,	NULL,	NULL,	NULL),
(243,	32,	21,	NULL,	NULL,	NULL,	NULL,	NULL),
(244,	32,	22,	NULL,	NULL,	NULL,	NULL,	NULL),
(245,	32,	23,	NULL,	NULL,	NULL,	NULL,	NULL),
(246,	32,	1,	NULL,	NULL,	NULL,	NULL,	NULL),
(247,	32,	2,	NULL,	NULL,	NULL,	NULL,	NULL),
(248,	32,	3,	NULL,	NULL,	NULL,	NULL,	NULL),
(249,	32,	4,	NULL,	NULL,	NULL,	NULL,	NULL),
(250,	32,	5,	NULL,	NULL,	NULL,	NULL,	NULL),
(251,	32,	6,	NULL,	NULL,	NULL,	NULL,	NULL),
(252,	32,	7,	NULL,	NULL,	NULL,	NULL,	NULL),
(253,	112,	NULL,	'invoice',	NULL,	NULL,	NULL,	NULL),
(253,	114,	NULL,	'emarket-payment-816',	NULL,	NULL,	NULL,	NULL),
(254,	33,	1,	NULL,	NULL,	NULL,	NULL,	NULL),
(255,	33,	2,	NULL,	NULL,	NULL,	NULL,	NULL),
(256,	33,	3,	NULL,	NULL,	NULL,	NULL,	NULL),
(257,	33,	4,	NULL,	NULL,	NULL,	NULL,	NULL),
(258,	33,	5,	NULL,	NULL,	NULL,	NULL,	NULL),
(259,	33,	7,	NULL,	NULL,	NULL,	NULL,	NULL),
(260,	33,	8,	NULL,	NULL,	NULL,	NULL,	NULL),
(261,	33,	9,	NULL,	NULL,	NULL,	NULL,	NULL),
(262,	33,	10,	NULL,	NULL,	NULL,	NULL,	NULL),
(263,	33,	11,	NULL,	NULL,	NULL,	NULL,	NULL),
(264,	33,	12,	NULL,	NULL,	NULL,	NULL,	NULL),
(265,	33,	13,	NULL,	NULL,	NULL,	NULL,	NULL),
(266,	33,	14,	NULL,	NULL,	NULL,	NULL,	NULL),
(267,	33,	15,	NULL,	NULL,	NULL,	NULL,	NULL),
(268,	33,	16,	NULL,	NULL,	NULL,	NULL,	NULL),
(269,	33,	17,	NULL,	NULL,	NULL,	NULL,	NULL),
(270,	33,	18,	NULL,	NULL,	NULL,	NULL,	NULL),
(271,	33,	19,	NULL,	NULL,	NULL,	NULL,	NULL),
(272,	33,	20,	NULL,	NULL,	NULL,	NULL,	NULL),
(273,	33,	21,	NULL,	NULL,	NULL,	NULL,	NULL),
(279,	112,	NULL,	'payanyway',	NULL,	NULL,	NULL,	NULL),
(279,	114,	NULL,	'emarket-payment-payanyway',	NULL,	NULL,	NULL,	NULL),
(280,	112,	NULL,	'dengionline',	NULL,	NULL,	NULL,	NULL),
(280,	114,	NULL,	'emarket-payment-dengionline',	NULL,	NULL,	NULL,	NULL),
(281,	40,	NULL,	'editing',	NULL,	NULL,	NULL,	NULL),
(281,	111,	90,	NULL,	NULL,	NULL,	NULL,	NULL),
(282,	34,	NULL,	'bank',	NULL,	NULL,	NULL,	NULL),
(283,	34,	NULL,	'partner',	NULL,	NULL,	NULL,	NULL),
(284,	112,	NULL,	'kupivkredit',	NULL,	NULL,	NULL,	NULL),
(284,	114,	NULL,	'emarket-payment-kvk',	NULL,	NULL,	NULL,	NULL),
(285,	40,	NULL,	'new',	NULL,	NULL,	NULL,	NULL),
(286,	40,	NULL,	'hol',	NULL,	NULL,	NULL,	NULL),
(287,	40,	NULL,	'ver',	NULL,	NULL,	NULL,	NULL),
(288,	40,	NULL,	'rej',	NULL,	NULL,	NULL,	NULL),
(289,	40,	NULL,	'can',	NULL,	NULL,	NULL,	NULL),
(290,	40,	NULL,	'ovr',	NULL,	NULL,	NULL,	NULL),
(291,	40,	NULL,	'agr',	NULL,	NULL,	NULL,	NULL),
(292,	40,	NULL,	'app',	NULL,	NULL,	NULL,	NULL),
(293,	40,	NULL,	'prr',	NULL,	NULL,	NULL,	NULL),
(294,	40,	NULL,	'pvr',	NULL,	NULL,	NULL,	NULL),
(295,	40,	NULL,	'fap',	NULL,	NULL,	NULL,	NULL),
(296,	41,	NULL,	'android',	NULL,	NULL,	NULL,	NULL),
(297,	41,	NULL,	'ios',	NULL,	NULL,	NULL,	NULL),
(298,	40,	NULL,	'not_defined',	NULL,	NULL,	NULL,	NULL),
(298,	111,	30,	NULL,	NULL,	NULL,	NULL,	NULL),
(299,	40,	NULL,	'not_defined',	NULL,	NULL,	NULL,	NULL),
(299,	111,	30,	NULL,	NULL,	NULL,	NULL,	NULL),
(300,	23,	NULL,	'cp1251',	NULL,	NULL,	NULL,	NULL),
(301,	23,	NULL,	'utf-8',	NULL,	NULL,	NULL,	NULL),
(302,	112,	NULL,	'acquiropay',	NULL,	NULL,	NULL,	NULL),
(302,	114,	NULL,	'emarket-payment-acquiropay',	NULL,	NULL,	NULL,	NULL),
(303,	112,	NULL,	'yandex30',	NULL,	NULL,	NULL,	NULL),
(303,	114,	NULL,	'emarket-payment-yandex30',	NULL,	NULL,	NULL,	NULL),
(304,	112,	NULL,	'paypal',	NULL,	NULL,	NULL,	NULL),
(304,	114,	NULL,	'emarket-payment-paypal',	NULL,	NULL,	NULL,	NULL),
(307,	132,	NULL,	'ApiShip',	NULL,	NULL,	NULL,	NULL),
(307,	134,	NULL,	'emarket-delivery-842',	NULL,	NULL,	NULL,	NULL),
(308,	40,	NULL,	'canceled',	NULL,	NULL,	NULL,	NULL),
(308,	111,	50,	NULL,	NULL,	NULL,	NULL,	NULL),
(309,	40,	NULL,	'return',	NULL,	NULL,	NULL,	NULL),
(309,	111,	60,	NULL,	NULL,	NULL,	NULL,	NULL),
(310,	30,	NULL,	'AU',	NULL,	NULL,	NULL,	NULL),
(311,	30,	NULL,	'AT',	NULL,	NULL,	NULL,	NULL),
(312,	30,	NULL,	'AZ',	NULL,	NULL,	NULL,	NULL),
(313,	30,	NULL,	'AX',	NULL,	NULL,	NULL,	NULL),
(314,	30,	NULL,	'AL',	NULL,	NULL,	NULL,	NULL),
(315,	30,	NULL,	'DZ',	NULL,	NULL,	NULL,	NULL),
(316,	30,	NULL,	'AS',	NULL,	NULL,	NULL,	NULL),
(317,	30,	NULL,	'AI',	NULL,	NULL,	NULL,	NULL),
(318,	30,	NULL,	'AO',	NULL,	NULL,	NULL,	NULL),
(319,	30,	NULL,	'AD',	NULL,	NULL,	NULL,	NULL),
(320,	30,	NULL,	'AQ',	NULL,	NULL,	NULL,	NULL),
(321,	30,	NULL,	'AG',	NULL,	NULL,	NULL,	NULL),
(322,	30,	NULL,	'AR',	NULL,	NULL,	NULL,	NULL),
(323,	30,	NULL,	'AM',	NULL,	NULL,	NULL,	NULL),
(324,	30,	NULL,	'AW',	NULL,	NULL,	NULL,	NULL),
(325,	30,	NULL,	'AF',	NULL,	NULL,	NULL,	NULL),
(326,	30,	NULL,	'BS',	NULL,	NULL,	NULL,	NULL),
(327,	30,	NULL,	'BD',	NULL,	NULL,	NULL,	NULL),
(328,	30,	NULL,	'BB',	NULL,	NULL,	NULL,	NULL),
(329,	30,	NULL,	'BH',	NULL,	NULL,	NULL,	NULL),
(330,	30,	NULL,	'BY',	NULL,	NULL,	NULL,	NULL),
(331,	30,	NULL,	'BZ',	NULL,	NULL,	NULL,	NULL),
(332,	30,	NULL,	'BE',	NULL,	NULL,	NULL,	NULL),
(333,	30,	NULL,	'BJ',	NULL,	NULL,	NULL,	NULL),
(334,	30,	NULL,	'BM',	NULL,	NULL,	NULL,	NULL),
(335,	30,	NULL,	'BG',	NULL,	NULL,	NULL,	NULL),
(336,	30,	NULL,	'BO',	NULL,	NULL,	NULL,	NULL),
(337,	30,	NULL,	'BQ',	NULL,	NULL,	NULL,	NULL),
(338,	30,	NULL,	'BA',	NULL,	NULL,	NULL,	NULL),
(339,	30,	NULL,	'BW',	NULL,	NULL,	NULL,	NULL),
(340,	30,	NULL,	'BR',	NULL,	NULL,	NULL,	NULL),
(341,	30,	NULL,	'IO',	NULL,	NULL,	NULL,	NULL),
(342,	30,	NULL,	'BN',	NULL,	NULL,	NULL,	NULL),
(343,	30,	NULL,	'BF',	NULL,	NULL,	NULL,	NULL),
(344,	30,	NULL,	'BI',	NULL,	NULL,	NULL,	NULL),
(345,	30,	NULL,	'BT',	NULL,	NULL,	NULL,	NULL),
(346,	30,	NULL,	'VU',	NULL,	NULL,	NULL,	NULL),
(347,	30,	NULL,	'VA',	NULL,	NULL,	NULL,	NULL),
(348,	30,	NULL,	'GB',	NULL,	NULL,	NULL,	NULL),
(349,	30,	NULL,	'HU',	NULL,	NULL,	NULL,	NULL),
(350,	30,	NULL,	'VE',	NULL,	NULL,	NULL,	NULL),
(351,	30,	NULL,	'VG',	NULL,	NULL,	NULL,	NULL),
(352,	30,	NULL,	'VI',	NULL,	NULL,	NULL,	NULL),
(353,	30,	NULL,	'UM',	NULL,	NULL,	NULL,	NULL),
(354,	30,	NULL,	'TL',	NULL,	NULL,	NULL,	NULL),
(355,	30,	NULL,	'VN',	NULL,	NULL,	NULL,	NULL),
(356,	30,	NULL,	'GA',	NULL,	NULL,	NULL,	NULL),
(357,	30,	NULL,	'HT',	NULL,	NULL,	NULL,	NULL),
(358,	30,	NULL,	'GY',	NULL,	NULL,	NULL,	NULL),
(359,	30,	NULL,	'GM',	NULL,	NULL,	NULL,	NULL),
(360,	30,	NULL,	'GH',	NULL,	NULL,	NULL,	NULL),
(361,	30,	NULL,	'GP',	NULL,	NULL,	NULL,	NULL),
(362,	30,	NULL,	'GT',	NULL,	NULL,	NULL,	NULL),
(363,	30,	NULL,	'GN',	NULL,	NULL,	NULL,	NULL),
(364,	30,	NULL,	'GW',	NULL,	NULL,	NULL,	NULL),
(365,	30,	NULL,	'DE',	NULL,	NULL,	NULL,	NULL),
(366,	30,	NULL,	'GG',	NULL,	NULL,	NULL,	NULL),
(367,	30,	NULL,	'GI',	NULL,	NULL,	NULL,	NULL),
(368,	30,	NULL,	'HN',	NULL,	NULL,	NULL,	NULL),
(369,	30,	NULL,	'HK',	NULL,	NULL,	NULL,	NULL),
(370,	30,	NULL,	'GD',	NULL,	NULL,	NULL,	NULL),
(371,	30,	NULL,	'GL',	NULL,	NULL,	NULL,	NULL),
(372,	30,	NULL,	'GR',	NULL,	NULL,	NULL,	NULL),
(373,	30,	NULL,	'GE',	NULL,	NULL,	NULL,	NULL),
(374,	30,	NULL,	'GU',	NULL,	NULL,	NULL,	NULL),
(375,	30,	NULL,	'DK',	NULL,	NULL,	NULL,	NULL),
(376,	30,	NULL,	'JE',	NULL,	NULL,	NULL,	NULL),
(377,	30,	NULL,	'DJ',	NULL,	NULL,	NULL,	NULL),
(378,	30,	NULL,	'DG',	NULL,	NULL,	NULL,	NULL),
(379,	30,	NULL,	'DM',	NULL,	NULL,	NULL,	NULL),
(380,	30,	NULL,	'DO',	NULL,	NULL,	NULL,	NULL),
(381,	30,	NULL,	'EG',	NULL,	NULL,	NULL,	NULL),
(382,	30,	NULL,	'ZM',	NULL,	NULL,	NULL,	NULL),
(383,	30,	NULL,	'EH',	NULL,	NULL,	NULL,	NULL),
(384,	30,	NULL,	'ZW',	NULL,	NULL,	NULL,	NULL),
(385,	30,	NULL,	'IL',	NULL,	NULL,	NULL,	NULL),
(386,	30,	NULL,	'IN',	NULL,	NULL,	NULL,	NULL),
(387,	30,	NULL,	'ID',	NULL,	NULL,	NULL,	NULL),
(388,	30,	NULL,	'JO',	NULL,	NULL,	NULL,	NULL),
(389,	30,	NULL,	'IQ',	NULL,	NULL,	NULL,	NULL),
(390,	30,	NULL,	'IR',	NULL,	NULL,	NULL,	NULL),
(391,	30,	NULL,	'IE',	NULL,	NULL,	NULL,	NULL),
(392,	30,	NULL,	'IS',	NULL,	NULL,	NULL,	NULL),
(393,	30,	NULL,	'ES',	NULL,	NULL,	NULL,	NULL),
(394,	30,	NULL,	'IT',	NULL,	NULL,	NULL,	NULL),
(395,	30,	NULL,	'YE',	NULL,	NULL,	NULL,	NULL),
(396,	30,	NULL,	'CV',	NULL,	NULL,	NULL,	NULL),
(397,	30,	NULL,	'KZ',	NULL,	NULL,	NULL,	NULL),
(398,	30,	NULL,	'KY',	NULL,	NULL,	NULL,	NULL),
(399,	30,	NULL,	'KH',	NULL,	NULL,	NULL,	NULL),
(400,	30,	NULL,	'CM',	NULL,	NULL,	NULL,	NULL),
(401,	30,	NULL,	'CA',	NULL,	NULL,	NULL,	NULL),
(402,	30,	NULL,	'IC',	NULL,	NULL,	NULL,	NULL),
(403,	30,	NULL,	'QA',	NULL,	NULL,	NULL,	NULL),
(404,	30,	NULL,	'KE',	NULL,	NULL,	NULL,	NULL),
(405,	30,	NULL,	'CY',	NULL,	NULL,	NULL,	NULL),
(406,	30,	NULL,	'KG',	NULL,	NULL,	NULL,	NULL),
(407,	30,	NULL,	'KI',	NULL,	NULL,	NULL,	NULL),
(408,	30,	NULL,	'CN',	NULL,	NULL,	NULL,	NULL),
(409,	30,	NULL,	'KP',	NULL,	NULL,	NULL,	NULL),
(410,	30,	NULL,	'CC',	NULL,	NULL,	NULL,	NULL),
(411,	30,	NULL,	'CO',	NULL,	NULL,	NULL,	NULL),
(412,	30,	NULL,	'KM',	NULL,	NULL,	NULL,	NULL),
(413,	30,	NULL,	'CG',	NULL,	NULL,	NULL,	NULL),
(414,	30,	NULL,	'CD',	NULL,	NULL,	NULL,	NULL),
(415,	30,	NULL,	'XK',	NULL,	NULL,	NULL,	NULL),
(416,	30,	NULL,	'CR',	NULL,	NULL,	NULL,	NULL),
(417,	30,	NULL,	'CI',	NULL,	NULL,	NULL,	NULL),
(418,	30,	NULL,	'CU',	NULL,	NULL,	NULL,	NULL),
(419,	30,	NULL,	'KW',	NULL,	NULL,	NULL,	NULL),
(420,	30,	NULL,	'CW',	NULL,	NULL,	NULL,	NULL),
(421,	30,	NULL,	'LA',	NULL,	NULL,	NULL,	NULL),
(422,	30,	NULL,	'LV',	NULL,	NULL,	NULL,	NULL),
(423,	30,	NULL,	'LS',	NULL,	NULL,	NULL,	NULL),
(424,	30,	NULL,	'LR',	NULL,	NULL,	NULL,	NULL),
(425,	30,	NULL,	'LB',	NULL,	NULL,	NULL,	NULL),
(426,	30,	NULL,	'LY',	NULL,	NULL,	NULL,	NULL),
(427,	30,	NULL,	'LT',	NULL,	NULL,	NULL,	NULL),
(428,	30,	NULL,	'LI',	NULL,	NULL,	NULL,	NULL),
(429,	30,	NULL,	'LU',	NULL,	NULL,	NULL,	NULL),
(430,	30,	NULL,	'MU',	NULL,	NULL,	NULL,	NULL),
(431,	30,	NULL,	'MR',	NULL,	NULL,	NULL,	NULL),
(432,	30,	NULL,	'MG',	NULL,	NULL,	NULL,	NULL),
(433,	30,	NULL,	'YT',	NULL,	NULL,	NULL,	NULL),
(434,	30,	NULL,	'MO',	NULL,	NULL,	NULL,	NULL),
(435,	30,	NULL,	'MK',	NULL,	NULL,	NULL,	NULL),
(436,	30,	NULL,	'MW',	NULL,	NULL,	NULL,	NULL),
(437,	30,	NULL,	'MY',	NULL,	NULL,	NULL,	NULL),
(438,	30,	NULL,	'ML',	NULL,	NULL,	NULL,	NULL),
(439,	30,	NULL,	'MV',	NULL,	NULL,	NULL,	NULL),
(440,	30,	NULL,	'MT',	NULL,	NULL,	NULL,	NULL),
(441,	30,	NULL,	'MA',	NULL,	NULL,	NULL,	NULL),
(442,	30,	NULL,	'MQ',	NULL,	NULL,	NULL,	NULL),
(443,	30,	NULL,	'MH',	NULL,	NULL,	NULL,	NULL),
(444,	30,	NULL,	'MX',	NULL,	NULL,	NULL,	NULL),
(445,	30,	NULL,	'MZ',	NULL,	NULL,	NULL,	NULL),
(446,	30,	NULL,	'MD',	NULL,	NULL,	NULL,	NULL),
(447,	30,	NULL,	'MC',	NULL,	NULL,	NULL,	NULL),
(448,	30,	NULL,	'MN',	NULL,	NULL,	NULL,	NULL),
(449,	30,	NULL,	'MS',	NULL,	NULL,	NULL,	NULL),
(450,	30,	NULL,	'MM',	NULL,	NULL,	NULL,	NULL),
(451,	30,	NULL,	'NA',	NULL,	NULL,	NULL,	NULL),
(452,	30,	NULL,	'NR',	NULL,	NULL,	NULL,	NULL),
(453,	30,	NULL,	'NP',	NULL,	NULL,	NULL,	NULL),
(454,	30,	NULL,	'NE',	NULL,	NULL,	NULL,	NULL),
(455,	30,	NULL,	'NG',	NULL,	NULL,	NULL,	NULL),
(456,	30,	NULL,	'NL',	NULL,	NULL,	NULL,	NULL),
(457,	30,	NULL,	'NI',	NULL,	NULL,	NULL,	NULL),
(458,	30,	NULL,	'NU',	NULL,	NULL,	NULL,	NULL),
(459,	30,	NULL,	'NZ',	NULL,	NULL,	NULL,	NULL),
(460,	30,	NULL,	'NC',	NULL,	NULL,	NULL,	NULL),
(461,	30,	NULL,	'NO',	NULL,	NULL,	NULL,	NULL),
(462,	30,	NULL,	'AC',	NULL,	NULL,	NULL,	NULL),
(463,	30,	NULL,	'IM',	NULL,	NULL,	NULL,	NULL),
(464,	30,	NULL,	'NF',	NULL,	NULL,	NULL,	NULL),
(465,	30,	NULL,	'CX',	NULL,	NULL,	NULL,	NULL),
(466,	30,	NULL,	'SH',	NULL,	NULL,	NULL,	NULL),
(467,	30,	NULL,	'CK',	NULL,	NULL,	NULL,	NULL),
(468,	30,	NULL,	'TC',	NULL,	NULL,	NULL,	NULL),
(469,	30,	NULL,	'AE',	NULL,	NULL,	NULL,	NULL),
(470,	30,	NULL,	'OM',	NULL,	NULL,	NULL,	NULL),
(471,	30,	NULL,	'PK',	NULL,	NULL,	NULL,	NULL),
(472,	30,	NULL,	'PW',	NULL,	NULL,	NULL,	NULL),
(473,	30,	NULL,	'PS',	NULL,	NULL,	NULL,	NULL),
(474,	30,	NULL,	'PA',	NULL,	NULL,	NULL,	NULL),
(475,	30,	NULL,	'PG',	NULL,	NULL,	NULL,	NULL),
(476,	30,	NULL,	'PY',	NULL,	NULL,	NULL,	NULL),
(477,	30,	NULL,	'PE',	NULL,	NULL,	NULL,	NULL),
(478,	30,	NULL,	'PN',	NULL,	NULL,	NULL,	NULL),
(479,	30,	NULL,	'PL',	NULL,	NULL,	NULL,	NULL),
(480,	30,	NULL,	'PT',	NULL,	NULL,	NULL,	NULL),
(481,	30,	NULL,	'PR',	NULL,	NULL,	NULL,	NULL),
(482,	30,	NULL,	'KR',	NULL,	NULL,	NULL,	NULL),
(483,	30,	NULL,	'RE',	NULL,	NULL,	NULL,	NULL),
(484,	30,	NULL,	'RW',	NULL,	NULL,	NULL,	NULL),
(485,	30,	NULL,	'RO',	NULL,	NULL,	NULL,	NULL),
(486,	30,	NULL,	'SV',	NULL,	NULL,	NULL,	NULL),
(487,	30,	NULL,	'WS',	NULL,	NULL,	NULL,	NULL),
(488,	30,	NULL,	'SM',	NULL,	NULL,	NULL,	NULL),
(489,	30,	NULL,	'ST',	NULL,	NULL,	NULL,	NULL),
(490,	30,	NULL,	'SA',	NULL,	NULL,	NULL,	NULL),
(491,	30,	NULL,	'SZ',	NULL,	NULL,	NULL,	NULL),
(492,	30,	NULL,	'MP',	NULL,	NULL,	NULL,	NULL),
(493,	30,	NULL,	'SC',	NULL,	NULL,	NULL,	NULL),
(494,	30,	NULL,	'BL',	NULL,	NULL,	NULL,	NULL),
(495,	30,	NULL,	'MF',	NULL,	NULL,	NULL,	NULL),
(496,	30,	NULL,	'PM',	NULL,	NULL,	NULL,	NULL),
(497,	30,	NULL,	'SN',	NULL,	NULL,	NULL,	NULL),
(498,	30,	NULL,	'VC',	NULL,	NULL,	NULL,	NULL),
(499,	30,	NULL,	'KN',	NULL,	NULL,	NULL,	NULL),
(500,	30,	NULL,	'LC',	NULL,	NULL,	NULL,	NULL),
(501,	30,	NULL,	'RS',	NULL,	NULL,	NULL,	NULL),
(502,	30,	NULL,	'EA',	NULL,	NULL,	NULL,	NULL),
(503,	30,	NULL,	'SG',	NULL,	NULL,	NULL,	NULL),
(504,	30,	NULL,	'SX',	NULL,	NULL,	NULL,	NULL),
(505,	30,	NULL,	'SY',	NULL,	NULL,	NULL,	NULL),
(506,	30,	NULL,	'SK',	NULL,	NULL,	NULL,	NULL),
(507,	30,	NULL,	'SI',	NULL,	NULL,	NULL,	NULL),
(508,	30,	NULL,	'SB',	NULL,	NULL,	NULL,	NULL),
(509,	30,	NULL,	'SO',	NULL,	NULL,	NULL,	NULL),
(510,	30,	NULL,	'SD',	NULL,	NULL,	NULL,	NULL),
(511,	30,	NULL,	'SR',	NULL,	NULL,	NULL,	NULL),
(512,	30,	NULL,	'SL',	NULL,	NULL,	NULL,	NULL),
(513,	30,	NULL,	'TJ',	NULL,	NULL,	NULL,	NULL),
(514,	30,	NULL,	'TH',	NULL,	NULL,	NULL,	NULL),
(515,	30,	NULL,	'TW',	NULL,	NULL,	NULL,	NULL),
(516,	30,	NULL,	'TZ',	NULL,	NULL,	NULL,	NULL),
(517,	30,	NULL,	'TG',	NULL,	NULL,	NULL,	NULL),
(518,	30,	NULL,	'TK',	NULL,	NULL,	NULL,	NULL),
(519,	30,	NULL,	'TO',	NULL,	NULL,	NULL,	NULL),
(520,	30,	NULL,	'TT',	NULL,	NULL,	NULL,	NULL),
(521,	30,	NULL,	'TA',	NULL,	NULL,	NULL,	NULL),
(522,	30,	NULL,	'TV',	NULL,	NULL,	NULL,	NULL),
(523,	30,	NULL,	'TN',	NULL,	NULL,	NULL,	NULL),
(524,	30,	NULL,	'TM',	NULL,	NULL,	NULL,	NULL),
(525,	30,	NULL,	'TR',	NULL,	NULL,	NULL,	NULL),
(526,	30,	NULL,	'UG',	NULL,	NULL,	NULL,	NULL),
(527,	30,	NULL,	'UZ',	NULL,	NULL,	NULL,	NULL),
(528,	30,	NULL,	'UA',	NULL,	NULL,	NULL,	NULL),
(529,	30,	NULL,	'WF',	NULL,	NULL,	NULL,	NULL),
(530,	30,	NULL,	'UY',	NULL,	NULL,	NULL,	NULL),
(531,	30,	NULL,	'FO',	NULL,	NULL,	NULL,	NULL),
(532,	30,	NULL,	'FM',	NULL,	NULL,	NULL,	NULL),
(533,	30,	NULL,	'FJ',	NULL,	NULL,	NULL,	NULL),
(534,	30,	NULL,	'PH',	NULL,	NULL,	NULL,	NULL),
(535,	30,	NULL,	'FI',	NULL,	NULL,	NULL,	NULL),
(536,	30,	NULL,	'FK',	NULL,	NULL,	NULL,	NULL),
(537,	30,	NULL,	'FR',	NULL,	NULL,	NULL,	NULL),
(538,	30,	NULL,	'GF',	NULL,	NULL,	NULL,	NULL),
(539,	30,	NULL,	'PF',	NULL,	NULL,	NULL,	NULL),
(540,	30,	NULL,	'TF',	NULL,	NULL,	NULL,	NULL),
(541,	30,	NULL,	'HR',	NULL,	NULL,	NULL,	NULL),
(542,	30,	NULL,	'CF',	NULL,	NULL,	NULL,	NULL),
(543,	30,	NULL,	'TD',	NULL,	NULL,	NULL,	NULL),
(544,	30,	NULL,	'ME',	NULL,	NULL,	NULL,	NULL),
(545,	30,	NULL,	'CZ',	NULL,	NULL,	NULL,	NULL),
(546,	30,	NULL,	'CL',	NULL,	NULL,	NULL,	NULL),
(547,	30,	NULL,	'CH',	NULL,	NULL,	NULL,	NULL),
(548,	30,	NULL,	'SE',	NULL,	NULL,	NULL,	NULL),
(549,	30,	NULL,	'SJ',	NULL,	NULL,	NULL,	NULL),
(550,	30,	NULL,	'LK',	NULL,	NULL,	NULL,	NULL),
(551,	30,	NULL,	'EC',	NULL,	NULL,	NULL,	NULL),
(552,	30,	NULL,	'GQ',	NULL,	NULL,	NULL,	NULL),
(553,	30,	NULL,	'ER',	NULL,	NULL,	NULL,	NULL),
(554,	30,	NULL,	'EE',	NULL,	NULL,	NULL,	NULL),
(555,	30,	NULL,	'ET',	NULL,	NULL,	NULL,	NULL),
(556,	30,	NULL,	'ZA',	NULL,	NULL,	NULL,	NULL),
(557,	30,	NULL,	'GS',	NULL,	NULL,	NULL,	NULL),
(558,	30,	NULL,	'SS',	NULL,	NULL,	NULL,	NULL),
(559,	30,	NULL,	'JM',	NULL,	NULL,	NULL,	NULL),
(560,	30,	NULL,	'JP',	NULL,	NULL,	NULL,	NULL),
(561,	112,	NULL,	'YandexKassa',	NULL,	NULL,	NULL,	NULL),
(561,	114,	NULL,	'emarket-payment-yandex-kassa',	NULL,	NULL,	NULL,	NULL),
(562,	87,	NULL,	'custom',	NULL,	NULL,	NULL,	NULL),
(563,	87,	NULL,	'TradeOffer',	NULL,	NULL,	NULL,	NULL),
(564,	1,	NULL,	'page_status_publish',	NULL,	NULL,	NULL,	NULL),
(565,	51,	1,	NULL,	NULL,	NULL,	NULL,	NULL),
(565,	52,	NULL,	'none',	NULL,	NULL,	NULL,	NULL),
(565,	53,	NULL,	'none',	NULL,	NULL,	NULL,	NULL),
(565,	54,	1105,	NULL,	NULL,	NULL,	NULL,	NULL),
(565,	55,	0,	NULL,	NULL,	NULL,	NULL,	NULL),
(565,	56,	NULL,	'none',	NULL,	NULL,	NULL,	NULL),
(566,	31,	3000,	NULL,	NULL,	NULL,	NULL,	NULL),
(567,	57,	NULL,	'commodity',	NULL,	NULL,	NULL,	NULL),
(567,	53,	NULL,	'commodity',	NULL,	NULL,	NULL,	NULL),
(567,	58,	NULL,	'commodity',	NULL,	NULL,	NULL,	NULL),
(567,	59,	1,	NULL,	NULL,	NULL,	NULL,	NULL),
(567,	55,	1,	NULL,	NULL,	NULL,	NULL,	NULL),
(568,	57,	NULL,	'full_prepayment',	NULL,	NULL,	NULL,	NULL),
(568,	53,	NULL,	'full_prepayment',	NULL,	NULL,	NULL,	NULL),
(568,	58,	NULL,	'full_prepayment',	NULL,	NULL,	NULL,	NULL),
(568,	59,	1,	NULL,	NULL,	NULL,	NULL,	NULL),
(568,	55,	1,	NULL,	NULL,	NULL,	NULL,	NULL),
(569,	1,	NULL,	'page_status_unpublish',	NULL,	NULL,	NULL,	NULL),
(570,	31,	3010,	NULL,	NULL,	NULL,	NULL,	NULL),
(571,	51,	2,	NULL,	NULL,	NULL,	NULL,	NULL),
(571,	52,	NULL,	'vat0',	NULL,	NULL,	NULL,	NULL),
(571,	53,	NULL,	'vat0',	NULL,	NULL,	NULL,	NULL),
(571,	54,	1104,	NULL,	NULL,	NULL,	NULL,	NULL),
(571,	55,	1,	NULL,	NULL,	NULL,	NULL,	NULL),
(571,	56,	NULL,	'0',	NULL,	NULL,	NULL,	NULL),
(572,	57,	NULL,	'excise',	NULL,	NULL,	NULL,	NULL),
(572,	53,	NULL,	'excise',	NULL,	NULL,	NULL,	NULL),
(572,	58,	NULL,	'excise',	NULL,	NULL,	NULL,	NULL),
(572,	59,	2,	NULL,	NULL,	NULL,	NULL,	NULL),
(572,	55,	2,	NULL,	NULL,	NULL,	NULL,	NULL),
(573,	57,	NULL,	'partial_prepayment',	NULL,	NULL,	NULL,	NULL),
(573,	53,	NULL,	'prepayment',	NULL,	NULL,	NULL,	NULL),
(573,	58,	NULL,	'prepayment',	NULL,	NULL,	NULL,	NULL),
(573,	59,	2,	NULL,	NULL,	NULL,	NULL,	NULL),
(573,	55,	2,	NULL,	NULL,	NULL,	NULL,	NULL),
(574,	1,	NULL,	'page_status_preunpublish',	NULL,	NULL,	NULL,	NULL),
(575,	31,	3020,	NULL,	NULL,	NULL,	NULL,	NULL),
(576,	51,	3,	NULL,	NULL,	NULL,	NULL,	NULL),
(576,	52,	NULL,	'vat10',	NULL,	NULL,	NULL,	NULL),
(576,	53,	NULL,	'vat10',	NULL,	NULL,	NULL,	NULL),
(576,	54,	1103,	NULL,	NULL,	NULL,	NULL,	NULL),
(576,	55,	2,	NULL,	NULL,	NULL,	NULL,	NULL),
(576,	56,	NULL,	'10',	NULL,	NULL,	NULL,	NULL),
(577,	57,	NULL,	'job',	NULL,	NULL,	NULL,	NULL),
(577,	53,	NULL,	'job',	NULL,	NULL,	NULL,	NULL),
(577,	58,	NULL,	'job',	NULL,	NULL,	NULL,	NULL),
(577,	59,	3,	NULL,	NULL,	NULL,	NULL,	NULL),
(577,	55,	3,	NULL,	NULL,	NULL,	NULL,	NULL),
(578,	57,	NULL,	'advance',	NULL,	NULL,	NULL,	NULL),
(578,	53,	NULL,	'advance',	NULL,	NULL,	NULL,	NULL),
(578,	58,	NULL,	'advance',	NULL,	NULL,	NULL,	NULL),
(578,	59,	3,	NULL,	NULL,	NULL,	NULL,	NULL),
(578,	55,	3,	NULL,	NULL,	NULL,	NULL,	NULL),
(579,	31,	16010,	NULL,	NULL,	NULL,	NULL,	NULL),
(580,	51,	4,	NULL,	NULL,	NULL,	NULL,	NULL),
(580,	52,	NULL,	'vat20',	NULL,	NULL,	NULL,	NULL),
(580,	53,	NULL,	'vat20',	NULL,	NULL,	NULL,	NULL),
(580,	54,	1102,	NULL,	NULL,	NULL,	NULL,	NULL),
(580,	55,	6,	NULL,	NULL,	NULL,	NULL,	NULL),
(580,	56,	NULL,	'20',	NULL,	NULL,	NULL,	NULL),
(581,	57,	NULL,	'service',	NULL,	NULL,	NULL,	NULL),
(581,	53,	NULL,	'service',	NULL,	NULL,	NULL,	NULL),
(581,	58,	NULL,	'service',	NULL,	NULL,	NULL,	NULL),
(581,	59,	4,	NULL,	NULL,	NULL,	NULL,	NULL),
(581,	55,	4,	NULL,	NULL,	NULL,	NULL,	NULL),
(582,	57,	NULL,	'full_payment',	NULL,	NULL,	NULL,	NULL),
(582,	53,	NULL,	'full_payment',	NULL,	NULL,	NULL,	NULL),
(582,	58,	NULL,	'full_payment',	NULL,	NULL,	NULL,	NULL),
(582,	59,	4,	NULL,	NULL,	NULL,	NULL,	NULL),
(582,	55,	4,	NULL,	NULL,	NULL,	NULL,	NULL),
(583,	31,	16020,	NULL,	NULL,	NULL,	NULL,	NULL),
(584,	51,	5,	NULL,	NULL,	NULL,	NULL,	NULL),
(584,	52,	NULL,	'vat110',	NULL,	NULL,	NULL,	NULL),
(584,	53,	NULL,	'vat110',	NULL,	NULL,	NULL,	NULL),
(584,	54,	1107,	NULL,	NULL,	NULL,	NULL,	NULL),
(584,	55,	4,	NULL,	NULL,	NULL,	NULL,	NULL),
(584,	56,	NULL,	'10/110',	NULL,	NULL,	NULL,	NULL),
(585,	57,	NULL,	'gambling_bet',	NULL,	NULL,	NULL,	NULL),
(585,	53,	NULL,	'gambling_bet',	NULL,	NULL,	NULL,	NULL),
(585,	58,	NULL,	'gambling_bet',	NULL,	NULL,	NULL,	NULL),
(585,	59,	5,	NULL,	NULL,	NULL,	NULL,	NULL),
(585,	55,	5,	NULL,	NULL,	NULL,	NULL,	NULL),
(586,	57,	NULL,	'partial_payment',	NULL,	NULL,	NULL,	NULL),
(586,	53,	NULL,	'partial_payment',	NULL,	NULL,	NULL,	NULL),
(586,	58,	NULL,	'partial_payment',	NULL,	NULL,	NULL,	NULL),
(586,	59,	5,	NULL,	NULL,	NULL,	NULL,	NULL),
(586,	55,	5,	NULL,	NULL,	NULL,	NULL,	NULL),
(587,	51,	6,	NULL,	NULL,	NULL,	NULL,	NULL),
(587,	52,	NULL,	'vat120',	NULL,	NULL,	NULL,	NULL),
(587,	53,	NULL,	'vat120',	NULL,	NULL,	NULL,	NULL),
(587,	54,	1106,	NULL,	NULL,	NULL,	NULL,	NULL),
(587,	55,	7,	NULL,	NULL,	NULL,	NULL,	NULL),
(587,	56,	NULL,	'20/120',	NULL,	NULL,	NULL,	NULL),
(588,	31,	27030,	NULL,	NULL,	NULL,	NULL,	NULL),
(589,	57,	NULL,	'gambling_prize',	NULL,	NULL,	NULL,	NULL),
(589,	53,	NULL,	'gambling_prize',	NULL,	NULL,	NULL,	NULL),
(589,	58,	NULL,	'gambling_prize',	NULL,	NULL,	NULL,	NULL),
(589,	59,	6,	NULL,	NULL,	NULL,	NULL,	NULL),
(589,	55,	6,	NULL,	NULL,	NULL,	NULL,	NULL),
(590,	57,	NULL,	'credit',	NULL,	NULL,	NULL,	NULL),
(590,	53,	NULL,	'credit',	NULL,	NULL,	NULL,	NULL),
(590,	58,	NULL,	'credit',	NULL,	NULL,	NULL,	NULL),
(590,	59,	6,	NULL,	NULL,	NULL,	NULL,	NULL),
(590,	55,	6,	NULL,	NULL,	NULL,	NULL,	NULL),
(591,	31,	27020,	NULL,	NULL,	NULL,	NULL,	NULL),
(592,	57,	NULL,	'lottery',	NULL,	NULL,	NULL,	NULL),
(592,	53,	NULL,	'lottery',	NULL,	NULL,	NULL,	NULL),
(592,	58,	NULL,	'lottery',	NULL,	NULL,	NULL,	NULL),
(592,	59,	7,	NULL,	NULL,	NULL,	NULL,	NULL),
(592,	55,	7,	NULL,	NULL,	NULL,	NULL,	NULL),
(593,	57,	NULL,	'credit_payment',	NULL,	NULL,	NULL,	NULL),
(593,	53,	NULL,	'credit_payment',	NULL,	NULL,	NULL,	NULL),
(593,	58,	NULL,	'credit_payment',	NULL,	NULL,	NULL,	NULL),
(593,	59,	7,	NULL,	NULL,	NULL,	NULL,	NULL),
(593,	55,	7,	NULL,	NULL,	NULL,	NULL,	NULL),
(594,	31,	47030,	NULL,	NULL,	NULL,	NULL,	NULL),
(595,	57,	NULL,	'lottery_prize',	NULL,	NULL,	NULL,	NULL),
(595,	53,	NULL,	'lottery_prize',	NULL,	NULL,	NULL,	NULL),
(595,	58,	NULL,	'lottery_prize',	NULL,	NULL,	NULL,	NULL),
(595,	59,	8,	NULL,	NULL,	NULL,	NULL,	NULL),
(595,	55,	8,	NULL,	NULL,	NULL,	NULL,	NULL),
(596,	31,	47020,	NULL,	NULL,	NULL,	NULL,	NULL),
(597,	57,	NULL,	'intellectual_activity',	NULL,	NULL,	NULL,	NULL),
(597,	53,	NULL,	'intellectual_activity',	NULL,	NULL,	NULL,	NULL),
(597,	58,	NULL,	'intellectual_activity',	NULL,	NULL,	NULL,	NULL),
(597,	59,	9,	NULL,	NULL,	NULL,	NULL,	NULL),
(597,	55,	9,	NULL,	NULL,	NULL,	NULL,	NULL),
(598,	31,	7030,	NULL,	NULL,	NULL,	NULL,	NULL),
(599,	57,	NULL,	'payment',	NULL,	NULL,	NULL,	NULL),
(599,	53,	NULL,	'payment',	NULL,	NULL,	NULL,	NULL),
(599,	58,	NULL,	'payment',	NULL,	NULL,	NULL,	NULL),
(599,	59,	10,	NULL,	NULL,	NULL,	NULL,	NULL),
(599,	55,	10,	NULL,	NULL,	NULL,	NULL,	NULL),
(600,	31,	7020,	NULL,	NULL,	NULL,	NULL,	NULL),
(601,	57,	NULL,	'agent_commission',	NULL,	NULL,	NULL,	NULL),
(601,	53,	NULL,	'agent_commission',	NULL,	NULL,	NULL,	NULL),
(601,	58,	NULL,	'agent_commission',	NULL,	NULL,	NULL,	NULL),
(601,	59,	11,	NULL,	NULL,	NULL,	NULL,	NULL),
(601,	55,	11,	NULL,	NULL,	NULL,	NULL,	NULL),
(602,	57,	NULL,	'composite',	NULL,	NULL,	NULL,	NULL),
(602,	53,	NULL,	'composite',	NULL,	NULL,	NULL,	NULL),
(602,	58,	NULL,	'composite',	NULL,	NULL,	NULL,	NULL),
(602,	59,	12,	NULL,	NULL,	NULL,	NULL,	NULL),
(602,	55,	12,	NULL,	NULL,	NULL,	NULL,	NULL),
(603,	57,	NULL,	'another',	NULL,	NULL,	NULL,	NULL),
(603,	53,	NULL,	'another',	NULL,	NULL,	NULL,	NULL),
(603,	58,	NULL,	'another',	NULL,	NULL,	NULL,	NULL),
(603,	59,	13,	NULL,	NULL,	NULL,	NULL,	NULL),
(603,	55,	13,	NULL,	NULL,	NULL,	NULL,	NULL),
(604,	236,	NULL,	NULL,	NULL,	NULL,	NULL,	12),
(606,	71,	NULL,	'commerceML2',	NULL,	NULL,	NULL,	NULL),
(607,	71,	NULL,	'umiDump20',	NULL,	NULL,	NULL,	NULL),
(608,	71,	NULL,	'CSV',	NULL,	NULL,	NULL,	NULL),
(609,	71,	NULL,	'transfer',	NULL,	NULL,	NULL,	NULL),
(610,	72,	NULL,	'catalogCommerceML',	NULL,	NULL,	NULL,	NULL),
(611,	72,	NULL,	'offersCommerceML',	NULL,	NULL,	NULL,	NULL),
(612,	72,	NULL,	'ordersCommerceML',	NULL,	NULL,	NULL,	NULL),
(613,	72,	NULL,	'YML',	NULL,	NULL,	NULL,	NULL),
(614,	72,	NULL,	'umiDump20',	NULL,	NULL,	NULL,	NULL),
(615,	72,	NULL,	'CSV',	NULL,	NULL,	NULL,	NULL),
(616,	72,	NULL,	'transfer',	NULL,	NULL,	NULL,	NULL),
(617,	72,	NULL,	'commerceML',	NULL,	NULL,	NULL,	NULL),
(618,	203,	NULL,	'Гость',	NULL,	NULL,	NULL,	NULL),
(618,	204,	NULL,	'084e0343a0486ff05530df6c705c8bb4',	NULL,	NULL,	NULL,	NULL),
(618,	205,	NULL,	'anonymous@somedomain.com',	NULL,	NULL,	NULL,	NULL),
(618,	209,	1,	NULL,	NULL,	NULL,	NULL,	NULL),
(618,	210,	0,	NULL,	NULL,	NULL,	NULL,	NULL),
(618,	214,	0,	NULL,	NULL,	NULL,	NULL,	NULL),
(618,	230,	NULL,	'Посетитель',	NULL,	NULL,	NULL,	NULL),
(619,	79,	NULL,	'Зарегистрированные пользователи',	NULL,	NULL,	NULL,	NULL),
(620,	35,	NULL,	'RUR',	NULL,	NULL,	NULL,	NULL),
(620,	36,	1,	NULL,	NULL,	NULL,	NULL,	NULL),
(620,	37,	NULL,	NULL,	NULL,	NULL,	NULL,	1),
(620,	39,	NULL,	'руб',	NULL,	NULL,	NULL,	NULL),
(621,	35,	NULL,	'USD',	NULL,	NULL,	NULL,	NULL),
(621,	36,	1,	NULL,	NULL,	NULL,	NULL,	NULL),
(621,	37,	NULL,	NULL,	NULL,	NULL,	NULL,	31.5),
(621,	38,	NULL,	'$',	NULL,	NULL,	NULL,	NULL),
(622,	35,	NULL,	'EUR',	NULL,	NULL,	NULL,	NULL),
(622,	36,	1,	NULL,	NULL,	NULL,	NULL,	NULL),
(622,	37,	NULL,	NULL,	NULL,	NULL,	NULL,	35),
(622,	38,	NULL,	'€',	NULL,	NULL,	NULL,	NULL),
(182,	206,	NULL,	NULL,	NULL,	181,	NULL,	NULL),
(184,	63,	NULL,	NULL,	NULL,	180,	NULL,	NULL),
(184,	63,	NULL,	NULL,	NULL,	183,	NULL,	NULL),
(184,	63,	NULL,	NULL,	NULL,	179,	NULL,	NULL),
(186,	68,	NULL,	NULL,	NULL,	179,	NULL,	NULL),
(206,	68,	NULL,	NULL,	NULL,	180,	NULL,	NULL),
(206,	68,	NULL,	NULL,	NULL,	183,	NULL,	NULL),
(206,	68,	NULL,	NULL,	NULL,	179,	NULL,	NULL),
(207,	68,	NULL,	NULL,	NULL,	180,	NULL,	NULL),
(207,	68,	NULL,	NULL,	NULL,	183,	NULL,	NULL),
(208,	68,	NULL,	NULL,	NULL,	180,	NULL,	NULL),
(208,	68,	NULL,	NULL,	NULL,	183,	NULL,	NULL),
(208,	68,	NULL,	NULL,	NULL,	179,	NULL,	NULL),
(209,	68,	NULL,	NULL,	NULL,	180,	NULL,	NULL),
(209,	68,	NULL,	NULL,	NULL,	183,	NULL,	NULL),
(209,	68,	NULL,	NULL,	NULL,	179,	NULL,	NULL),
(210,	68,	NULL,	NULL,	NULL,	180,	NULL,	NULL),
(210,	68,	NULL,	NULL,	NULL,	183,	NULL,	NULL),
(210,	68,	NULL,	NULL,	NULL,	179,	NULL,	NULL),
(211,	68,	NULL,	NULL,	NULL,	179,	NULL,	NULL),
(604,	65,	NULL,	NULL,	NULL,	184,	NULL,	NULL),
(605,	70,	NULL,	NULL,	NULL,	210,	NULL,	NULL),
(623,	81,	198262,	NULL,	NULL,	NULL,	NULL,	NULL),
(623,	82,	NULL,	'Ленинградская область',	NULL,	NULL,	NULL,	NULL),
(623,	83,	NULL,	'Санкт-Петербург',	NULL,	NULL,	NULL,	NULL),
(623,	84,	NULL,	'ул. Большая Пушкарская',	NULL,	NULL,	NULL,	NULL),
(623,	85,	NULL,	'2',	NULL,	NULL,	NULL,	NULL),
(623,	86,	NULL,	'44',	NULL,	NULL,	NULL,	NULL),
(628,	2,	NULL,	'Ericssont 450',	NULL,	NULL,	NULL,	NULL),
(628,	3,	NULL,	'Ericssont 450',	NULL,	NULL,	NULL,	NULL),
(628,	336,	NULL,	NULL,	NULL,	NULL,	NULL,	236),
(628,	340,	1,	NULL,	NULL,	NULL,	NULL,	NULL),
(628,	341,	7,	NULL,	NULL,	NULL,	NULL,	NULL),
(628,	15,	1,	NULL,	NULL,	NULL,	NULL,	NULL),
(628,	16,	3,	NULL,	NULL,	NULL,	NULL,	NULL),
(628,	493,	1,	NULL,	NULL,	NULL,	NULL,	NULL),
(628,	512,	31,	NULL,	NULL,	NULL,	NULL,	NULL),
(618,	207,	NULL,	'4058e818884b6d627074fd6e85603021',	NULL,	NULL,	NULL,	NULL),
(629,	3,	NULL,	'Смартфоны',	NULL,	NULL,	NULL,	NULL),
(630,	93,	1,	NULL,	NULL,	NULL,	NULL,	NULL),
(630,	94,	NULL,	NULL,	NULL,	NULL,	NULL,	236),
(630,	95,	NULL,	NULL,	NULL,	NULL,	NULL,	236),
(630,	97,	NULL,	NULL,	NULL,	NULL,	NULL,	236),
(631,	93,	1,	NULL,	NULL,	NULL,	NULL,	NULL),
(631,	94,	NULL,	NULL,	NULL,	NULL,	NULL,	236),
(631,	95,	NULL,	NULL,	NULL,	NULL,	NULL,	236),
(631,	97,	NULL,	NULL,	NULL,	NULL,	NULL,	236),
(191,	113,	100,	NULL,	NULL,	NULL,	NULL,	NULL),
(190,	133,	97,	NULL,	NULL,	NULL,	NULL,	NULL),
(633,	135,	NULL,	NULL,	'Тестовое описание курьерской доставки',	NULL,	NULL,	NULL),
(633,	361,	NULL,	NULL,	NULL,	NULL,	NULL,	1000),
(633,	137,	NULL,	NULL,	NULL,	NULL,	NULL,	200),
(634,	145,	8,	NULL,	NULL,	NULL,	NULL,	NULL),
(634,	152,	NULL,	NULL,	NULL,	NULL,	NULL,	472),
(634,	153,	NULL,	NULL,	NULL,	NULL,	NULL,	672),
(634,	154,	2,	NULL,	NULL,	NULL,	NULL,	NULL),
(634,	155,	1453201342,	NULL,	NULL,	NULL,	NULL,	NULL),
(634,	156,	1453201343,	NULL,	NULL,	NULL,	NULL,	NULL),
(634,	158,	1,	NULL,	NULL,	NULL,	NULL,	NULL),
(634,	168,	NULL,	NULL,	'/',	NULL,	NULL,	NULL),
(634,	174,	1429544059,	NULL,	NULL,	NULL,	NULL,	NULL),
(634,	179,	NULL,	'101954',	NULL,	NULL,	NULL,	NULL),
(634,	191,	NULL,	NULL,	NULL,	NULL,	NULL,	200),
(634,	201,	1,	NULL,	NULL,	NULL,	NULL,	NULL),
(182,	207,	NULL,	'098e4633f39979d3001ea609c2865be7',	NULL,	NULL,	NULL,	NULL),
(182,	210,	1437742854,	NULL,	NULL,	NULL,	NULL,	NULL),
(182,	219,	NULL,	NULL,	'a:12:{s:15:\"tree-data-types\";a:1:{s:8:\"expanded\";s:3:\"{0}\";}s:16:\"tree-seo-islands\";a:1:{s:8:\"expanded\";s:3:\"{0}\";}s:17:\"tree-catalog-tree\";a:1:{s:8:\"expanded\";s:13:\"{0}{2}{5}{14}\";}s:15:\"tree-news-lists\";a:1:{s:8:\"expanded\";s:7:\"{0}{29}\";}s:15:\"tree-vote-lists\";a:1:{s:8:\"expanded\";s:3:\"{0}\";}s:21:\"tree-photoalbum-lists\";a:1:{s:8:\"expanded\";s:8:\"{0}{122}\";}s:23:\"tree-content-sitetree-1\";a:1:{s:8:\"expanded\";s:3:\"{0}\";}s:19:\"tree-emarket-orders\";a:1:{s:8:\"expanded\";s:3:\"{0}\";}s:25:\"tree-users-users_list_all\";a:1:{s:8:\"expanded\";s:3:\"{0}\";}s:21:\"tree-emarket-delivery\";a:2:{s:8:\"expanded\";s:3:\"{0}\";s:12:\"used-columns\";s:40:\"name[400px]|question[250px]|price[100px]\";}s:21:\"tree-data-guide_items\";a:2:{s:8:\"expanded\";s:3:\"{0}\";s:12:\"used-columns\";s:111:\"name[250px]|nazvanie_sajta[100px]|is_iframe_enabled[100px]|social_id[100px]|template_id[327px]|domain_id[234px]\";}s:16:\"tree-data-guides\";a:1:{s:8:\"expanded\";s:3:\"{0}\";}}',	NULL,	NULL,	NULL),
(635,	3,	NULL,	'Лучшие предложения',	NULL,	NULL,	NULL,	NULL),
(635,	4,	NULL,	NULL,	'<p>Наверху расположены поля для редактирования метаинформации. Описание этих свойств можно почитать в разделе \"Редактирование страниц\".</p>\r\n<p>Если страница отмечена как Активная, то она будет выведена на сайте. Если эта отметка снята, то страница не будет показана посетителям.</p>\r\n<p>Далее расположены области для визуального редактирования текста страницы. Возможности редактирования описаны в руководстве.</p>',	NULL,	NULL,	NULL),
(635,	15,	26,	NULL,	NULL,	NULL,	NULL,	NULL),
(635,	16,	26,	NULL,	NULL,	NULL,	NULL,	NULL),
(636,	3,	NULL,	'Каталог товаров',	NULL,	NULL,	NULL,	NULL),
(636,	15,	26,	NULL,	NULL,	NULL,	NULL,	NULL),
(636,	16,	26,	NULL,	NULL,	NULL,	NULL,	NULL),
(636,	332,	1,	NULL,	NULL,	NULL,	NULL,	NULL),
(636,	333,	9999,	NULL,	NULL,	NULL,	NULL,	NULL),
(637,	3,	NULL,	'Новости',	NULL,	NULL,	NULL,	NULL),
(638,	3,	NULL,	'Доставка и оплата',	NULL,	NULL,	NULL,	NULL),
(638,	4,	NULL,	NULL,	'<div>Вы находитесь в разделе \"Доставка и оплата\" демонстрационного интернет-магазина на платформе UMI.CMS</div>\r\n<div></div>\r\n<div>На этой странице Вы сможете разместить информацию о вариантах доставки и способах оплаты.</div>',	NULL,	NULL,	NULL),
(638,	12,	1,	NULL,	NULL,	NULL,	NULL,	NULL),
(638,	486,	1,	NULL,	NULL,	NULL,	NULL,	NULL),
(639,	3,	NULL,	'Помощь',	NULL,	NULL,	NULL,	NULL),
(639,	4,	NULL,	NULL,	'<div>Вы находитесь в разделе помощи демонстрационного сайта на платформе UMI.CMS</div>\r\n<div></div>\r\n<div>Разместите на этой странице справочную информацию для ваших покупателей и партнеров.</div>',	NULL,	NULL,	NULL),
(639,	12,	1,	NULL,	NULL,	NULL,	NULL,	NULL),
(639,	486,	1,	NULL,	NULL,	NULL,	NULL,	NULL),
(641,	3,	NULL,	'Контактная информация',	NULL,	NULL,	NULL,	NULL),
(641,	4,	NULL,	NULL,	'<p>&nbsp;</p>\r\n<p>Вы находитесь на странице \"Контактная информация\" демонстрационного сайта на платформе UMI.CMS</p>\r\n<p>Разместите здесь карту проезда, укажите время работы, номера телефонов и адреса электронной почты.</p>',	NULL,	NULL,	NULL),
(641,	12,	1,	NULL,	NULL,	NULL,	NULL,	NULL),
(641,	486,	1,	NULL,	NULL,	NULL,	NULL,	NULL),
(641,	514,	NULL,	'765-43-21',	NULL,	NULL,	NULL,	NULL),
(641,	515,	NULL,	NULL,	'<div>\r\n<p><strong><strong><strong>Заказ товара по телефону<br /><span style=\"font-weight: normal;\">Ежедневно с 12 до 21</span></strong></strong></strong></p>\r\n</div>',	NULL,	NULL,	NULL),
(641,	516,	NULL,	NULL,	'<p><img src=\"/images/cards.png\" alt=\"\" width=\"196\" height=\"22\" /></p>\r\n<p>Наш интернет-магазин работает 24&nbsp;часа в сутки.</p>',	NULL,	NULL,	NULL),
(641,	517,	NULL,	NULL,	'<div>Обработка заказов и заказ по телефону производятся с понедельника по пятницу,</div>\r\n<div><strong>с 10:00 до 19:00.</strong></div>',	NULL,	NULL,	NULL),
(642,	3,	NULL,	'О магазине',	NULL,	NULL,	NULL,	NULL),
(642,	4,	NULL,	NULL,	'<div>Добро пожаловать на демонстрационный сайт - Интернет-магазин на платформе UMI.CMS</div>\r\n<div></div>\r\n<div>На этой странице Вы сможете рассказать о своём магазине, описать его достоинства и преимущества.</div>',	NULL,	NULL,	NULL),
(642,	12,	1,	NULL,	NULL,	NULL,	NULL,	NULL),
(642,	486,	1,	NULL,	NULL,	NULL,	NULL,	NULL),
(643,	3,	NULL,	'Страница не найдена',	NULL,	NULL,	NULL,	NULL),
(643,	4,	NULL,	NULL,	'<h2>404</h2>\r\n<p><strong>Здравствуйте, уважаемый посетитель.</strong></p>\r\n<p><strong>К сожалению, запрашиваемой Вами страницы не существует на нашем сайте.</strong></p>\r\n<p><strong>Возможно, это случилось по одной из этих причин:</strong></p>\r\n<ul>\r\n<li>Вы ошиблись при наборе адреса страницы (URL)</li>\r\n<li>Перешли по \"битой\" (неработающей) ссылке</li>\r\n<li>Запрашиваемой страницы никогда не было на сайте или она была удалена</li>\r\n</ul>\r\n<p><strong>Мы просим прощения за доставленные неудобства и предлагаем следующие пути:</strong></p>\r\n<ul>\r\n<li>Вернуться назад при помощи кнопки браузера \"back\"</li>\r\n<li>Прповерить правильность написания адреса страницы (URL)</li>\r\n<li>Перейти на <a href=\"/\">главную страницу сайта</a></li>\r\n<li>Воспользоваться <a href=\"/content/sitemap/\">картой сайта</a> или поиском</li>\r\n</ul>\r\n<p>Если Вы уверены в правильности набранного адреса страницы и считаете,  								что эта ошибка произошла по нашей вине, пожалуйста, сообщите об этом  								при помощи контактной формы.</p>',	NULL,	NULL,	NULL),
(644,	273,	756,	NULL,	NULL,	NULL,	NULL,	NULL),
(645,	273,	496,	NULL,	NULL,	NULL,	NULL,	NULL),
(646,	273,	186,	NULL,	NULL,	NULL,	NULL,	NULL),
(647,	273,	25,	NULL,	NULL,	NULL,	NULL,	NULL),
(648,	3,	NULL,	'Готовы ли вы купить iPad?',	NULL,	NULL,	NULL,	NULL),
(648,	276,	NULL,	NULL,	'iPad - революционное устройство, которое называют новинкой года. Готовы ли вы приобрести его, не дожидаясь естественного падения цен?',	NULL,	NULL,	NULL),
(649,	2,	NULL,	'Обзоры новинок техники',	NULL,	NULL,	NULL,	NULL),
(649,	257,	NULL,	'В нашем блоге мы публикуем обзоры самых последних новинок в мире бытовой электроники',	NULL,	NULL,	NULL,	NULL),
(650,	2,	NULL,	'Ремонт бытовой техники на дому',	NULL,	NULL,	NULL,	NULL),
(650,	3,	NULL,	'Вопросы и ответы',	NULL,	NULL,	NULL,	NULL),
(650,	4,	NULL,	NULL,	'<p>Как отремонтировать технику в домашних условиях, не тратя время на вызов специалистов.</p>',	NULL,	NULL,	NULL),
(651,	259,	1,	NULL,	NULL,	NULL,	NULL,	NULL),
(652,	2,	NULL,	'Поделитесь мнениями',	NULL,	NULL,	NULL,	NULL),
(652,	3,	NULL,	'Поделитесь мнениями',	NULL,	NULL,	NULL,	NULL),
(652,	272,	NULL,	NULL,	'Что вы думаете об этом? Сложно ли делать электропроводку?',	NULL,	NULL,	NULL),
(652,	243,	1272623523,	NULL,	NULL,	NULL,	NULL,	NULL),
(653,	2,	NULL,	'Я выбрал M-150. Что скажете?',	NULL,	NULL,	NULL,	NULL),
(653,	3,	NULL,	'Я выбрал M-150. Что скажете?',	NULL,	NULL,	NULL,	NULL),
(653,	269,	2,	NULL,	NULL,	NULL,	NULL,	NULL),
(653,	243,	1272623404,	NULL,	NULL,	NULL,	NULL,	NULL),
(653,	271,	1272623523,	NULL,	NULL,	NULL,	NULL,	NULL),
(654,	2,	NULL,	'Фан-клуб Pioneer',	NULL,	NULL,	NULL,	NULL),
(654,	3,	NULL,	'Фан-клуб Pioneer',	NULL,	NULL,	NULL,	NULL),
(654,	267,	NULL,	NULL,	'<p>Весь модельный ряд акустических систем Pioneer. Подбираем и обсуждаем.</p>',	NULL,	NULL,	NULL),
(654,	268,	1,	NULL,	NULL,	NULL,	NULL,	NULL),
(654,	269,	2,	NULL,	NULL,	NULL,	NULL,	NULL),
(655,	2,	NULL,	'Фотогалерея кабелей',	NULL,	NULL,	NULL,	NULL),
(655,	3,	NULL,	'Фотогалерея кабелей',	NULL,	NULL,	NULL,	NULL),
(656,	2,	NULL,	'Видеогалерея',	NULL,	NULL,	NULL,	NULL),
(656,	3,	NULL,	'Видеогалерея',	NULL,	NULL,	NULL,	NULL),
(656,	6,	NULL,	'Видеогалерея',	NULL,	NULL,	NULL,	NULL),
(656,	5,	NULL,	'Видеогалерея',	NULL,	NULL,	NULL,	NULL),
(656,	7,	NULL,	'Видеогалерея',	NULL,	NULL,	NULL,	NULL),
(656,	4,	NULL,	NULL,	'<div>Добро пожаловать на демонстрационный сайт - Интернет-магазин на платформе UMI.CMS</div>\r\n<div id=\"myFlash\">&nbsp;</div>\r\n<div id=\"myFlash2\">&nbsp;</div>',	NULL,	NULL,	NULL),
(656,	12,	1,	NULL,	NULL,	NULL,	NULL,	NULL),
(657,	3,	NULL,	'Best offers',	NULL,	NULL,	NULL,	NULL),
(657,	4,	NULL,	NULL,	'<p>Fields for editing of metadata are placed above. These fields are described in the User Manual.</p>\r\n<p>If Activity option is selected, page will be shown on the site. If Activity option is not selected, page will be hidden.</p>\r\n<p>Fields for visual editing of page content are placed below. Editing features are also described in the User Manual.</p>',	NULL,	NULL,	NULL),
(658,	3,	NULL,	'Catalog',	NULL,	NULL,	NULL,	NULL),
(659,	3,	NULL,	'News',	NULL,	NULL,	NULL,	NULL),
(660,	3,	NULL,	'Delivery and payment',	NULL,	NULL,	NULL,	NULL),
(660,	4,	NULL,	NULL,	'<div>It is section \"Delivery and payment\" of demo online store on the UMI.CMS platform.</div>\r\n<div>You can place information about delivery and payment methods on this page.</div>',	NULL,	NULL,	NULL),
(660,	12,	1,	NULL,	NULL,	NULL,	NULL,	NULL),
(660,	486,	1,	NULL,	NULL,	NULL,	NULL,	NULL),
(661,	3,	NULL,	'Help',	NULL,	NULL,	NULL,	NULL),
(661,	4,	NULL,	NULL,	'<div>It is the section \"Help\" of demo online store on the UMI.CMS platform.</div>\r\n<div>You can place the help information for you customers and partners on this page.</div>',	NULL,	NULL,	NULL),
(661,	12,	1,	NULL,	NULL,	NULL,	NULL,	NULL),
(661,	486,	1,	NULL,	NULL,	NULL,	NULL,	NULL),
(663,	3,	NULL,	'Contact info',	NULL,	NULL,	NULL,	NULL),
(663,	4,	NULL,	NULL,	'<p>&nbsp;</p>\r\n<p>It is the section \"Contact info\" of demo online store on the UMI.CMS platform.</p>\r\n<p>Here you can place location map, specify office hours, phone numbers and e-mails.</p>',	NULL,	NULL,	NULL),
(663,	12,	1,	NULL,	NULL,	NULL,	NULL,	NULL),
(663,	486,	1,	NULL,	NULL,	NULL,	NULL,	NULL),
(663,	514,	NULL,	'765-43-21',	NULL,	NULL,	NULL,	NULL),
(663,	515,	NULL,	NULL,	'<div>\r\n<p><strong>Make order by phone<br /><span style=\"font-weight: normal;\">Everyday from 12:00 to 21:00</span></strong></p>\r\n</div>',	NULL,	NULL,	NULL),
(663,	516,	NULL,	NULL,	'<p><img src=\"/images/cards.gif\" alt=\"\" width=\"166\" height=\"22\" /></p>\r\n<p>Our online store is open 24 hours a day.</p>',	NULL,	NULL,	NULL),
(663,	517,	NULL,	NULL,	'<div>We process you orders and accept your calls from Monday through Friday\r\n<div><strong>from 10:00 to 19:00</strong></div>\r\n</div>',	NULL,	NULL,	NULL),
(664,	3,	NULL,	'About',	NULL,	NULL,	NULL,	NULL),
(664,	4,	NULL,	NULL,	'<div>Welcome to the demo site - online store on the UMI.CMS platform.</div>\r\n<div>Here you can describe your online store, its advantages and bonuses.</div>',	NULL,	NULL,	NULL),
(664,	12,	1,	NULL,	NULL,	NULL,	NULL,	NULL),
(664,	486,	1,	NULL,	NULL,	NULL,	NULL,	NULL),
(665,	3,	NULL,	'Page not found',	NULL,	NULL,	NULL,	NULL),
(665,	4,	NULL,	NULL,	'<h2>404</h2>\r\n<p><strong>Hello, dear visitor.</strong></p>\r\n<p><strong>Unfortunately, requested page does not exist on the site.</strong></p>\r\n<p><strong>Possible reasons:</strong></p>\r\n<ul>\r\n<li>Typing mistake in the page address (URL)</li>\r\n<li>Dead link</li>\r\n<li>Requested page has never existed on the site or has been removed</li>\r\n</ul>\r\n<p><strong>We apologize for the inconvenience and suggest the following:</strong></p>\r\n<ul>\r\n<li>Return to the previous page by \"back\" button</li>\r\n<li>Check the spelling of page address (URL)</li>\r\n<li>Go to <a href=\"/en/\">homepage</a></li>\r\n<li>Use <a href=\"/en/content/sitemap/\">site map</a> or search</li>\r\n</ul>\r\n<p>If you are sure of page address spelling, and you think that this error is due to our fault, please report it using the contact form.</p>',	NULL,	NULL,	NULL),
(666,	2,	NULL,	'Reviews of new home appliances',	NULL,	NULL,	NULL,	NULL),
(666,	257,	NULL,	'We publish reviews of the last novelties among home electronics in our blog',	NULL,	NULL,	NULL,	NULL),
(667,	2,	NULL,	'Household appliances repaire at home',	NULL,	NULL,	NULL,	NULL),
(667,	3,	NULL,	'Questions and Answers',	NULL,	NULL,	NULL,	NULL),
(667,	4,	NULL,	NULL,	'<p>How to repair consumer electronics at home, without calling in of the professionals.</p>',	NULL,	NULL,	NULL),
(668,	2,	NULL,	'Share your opinion',	NULL,	NULL,	NULL,	NULL),
(668,	3,	NULL,	'Share your opinion',	NULL,	NULL,	NULL,	NULL),
(668,	272,	NULL,	NULL,	'What do you think about it? Is it difficult to make wiring?',	NULL,	NULL,	NULL),
(668,	243,	1272623520,	NULL,	NULL,	NULL,	NULL,	NULL),
(669,	2,	NULL,	'I chose the M-150. What do you think?',	NULL,	NULL,	NULL,	NULL),
(669,	3,	NULL,	'I chose the M-150. What do you think?',	NULL,	NULL,	NULL,	NULL),
(669,	269,	2,	NULL,	NULL,	NULL,	NULL,	NULL),
(669,	243,	1272623400,	NULL,	NULL,	NULL,	NULL,	NULL),
(669,	271,	1272623523,	NULL,	NULL,	NULL,	NULL,	NULL),
(670,	2,	NULL,	'Fan-club Pioneer',	NULL,	NULL,	NULL,	NULL),
(670,	3,	NULL,	'Fan-club Pioneer',	NULL,	NULL,	NULL,	NULL),
(670,	267,	NULL,	NULL,	'<p>Whole model range of Pioneer acoustic systems. Select and discuss.</p>',	NULL,	NULL,	NULL),
(670,	268,	1,	NULL,	NULL,	NULL,	NULL,	NULL),
(670,	269,	2,	NULL,	NULL,	NULL,	NULL,	NULL),
(671,	2,	NULL,	'Photogallery of connectors',	NULL,	NULL,	NULL,	NULL),
(671,	3,	NULL,	'Photogallery of connectors',	NULL,	NULL,	NULL,	NULL),
(672,	2,	NULL,	'Videogallery',	NULL,	NULL,	NULL,	NULL),
(672,	3,	NULL,	'Videogallery',	NULL,	NULL,	NULL,	NULL),
(672,	6,	NULL,	'Видеогалерея',	NULL,	NULL,	NULL,	NULL),
(672,	5,	NULL,	'Видеогалерея',	NULL,	NULL,	NULL,	NULL),
(672,	7,	NULL,	'Видеогалерея',	NULL,	NULL,	NULL,	NULL),
(672,	4,	NULL,	NULL,	'<div>Welcome to the demo site - online store on the UMI.CMS platform</div>\r\n<div id=\"myFlash\">&nbsp;</div>\r\n<div id=\"myFlash2\">&nbsp;</div>',	NULL,	NULL,	NULL),
(672,	12,	1,	NULL,	NULL,	NULL,	NULL,	NULL),
(673,	273,	756,	NULL,	NULL,	NULL,	NULL,	NULL),
(674,	273,	496,	NULL,	NULL,	NULL,	NULL,	NULL),
(675,	273,	186,	NULL,	NULL,	NULL,	NULL,	NULL),
(676,	273,	28,	NULL,	NULL,	NULL,	NULL,	NULL),
(677,	3,	NULL,	'Are you ready to buy iPad?',	NULL,	NULL,	NULL,	NULL),
(677,	276,	NULL,	NULL,	'iPad is an innovative device, which is called the novelty of the year. Whould you like to buy it, without waiting for the natural fall in prices?',	NULL,	NULL,	NULL),
(677,	243,	1384776720,	NULL,	NULL,	NULL,	NULL,	NULL),
(678,	3,	NULL,	'DVD Техника',	NULL,	NULL,	NULL,	NULL),
(678,	15,	26,	NULL,	NULL,	NULL,	NULL,	NULL),
(678,	16,	26,	NULL,	NULL,	NULL,	NULL,	NULL),
(679,	3,	NULL,	'Телевизоры',	NULL,	NULL,	NULL,	NULL),
(679,	15,	26,	NULL,	NULL,	NULL,	NULL,	NULL),
(679,	16,	26,	NULL,	NULL,	NULL,	NULL,	NULL),
(680,	3,	NULL,	'Аудиотехникa',	NULL,	NULL,	NULL,	NULL),
(680,	15,	26,	NULL,	NULL,	NULL,	NULL,	NULL),
(680,	16,	26,	NULL,	NULL,	NULL,	NULL,	NULL),
(681,	3,	NULL,	'Мобильная связь',	NULL,	NULL,	NULL,	NULL),
(682,	3,	NULL,	'ДВД плееры',	NULL,	NULL,	NULL,	NULL),
(683,	3,	NULL,	'ДВД рекордеры',	NULL,	NULL,	NULL,	NULL),
(684,	3,	NULL,	'ДВД диски',	NULL,	NULL,	NULL,	NULL),
(684,	12,	1,	NULL,	NULL,	NULL,	NULL,	NULL),
(685,	3,	NULL,	'Портативные телевизоры',	NULL,	NULL,	NULL,	NULL),
(686,	3,	NULL,	'Черно-белые телевизоры',	NULL,	NULL,	NULL,	NULL),
(687,	3,	NULL,	'Цветные телевизоры',	NULL,	NULL,	NULL,	NULL),
(688,	3,	NULL,	'ЖК телевизоры',	NULL,	NULL,	NULL,	NULL),
(689,	3,	NULL,	'Магнитофоны',	NULL,	NULL,	NULL,	NULL),
(690,	3,	NULL,	'Плееры',	NULL,	NULL,	NULL,	NULL),
(691,	2,	NULL,	'Акустика',	NULL,	NULL,	NULL,	NULL),
(691,	3,	NULL,	'Акустика',	NULL,	NULL,	NULL,	NULL),
(692,	3,	NULL,	'Музыкальные центры',	NULL,	NULL,	NULL,	NULL),
(693,	3,	NULL,	'Телефоны GSM',	NULL,	NULL,	NULL,	NULL),
(694,	3,	NULL,	'Коммуникаторы',	NULL,	NULL,	NULL,	NULL),
(699,	2,	NULL,	'Player A4',	NULL,	NULL,	NULL,	NULL),
(699,	3,	NULL,	'Player A4',	NULL,	NULL,	NULL,	NULL),
(699,	336,	NULL,	NULL,	NULL,	NULL,	NULL,	89),
(699,	340,	0,	NULL,	NULL,	NULL,	NULL,	NULL),
(699,	341,	7,	NULL,	NULL,	NULL,	NULL,	NULL),
(699,	496,	50,	NULL,	NULL,	NULL,	NULL,	NULL),
(699,	497,	90,	NULL,	NULL,	NULL,	NULL,	NULL),
(699,	498,	25,	NULL,	NULL,	NULL,	NULL,	NULL),
(702,	2,	NULL,	'plaer T2',	NULL,	NULL,	NULL,	NULL),
(702,	3,	NULL,	'plaer T2',	NULL,	NULL,	NULL,	NULL),
(702,	336,	NULL,	NULL,	NULL,	NULL,	NULL,	45),
(702,	340,	0,	NULL,	NULL,	NULL,	NULL,	NULL),
(702,	341,	6,	NULL,	NULL,	NULL,	NULL,	NULL),
(702,	496,	250,	NULL,	NULL,	NULL,	NULL,	NULL),
(702,	497,	46,	NULL,	NULL,	NULL,	NULL,	NULL),
(702,	498,	200,	NULL,	NULL,	NULL,	NULL,	NULL),
(704,	2,	NULL,	'Teac GF-650',	NULL,	NULL,	NULL,	NULL),
(704,	3,	NULL,	'Teac GF-650',	NULL,	NULL,	NULL,	NULL),
(704,	11,	1,	NULL,	NULL,	NULL,	NULL,	NULL),
(704,	336,	NULL,	NULL,	NULL,	NULL,	NULL,	580),
(704,	340,	0,	NULL,	NULL,	NULL,	NULL,	NULL),
(704,	341,	2,	NULL,	NULL,	NULL,	NULL,	NULL),
(704,	496,	350,	NULL,	NULL,	NULL,	NULL,	NULL),
(704,	497,	190,	NULL,	NULL,	NULL,	NULL,	NULL),
(704,	498,	340,	NULL,	NULL,	NULL,	NULL,	NULL),
(708,	2,	NULL,	'Akai AP-A206C',	NULL,	NULL,	NULL,	NULL),
(708,	3,	NULL,	'Akai AP-A206C',	NULL,	NULL,	NULL,	NULL),
(708,	336,	NULL,	NULL,	NULL,	NULL,	NULL,	168),
(708,	340,	0,	NULL,	NULL,	NULL,	NULL,	NULL),
(708,	341,	100,	NULL,	NULL,	NULL,	NULL,	NULL),
(708,	15,	1,	NULL,	NULL,	NULL,	NULL,	NULL),
(708,	16,	5,	NULL,	NULL,	NULL,	NULL,	NULL),
(708,	493,	1,	NULL,	NULL,	NULL,	NULL,	NULL),
(708,	500,	5,	NULL,	NULL,	NULL,	NULL,	NULL),
(710,	2,	NULL,	'plaer T3',	NULL,	NULL,	NULL,	NULL),
(710,	3,	NULL,	'plaer T3',	NULL,	NULL,	NULL,	NULL),
(710,	336,	NULL,	NULL,	NULL,	NULL,	NULL,	88),
(710,	341,	5,	NULL,	NULL,	NULL,	NULL,	NULL),
(710,	496,	200,	NULL,	NULL,	NULL,	NULL,	NULL),
(710,	497,	100,	NULL,	NULL,	NULL,	NULL,	NULL),
(710,	498,	30,	NULL,	NULL,	NULL,	NULL,	NULL),
(711,	2,	NULL,	'Teac LP-R400',	NULL,	NULL,	NULL,	NULL),
(711,	3,	NULL,	'Teac LP-R400',	NULL,	NULL,	NULL,	NULL),
(711,	336,	NULL,	NULL,	NULL,	NULL,	NULL,	650),
(711,	341,	1,	NULL,	NULL,	NULL,	NULL,	NULL),
(711,	496,	400,	NULL,	NULL,	NULL,	NULL,	NULL),
(711,	497,	150,	NULL,	NULL,	NULL,	NULL,	NULL),
(711,	498,	300,	NULL,	NULL,	NULL,	NULL,	NULL),
(712,	2,	NULL,	'Sony PS-6750',	NULL,	NULL,	NULL,	NULL),
(712,	3,	NULL,	'Sony PS-6750',	NULL,	NULL,	NULL,	NULL),
(712,	336,	NULL,	NULL,	NULL,	NULL,	NULL,	289),
(712,	487,	NULL,	NULL,	NULL,	NULL,	NULL,	300),
(712,	340,	0,	NULL,	NULL,	NULL,	NULL,	NULL),
(712,	341,	200,	NULL,	NULL,	NULL,	NULL,	NULL),
(712,	15,	1,	NULL,	NULL,	NULL,	NULL,	NULL),
(712,	16,	2,	NULL,	NULL,	NULL,	NULL,	NULL),
(712,	492,	1,	NULL,	NULL,	NULL,	NULL,	NULL),
(712,	500,	3,	NULL,	NULL,	NULL,	NULL,	NULL),
(713,	2,	NULL,	'Coral CX-7',	NULL,	NULL,	NULL,	NULL),
(713,	3,	NULL,	'Coral CX-7',	NULL,	NULL,	NULL,	NULL),
(713,	336,	NULL,	NULL,	NULL,	NULL,	NULL,	210),
(713,	341,	5,	NULL,	NULL,	NULL,	NULL,	NULL),
(713,	496,	200,	NULL,	NULL,	NULL,	NULL,	NULL),
(713,	497,	380,	NULL,	NULL,	NULL,	NULL,	NULL),
(713,	498,	230,	NULL,	NULL,	NULL,	NULL,	NULL),
(714,	2,	NULL,	'Toshiba SR-Q660',	NULL,	NULL,	NULL,	NULL),
(714,	3,	NULL,	'Toshiba SR-Q660',	NULL,	NULL,	NULL,	NULL),
(714,	336,	NULL,	NULL,	NULL,	NULL,	NULL,	310),
(714,	341,	300,	NULL,	NULL,	NULL,	NULL,	NULL),
(714,	500,	4,	NULL,	NULL,	NULL,	NULL,	NULL),
(716,	2,	NULL,	'Akai BB-1442',	NULL,	NULL,	NULL,	NULL),
(716,	3,	NULL,	'Akai BB-1442',	NULL,	NULL,	NULL,	NULL),
(716,	334,	1443515235,	NULL,	NULL,	NULL,	NULL,	NULL),
(716,	336,	NULL,	NULL,	NULL,	NULL,	NULL,	428),
(716,	487,	NULL,	NULL,	NULL,	NULL,	NULL,	534),
(716,	341,	15,	NULL,	NULL,	NULL,	NULL,	NULL),
(716,	493,	1,	NULL,	NULL,	NULL,	NULL,	NULL),
(716,	500,	4,	NULL,	NULL,	NULL,	NULL,	NULL),
(716,	502,	1,	NULL,	NULL,	NULL,	NULL,	NULL),
(718,	2,	NULL,	'dvd 01',	NULL,	NULL,	NULL,	NULL),
(718,	3,	NULL,	'dvd 01',	NULL,	NULL,	NULL,	NULL),
(718,	336,	NULL,	NULL,	NULL,	NULL,	NULL,	15),
(718,	340,	0,	NULL,	NULL,	NULL,	NULL,	NULL),
(718,	341,	200,	NULL,	NULL,	NULL,	NULL,	NULL),
(718,	15,	1,	NULL,	NULL,	NULL,	NULL,	NULL),
(718,	16,	2,	NULL,	NULL,	NULL,	NULL,	NULL),
(718,	492,	1,	NULL,	NULL,	NULL,	NULL,	NULL),
(718,	504,	20,	NULL,	NULL,	NULL,	NULL,	NULL),
(718,	505,	314,	NULL,	NULL,	NULL,	NULL,	NULL),
(719,	2,	NULL,	'Akai TF-000',	NULL,	NULL,	NULL,	NULL),
(719,	3,	NULL,	'Akai TF-000',	NULL,	NULL,	NULL,	NULL),
(719,	334,	1443516182,	NULL,	NULL,	NULL,	NULL,	NULL),
(719,	336,	NULL,	NULL,	NULL,	NULL,	NULL,	235),
(719,	487,	NULL,	NULL,	NULL,	NULL,	NULL,	344),
(719,	341,	4,	NULL,	NULL,	NULL,	NULL,	NULL),
(719,	493,	1,	NULL,	NULL,	NULL,	NULL,	NULL),
(719,	500,	1,	NULL,	NULL,	NULL,	NULL,	NULL),
(726,	3,	NULL,	'Телевизор «LG»',	NULL,	NULL,	NULL,	NULL),
(726,	336,	NULL,	NULL,	NULL,	NULL,	NULL,	800),
(726,	341,	2,	NULL,	NULL,	NULL,	NULL,	NULL),
(726,	488,	NULL,	NULL,	'<p>Несколько лет назад одной стремительной волной прошли инновационные изобретения в области разработки телевизоров, и кинескопные модели были навсегда забыты. Ведущие производители телевизоров (Samsung, Sony, Sharp, Pioneer, Panasonic) начали выпуск новых моделей, в которых нашли отражение технологии</p>',	NULL,	NULL,	NULL),
(726,	509,	1,	NULL,	NULL,	NULL,	NULL,	NULL),
(727,	2,	NULL,	'Sony TG-2356',	NULL,	NULL,	NULL,	NULL),
(727,	3,	NULL,	'Sony TG-2356',	NULL,	NULL,	NULL,	NULL),
(727,	334,	1443533747,	NULL,	NULL,	NULL,	NULL,	NULL),
(727,	336,	NULL,	NULL,	NULL,	NULL,	NULL,	643),
(727,	487,	NULL,	NULL,	NULL,	NULL,	NULL,	765),
(727,	341,	567,	NULL,	NULL,	NULL,	NULL,	NULL),
(727,	493,	1,	NULL,	NULL,	NULL,	NULL,	NULL),
(727,	500,	2,	NULL,	NULL,	NULL,	NULL,	NULL),
(727,	502,	1,	NULL,	NULL,	NULL,	NULL,	NULL),
(728,	2,	NULL,	'Sony T5-Z534',	NULL,	NULL,	NULL,	NULL),
(728,	3,	NULL,	'Sony T5-Z534',	NULL,	NULL,	NULL,	NULL),
(728,	334,	1443534029,	NULL,	NULL,	NULL,	NULL,	NULL),
(728,	336,	NULL,	NULL,	NULL,	NULL,	NULL,	332),
(728,	487,	NULL,	NULL,	NULL,	NULL,	NULL,	406),
(728,	341,	256,	NULL,	NULL,	NULL,	NULL,	NULL),
(728,	493,	1,	NULL,	NULL,	NULL,	NULL,	NULL),
(730,	2,	NULL,	'Sony BF-5534',	NULL,	NULL,	NULL,	NULL),
(730,	3,	NULL,	'Sony BF-5534',	NULL,	NULL,	NULL,	NULL),
(730,	334,	1443534404,	NULL,	NULL,	NULL,	NULL,	NULL),
(730,	336,	NULL,	NULL,	NULL,	NULL,	NULL,	123),
(730,	487,	NULL,	NULL,	NULL,	NULL,	NULL,	200),
(730,	341,	55,	NULL,	NULL,	NULL,	NULL,	NULL),
(730,	492,	1,	NULL,	NULL,	NULL,	NULL,	NULL),
(730,	493,	1,	NULL,	NULL,	NULL,	NULL,	NULL),
(730,	500,	3,	NULL,	NULL,	NULL,	NULL,	NULL),
(730,	502,	1,	NULL,	NULL,	NULL,	NULL,	NULL),
(731,	2,	NULL,	'dvd 02',	NULL,	NULL,	NULL,	NULL),
(731,	3,	NULL,	'dvd 03',	NULL,	NULL,	NULL,	NULL),
(731,	336,	NULL,	NULL,	NULL,	NULL,	NULL,	15),
(731,	340,	0,	NULL,	NULL,	NULL,	NULL,	NULL),
(731,	15,	2,	NULL,	NULL,	NULL,	NULL,	NULL),
(731,	16,	2,	NULL,	NULL,	NULL,	NULL,	NULL),
(731,	492,	1,	NULL,	NULL,	NULL,	NULL,	NULL),
(731,	504,	22,	NULL,	NULL,	NULL,	NULL,	NULL),
(731,	505,	380,	NULL,	NULL,	NULL,	NULL,	NULL),
(732,	2,	NULL,	'Akai VN-87',	NULL,	NULL,	NULL,	NULL),
(732,	3,	NULL,	'Akai VN-87',	NULL,	NULL,	NULL,	NULL),
(732,	334,	1443534587,	NULL,	NULL,	NULL,	NULL,	NULL),
(732,	336,	NULL,	NULL,	NULL,	NULL,	NULL,	67),
(732,	487,	NULL,	NULL,	NULL,	NULL,	NULL,	156),
(732,	341,	90,	NULL,	NULL,	NULL,	NULL,	NULL),
(732,	493,	1,	NULL,	NULL,	NULL,	NULL,	NULL),
(732,	500,	2,	NULL,	NULL,	NULL,	NULL,	NULL),
(732,	502,	1,	NULL,	NULL,	NULL,	NULL,	NULL),
(733,	3,	NULL,	'Телевизор «Philips»',	NULL,	NULL,	NULL,	NULL),
(733,	336,	NULL,	NULL,	NULL,	NULL,	NULL,	1500),
(733,	341,	4,	NULL,	NULL,	NULL,	NULL,	NULL),
(733,	488,	NULL,	NULL,	'<p>Несколько лет назад одной стремительной волной прошли инновационные изобретения в области разработки телевизоров, и кинескопные модели были навсегда забыты. Ведущие производители телевизоров (Samsung, Sony, Sharp, Pioneer, Panasonic) начали выпуск новых моделей, в которых нашли отражение технологии</p>',	NULL,	NULL,	NULL),
(733,	509,	1,	NULL,	NULL,	NULL,	NULL,	NULL),
(734,	2,	NULL,	'Toshiba X-555',	NULL,	NULL,	NULL,	NULL),
(734,	3,	NULL,	'Toshiba X-555',	NULL,	NULL,	NULL,	NULL),
(734,	334,	1443534755,	NULL,	NULL,	NULL,	NULL,	NULL),
(734,	336,	NULL,	NULL,	NULL,	NULL,	NULL,	787),
(734,	487,	NULL,	NULL,	NULL,	NULL,	NULL,	905),
(734,	341,	4,	NULL,	NULL,	NULL,	NULL,	NULL),
(734,	493,	1,	NULL,	NULL,	NULL,	NULL,	NULL),
(734,	500,	1,	NULL,	NULL,	NULL,	NULL,	NULL),
(735,	2,	NULL,	'Dual C-819',	NULL,	NULL,	NULL,	NULL),
(735,	3,	NULL,	'Dual C-819',	NULL,	NULL,	NULL,	NULL),
(735,	336,	NULL,	NULL,	NULL,	NULL,	NULL,	546),
(735,	341,	500,	NULL,	NULL,	NULL,	NULL,	NULL),
(735,	500,	8,	NULL,	NULL,	NULL,	NULL,	NULL),
(735,	502,	1,	NULL,	NULL,	NULL,	NULL,	NULL),
(736,	2,	NULL,	'Pioneer CT-970',	NULL,	NULL,	NULL,	NULL),
(736,	3,	NULL,	'Pioneer CT-970',	NULL,	NULL,	NULL,	NULL),
(736,	336,	NULL,	NULL,	NULL,	NULL,	NULL,	680),
(736,	341,	700,	NULL,	NULL,	NULL,	NULL,	NULL),
(736,	500,	7,	NULL,	NULL,	NULL,	NULL,	NULL),
(736,	502,	1,	NULL,	NULL,	NULL,	NULL,	NULL),
(737,	2,	NULL,	'Toshiba PC-X6AD',	NULL,	NULL,	NULL,	NULL),
(737,	3,	NULL,	'Toshiba PC-X6AD',	NULL,	NULL,	NULL,	NULL),
(737,	336,	NULL,	NULL,	NULL,	NULL,	NULL,	888),
(737,	500,	9,	NULL,	NULL,	NULL,	NULL,	NULL),
(737,	502,	1,	NULL,	NULL,	NULL,	NULL,	NULL),
(739,	2,	NULL,	'Dual C-522',	NULL,	NULL,	NULL,	NULL),
(739,	3,	NULL,	'Dual C-522',	NULL,	NULL,	NULL,	NULL),
(739,	336,	NULL,	NULL,	NULL,	NULL,	NULL,	523),
(739,	341,	564,	NULL,	NULL,	NULL,	NULL,	NULL),
(739,	493,	1,	NULL,	NULL,	NULL,	NULL,	NULL),
(739,	500,	2,	NULL,	NULL,	NULL,	NULL,	NULL),
(739,	502,	1,	NULL,	NULL,	NULL,	NULL,	NULL),
(740,	3,	NULL,	'Телевизор «Panasonic»',	NULL,	NULL,	NULL,	NULL),
(740,	336,	NULL,	NULL,	NULL,	NULL,	NULL,	2900),
(740,	341,	3,	NULL,	NULL,	NULL,	NULL,	NULL),
(740,	488,	NULL,	NULL,	'<p>Несколько лет назад одной стремительной волной прошли инновационные изобретения в области разработки телевизоров, и кинескопные модели были навсегда забыты. Ведущие производители телевизоров (Samsung, Sony, Sharp, Pioneer, Panasonic) начали выпуск новых моделей, в которых нашли отражение технологии</p>',	NULL,	NULL,	NULL),
(740,	509,	1,	NULL,	NULL,	NULL,	NULL,	NULL),
(741,	2,	NULL,	'Pioneer CT-970',	NULL,	NULL,	NULL,	NULL),
(741,	3,	NULL,	'Pioneer GD-90',	NULL,	NULL,	NULL,	NULL),
(741,	336,	NULL,	NULL,	NULL,	NULL,	NULL,	886),
(741,	341,	556,	NULL,	NULL,	NULL,	NULL,	NULL),
(741,	493,	1,	NULL,	NULL,	NULL,	NULL,	NULL),
(741,	500,	8,	NULL,	NULL,	NULL,	NULL,	NULL),
(741,	502,	1,	NULL,	NULL,	NULL,	NULL,	NULL),
(742,	2,	NULL,	'Toshiba GF-908',	NULL,	NULL,	NULL,	NULL),
(742,	3,	NULL,	'Toshiba GF-908',	NULL,	NULL,	NULL,	NULL),
(742,	336,	NULL,	NULL,	NULL,	NULL,	NULL,	347),
(742,	341,	442,	NULL,	NULL,	NULL,	NULL,	NULL),
(742,	492,	1,	NULL,	NULL,	NULL,	NULL,	NULL),
(742,	493,	1,	NULL,	NULL,	NULL,	NULL,	NULL),
(742,	500,	9,	NULL,	NULL,	NULL,	NULL,	NULL),
(742,	502,	1,	NULL,	NULL,	NULL,	NULL,	NULL),
(744,	2,	NULL,	'Dual X-980Z',	NULL,	NULL,	NULL,	NULL),
(744,	3,	NULL,	'Dual X-980Z',	NULL,	NULL,	NULL,	NULL),
(744,	336,	NULL,	NULL,	NULL,	NULL,	NULL,	2305),
(744,	487,	NULL,	NULL,	NULL,	NULL,	NULL,	3590),
(744,	341,	14,	NULL,	NULL,	NULL,	NULL,	NULL),
(744,	492,	1,	NULL,	NULL,	NULL,	NULL,	NULL),
(744,	493,	1,	NULL,	NULL,	NULL,	NULL,	NULL),
(744,	500,	14,	NULL,	NULL,	NULL,	NULL,	NULL),
(744,	502,	1,	NULL,	NULL,	NULL,	NULL,	NULL),
(746,	2,	NULL,	'Pioneer PK-2355',	NULL,	NULL,	NULL,	NULL),
(746,	3,	NULL,	'Pioneer PK-2355',	NULL,	NULL,	NULL,	NULL),
(746,	336,	NULL,	NULL,	NULL,	NULL,	NULL,	421),
(746,	487,	NULL,	NULL,	NULL,	NULL,	NULL,	654),
(746,	341,	665,	NULL,	NULL,	NULL,	NULL,	NULL),
(746,	493,	1,	NULL,	NULL,	NULL,	NULL,	NULL),
(746,	500,	7,	NULL,	NULL,	NULL,	NULL,	NULL),
(746,	502,	1,	NULL,	NULL,	NULL,	NULL,	NULL),
(747,	2,	NULL,	'Toshiba PC-X6AD',	NULL,	NULL,	NULL,	NULL),
(747,	3,	NULL,	'Toshiba PC-X6AD',	NULL,	NULL,	NULL,	NULL),
(747,	336,	NULL,	NULL,	NULL,	NULL,	NULL,	888),
(747,	500,	9,	NULL,	NULL,	NULL,	NULL,	NULL),
(747,	502,	1,	NULL,	NULL,	NULL,	NULL,	NULL),
(748,	2,	NULL,	'Dual CG-755',	NULL,	NULL,	NULL,	NULL),
(748,	3,	NULL,	'Dual CG-755',	NULL,	NULL,	NULL,	NULL),
(748,	336,	NULL,	NULL,	NULL,	NULL,	NULL,	764),
(748,	341,	634,	NULL,	NULL,	NULL,	NULL,	NULL),
(748,	492,	1,	NULL,	NULL,	NULL,	NULL,	NULL),
(748,	500,	3,	NULL,	NULL,	NULL,	NULL,	NULL),
(748,	502,	1,	NULL,	NULL,	NULL,	NULL,	NULL),
(753,	2,	NULL,	'Elektronika 432',	NULL,	NULL,	NULL,	NULL),
(753,	3,	NULL,	'Elektronika 432',	NULL,	NULL,	NULL,	NULL),
(753,	336,	NULL,	NULL,	NULL,	NULL,	NULL,	111),
(753,	341,	156,	NULL,	NULL,	NULL,	NULL,	NULL),
(756,	2,	NULL,	'Oki 7',	NULL,	NULL,	NULL,	NULL),
(756,	3,	NULL,	'Oki 7',	NULL,	NULL,	NULL,	NULL),
(756,	336,	NULL,	NULL,	NULL,	NULL,	NULL,	321),
(756,	341,	234,	NULL,	NULL,	NULL,	NULL,	NULL),
(759,	2,	NULL,	'Sovet TC1',	NULL,	NULL,	NULL,	NULL),
(759,	3,	NULL,	'Sovet TC1',	NULL,	NULL,	NULL,	NULL),
(759,	336,	NULL,	NULL,	NULL,	NULL,	NULL,	325),
(759,	340,	0,	NULL,	NULL,	NULL,	NULL,	NULL),
(759,	15,	2,	NULL,	NULL,	NULL,	NULL,	NULL),
(759,	16,	9,	NULL,	NULL,	NULL,	NULL,	NULL),
(759,	492,	1,	NULL,	NULL,	NULL,	NULL,	NULL),
(762,	2,	NULL,	'Sovet TC2',	NULL,	NULL,	NULL,	NULL),
(762,	3,	NULL,	'Sovet TC2',	NULL,	NULL,	NULL,	NULL),
(762,	336,	NULL,	NULL,	NULL,	NULL,	NULL,	210),
(762,	340,	0,	NULL,	NULL,	NULL,	NULL,	NULL),
(762,	341,	11,	NULL,	NULL,	NULL,	NULL,	NULL),
(762,	15,	1,	NULL,	NULL,	NULL,	NULL,	NULL),
(762,	16,	4,	NULL,	NULL,	NULL,	NULL,	NULL),
(762,	492,	1,	NULL,	NULL,	NULL,	NULL,	NULL),
(765,	2,	NULL,	'Elektronika BOTRK-16',	NULL,	NULL,	NULL,	NULL),
(765,	3,	NULL,	'Elektronika BOTRK-16',	NULL,	NULL,	NULL,	NULL),
(765,	336,	NULL,	NULL,	NULL,	NULL,	NULL,	157),
(765,	487,	NULL,	NULL,	NULL,	NULL,	NULL,	357),
(765,	341,	146,	NULL,	NULL,	NULL,	NULL,	NULL),
(765,	509,	1,	NULL,	NULL,	NULL,	NULL,	NULL),
(766,	3,	NULL,	'Телевизор «Vityas»',	NULL,	NULL,	NULL,	NULL),
(766,	336,	NULL,	NULL,	NULL,	NULL,	NULL,	4700),
(766,	488,	NULL,	NULL,	'<p>Несколько лет назад одной стремительной волной прошли инновационные изобретения в области разработки телевизоров, и кинескопные модели были навсегда забыты. Ведущие производители телевизоров (Samsung, Sony, Sharp, Pioneer, Panasonic) начали выпуск новых моделей, в которых нашли отражение технологии</p>',	NULL,	NULL,	NULL),
(766,	509,	1,	NULL,	NULL,	NULL,	NULL,	NULL),
(767,	3,	NULL,	'Телевизор «Horizont»',	NULL,	NULL,	NULL,	NULL),
(767,	336,	NULL,	NULL,	NULL,	NULL,	NULL,	7500),
(767,	341,	1,	NULL,	NULL,	NULL,	NULL,	NULL),
(767,	488,	NULL,	NULL,	'<p>Несколько лет назад одной стремительной волной прошли инновационные изобретения в области разработки телевизоров, и кинескопные модели были навсегда забыты. Ведущие производители телевизоров (Samsung, Sony, Sharp, Pioneer, Panasonic) начали выпуск новых моделей, в которых нашли отражение технологии</p>',	NULL,	NULL,	NULL),
(767,	509,	1,	NULL,	NULL,	NULL,	NULL,	NULL),
(769,	2,	NULL,	'Oki GAREN-1',	NULL,	NULL,	NULL,	NULL),
(769,	3,	NULL,	'Oki GAREN-1',	NULL,	NULL,	NULL,	NULL),
(769,	336,	NULL,	NULL,	NULL,	NULL,	NULL,	546),
(769,	487,	NULL,	NULL,	NULL,	NULL,	NULL,	870),
(769,	341,	54,	NULL,	NULL,	NULL,	NULL,	NULL),
(769,	493,	1,	NULL,	NULL,	NULL,	NULL,	NULL),
(771,	2,	NULL,	'Elektronika TRIST-R90',	NULL,	NULL,	NULL,	NULL),
(771,	3,	NULL,	'Elektronika TRIST-R90',	NULL,	NULL,	NULL,	NULL),
(771,	336,	NULL,	NULL,	NULL,	NULL,	NULL,	653),
(771,	487,	NULL,	NULL,	NULL,	NULL,	NULL,	864),
(771,	341,	33,	NULL,	NULL,	NULL,	NULL,	NULL),
(771,	492,	1,	NULL,	NULL,	NULL,	NULL,	NULL),
(772,	2,	NULL,	'Moskwich',	NULL,	NULL,	NULL,	NULL),
(772,	3,	NULL,	'Moskwich',	NULL,	NULL,	NULL,	NULL),
(772,	336,	NULL,	NULL,	NULL,	NULL,	NULL,	256),
(772,	341,	555,	NULL,	NULL,	NULL,	NULL,	NULL),
(774,	2,	NULL,	'Soviet B1',	NULL,	NULL,	NULL,	NULL),
(774,	3,	NULL,	'Soviet B1',	NULL,	NULL,	NULL,	NULL),
(774,	336,	NULL,	NULL,	NULL,	NULL,	NULL,	125),
(774,	341,	444,	NULL,	NULL,	NULL,	NULL,	NULL),
(775,	2,	NULL,	'Soviet BA',	NULL,	NULL,	NULL,	NULL),
(775,	3,	NULL,	'Soviet BA',	NULL,	NULL,	NULL,	NULL),
(775,	336,	NULL,	NULL,	NULL,	NULL,	NULL,	114),
(775,	341,	333,	NULL,	NULL,	NULL,	NULL,	NULL),
(775,	15,	1,	NULL,	NULL,	NULL,	NULL,	NULL),
(775,	16,	4,	NULL,	NULL,	NULL,	NULL,	NULL),
(775,	492,	1,	NULL,	NULL,	NULL,	NULL,	NULL),
(776,	2,	NULL,	'Soviet T7',	NULL,	NULL,	NULL,	NULL),
(776,	3,	NULL,	'Soviet T7',	NULL,	NULL,	NULL,	NULL),
(776,	336,	NULL,	NULL,	NULL,	NULL,	NULL,	113),
(777,	2,	NULL,	'Moskwich SINGED12',	NULL,	NULL,	NULL,	NULL),
(777,	3,	NULL,	'Moskwich SINGED12',	NULL,	NULL,	NULL,	NULL),
(777,	336,	NULL,	NULL,	NULL,	NULL,	NULL,	905),
(777,	487,	NULL,	NULL,	NULL,	NULL,	NULL,	1578),
(777,	341,	43,	NULL,	NULL,	NULL,	NULL,	NULL),
(777,	493,	1,	NULL,	NULL,	NULL,	NULL,	NULL),
(777,	509,	1,	NULL,	NULL,	NULL,	NULL,	NULL),
(778,	2,	NULL,	'Sovet TC3',	NULL,	NULL,	NULL,	NULL),
(778,	3,	NULL,	'Sovet TC3',	NULL,	NULL,	NULL,	NULL),
(778,	336,	NULL,	NULL,	NULL,	NULL,	NULL,	200),
(778,	341,	22,	NULL,	NULL,	NULL,	NULL,	NULL),
(779,	2,	NULL,	'Sovet WB-435',	NULL,	NULL,	NULL,	NULL),
(779,	3,	NULL,	'Sovet WB-435',	NULL,	NULL,	NULL,	NULL),
(779,	336,	NULL,	NULL,	NULL,	NULL,	NULL,	235),
(779,	487,	NULL,	NULL,	NULL,	NULL,	NULL,	334),
(779,	340,	0,	NULL,	NULL,	NULL,	NULL,	NULL),
(779,	341,	156,	NULL,	NULL,	NULL,	NULL,	NULL),
(779,	15,	2,	NULL,	NULL,	NULL,	NULL,	NULL),
(779,	16,	9,	NULL,	NULL,	NULL,	NULL,	NULL),
(779,	492,	1,	NULL,	NULL,	NULL,	NULL,	NULL),
(779,	493,	1,	NULL,	NULL,	NULL,	NULL,	NULL),
(779,	509,	1,	NULL,	NULL,	NULL,	NULL,	NULL),
(780,	2,	NULL,	'Sovet BC-HOOK',	NULL,	NULL,	NULL,	NULL),
(780,	3,	NULL,	'Sovet BC-HOOK',	NULL,	NULL,	NULL,	NULL),
(780,	336,	NULL,	NULL,	NULL,	NULL,	NULL,	456),
(780,	487,	NULL,	NULL,	NULL,	NULL,	NULL,	534),
(780,	340,	0,	NULL,	NULL,	NULL,	NULL,	NULL),
(780,	341,	14,	NULL,	NULL,	NULL,	NULL,	NULL),
(780,	15,	1,	NULL,	NULL,	NULL,	NULL,	NULL),
(780,	16,	4,	NULL,	NULL,	NULL,	NULL,	NULL),
(780,	492,	1,	NULL,	NULL,	NULL,	NULL,	NULL),
(780,	493,	1,	NULL,	NULL,	NULL,	NULL,	NULL),
(782,	2,	NULL,	'magn 208',	NULL,	NULL,	NULL,	NULL),
(782,	3,	NULL,	'Magn 208',	NULL,	NULL,	NULL,	NULL),
(782,	336,	NULL,	NULL,	NULL,	NULL,	NULL,	200),
(782,	496,	500,	NULL,	NULL,	NULL,	NULL,	NULL),
(782,	497,	250,	NULL,	NULL,	NULL,	NULL,	NULL),
(782,	498,	145,	NULL,	NULL,	NULL,	NULL,	NULL),
(783,	2,	NULL,	'SONY TC-640',	NULL,	NULL,	NULL,	NULL),
(783,	3,	NULL,	'SONY TC-640',	NULL,	NULL,	NULL,	NULL),
(783,	336,	NULL,	NULL,	NULL,	NULL,	NULL,	320),
(783,	341,	9,	NULL,	NULL,	NULL,	NULL,	NULL),
(783,	496,	500,	NULL,	NULL,	NULL,	NULL,	NULL),
(783,	497,	450,	NULL,	NULL,	NULL,	NULL,	NULL),
(783,	498,	200,	NULL,	NULL,	NULL,	NULL,	NULL),
(784,	2,	NULL,	'Magn 315',	NULL,	NULL,	NULL,	NULL),
(784,	3,	NULL,	'Magn 315',	NULL,	NULL,	NULL,	NULL),
(784,	336,	NULL,	NULL,	NULL,	NULL,	NULL,	199),
(784,	341,	8,	NULL,	NULL,	NULL,	NULL,	NULL),
(784,	496,	400,	NULL,	NULL,	NULL,	NULL,	NULL),
(784,	497,	250,	NULL,	NULL,	NULL,	NULL,	NULL),
(784,	498,	135,	NULL,	NULL,	NULL,	NULL,	NULL),
(786,	2,	NULL,	'Magn SS-TOP',	NULL,	NULL,	NULL,	NULL),
(786,	3,	NULL,	'Magn SS-TOP',	NULL,	NULL,	NULL,	NULL),
(786,	336,	NULL,	NULL,	NULL,	NULL,	NULL,	213),
(786,	487,	NULL,	NULL,	NULL,	NULL,	NULL,	454),
(786,	341,	554,	NULL,	NULL,	NULL,	NULL,	NULL),
(786,	496,	235,	NULL,	NULL,	NULL,	NULL,	NULL),
(786,	497,	432,	NULL,	NULL,	NULL,	NULL,	NULL),
(786,	498,	166,	NULL,	NULL,	NULL,	NULL,	NULL),
(787,	2,	NULL,	'SONY ACE-5',	NULL,	NULL,	NULL,	NULL),
(787,	3,	NULL,	'SONY ACE-5',	NULL,	NULL,	NULL,	NULL),
(787,	336,	NULL,	NULL,	NULL,	NULL,	NULL,	2764),
(787,	341,	11,	NULL,	NULL,	NULL,	NULL,	NULL),
(787,	493,	1,	NULL,	NULL,	NULL,	NULL,	NULL),
(787,	496,	526,	NULL,	NULL,	NULL,	NULL,	NULL),
(787,	497,	214,	NULL,	NULL,	NULL,	NULL,	NULL),
(787,	498,	234,	NULL,	NULL,	NULL,	NULL,	NULL),
(788,	2,	NULL,	'Player A4',	NULL,	NULL,	NULL,	NULL),
(788,	3,	NULL,	'Player B783',	NULL,	NULL,	NULL,	NULL),
(788,	336,	NULL,	NULL,	NULL,	NULL,	NULL,	523),
(788,	487,	NULL,	NULL,	NULL,	NULL,	NULL,	654),
(788,	340,	0,	NULL,	NULL,	NULL,	NULL,	NULL),
(788,	341,	75,	NULL,	NULL,	NULL,	NULL,	NULL),
(788,	493,	1,	NULL,	NULL,	NULL,	NULL,	NULL),
(788,	496,	45,	NULL,	NULL,	NULL,	NULL,	NULL),
(788,	497,	25,	NULL,	NULL,	NULL,	NULL,	NULL),
(788,	498,	22,	NULL,	NULL,	NULL,	NULL,	NULL),
(789,	2,	NULL,	'plaer T2',	NULL,	NULL,	NULL,	NULL),
(789,	3,	NULL,	'plaer N78',	NULL,	NULL,	NULL,	NULL),
(789,	336,	NULL,	NULL,	NULL,	NULL,	NULL,	34),
(789,	340,	0,	NULL,	NULL,	NULL,	NULL,	NULL),
(789,	341,	76,	NULL,	NULL,	NULL,	NULL,	NULL),
(789,	492,	1,	NULL,	NULL,	NULL,	NULL,	NULL),
(789,	496,	266,	NULL,	NULL,	NULL,	NULL,	NULL),
(789,	497,	14,	NULL,	NULL,	NULL,	NULL,	NULL),
(789,	498,	45,	NULL,	NULL,	NULL,	NULL,	NULL),
(790,	2,	NULL,	'Pioneer M-150',	NULL,	NULL,	NULL,	NULL),
(790,	3,	NULL,	'Pioneer M-150',	NULL,	NULL,	NULL,	NULL),
(790,	336,	NULL,	NULL,	NULL,	NULL,	NULL,	200),
(790,	341,	4,	NULL,	NULL,	NULL,	NULL,	NULL),
(790,	496,	190,	NULL,	NULL,	NULL,	NULL,	NULL),
(790,	497,	350,	NULL,	NULL,	NULL,	NULL,	NULL),
(790,	498,	220,	NULL,	NULL,	NULL,	NULL,	NULL),
(791,	2,	NULL,	'Technics SB-G800',	NULL,	NULL,	NULL,	NULL),
(791,	3,	NULL,	'Technics SB-G800',	NULL,	NULL,	NULL,	NULL),
(791,	336,	NULL,	NULL,	NULL,	NULL,	NULL,	190),
(791,	341,	3,	NULL,	NULL,	NULL,	NULL,	NULL),
(791,	496,	260,	NULL,	NULL,	NULL,	NULL,	NULL),
(791,	497,	400,	NULL,	NULL,	NULL,	NULL,	NULL),
(791,	498,	280,	NULL,	NULL,	NULL,	NULL,	NULL),
(792,	2,	NULL,	'Coral GG-WP',	NULL,	NULL,	NULL,	NULL),
(792,	3,	NULL,	'Coral GG-WP',	NULL,	NULL,	NULL,	NULL),
(792,	336,	NULL,	NULL,	NULL,	NULL,	NULL,	345),
(792,	487,	NULL,	NULL,	NULL,	NULL,	NULL,	532),
(792,	341,	356,	NULL,	NULL,	NULL,	NULL,	NULL),
(792,	493,	1,	NULL,	NULL,	NULL,	NULL,	NULL),
(792,	496,	325,	NULL,	NULL,	NULL,	NULL,	NULL),
(792,	497,	14,	NULL,	NULL,	NULL,	NULL,	NULL),
(792,	498,	111,	NULL,	NULL,	NULL,	NULL,	NULL),
(793,	2,	NULL,	'Pioneer GL-HF',	NULL,	NULL,	NULL,	NULL),
(793,	3,	NULL,	'Pioneer GL-HF',	NULL,	NULL,	NULL,	NULL),
(793,	336,	NULL,	NULL,	NULL,	NULL,	NULL,	77),
(793,	341,	3,	NULL,	NULL,	NULL,	NULL,	NULL),
(793,	492,	1,	NULL,	NULL,	NULL,	NULL,	NULL),
(793,	493,	1,	NULL,	NULL,	NULL,	NULL,	NULL),
(793,	496,	24,	NULL,	NULL,	NULL,	NULL,	NULL),
(793,	497,	352,	NULL,	NULL,	NULL,	NULL,	NULL),
(793,	498,	241,	NULL,	NULL,	NULL,	NULL,	NULL),
(794,	2,	NULL,	'Teac 2525',	NULL,	NULL,	NULL,	NULL),
(794,	3,	NULL,	'Teac 2525',	NULL,	NULL,	NULL,	NULL),
(794,	11,	1,	NULL,	NULL,	NULL,	NULL,	NULL),
(794,	336,	NULL,	NULL,	NULL,	NULL,	NULL,	756),
(794,	487,	NULL,	NULL,	NULL,	NULL,	NULL,	989),
(794,	340,	0,	NULL,	NULL,	NULL,	NULL,	NULL),
(794,	341,	24,	NULL,	NULL,	NULL,	NULL,	NULL),
(794,	492,	1,	NULL,	NULL,	NULL,	NULL,	NULL),
(794,	493,	1,	NULL,	NULL,	NULL,	NULL,	NULL),
(794,	496,	500,	NULL,	NULL,	NULL,	NULL,	NULL),
(794,	497,	252,	NULL,	NULL,	NULL,	NULL,	NULL),
(794,	498,	357,	NULL,	NULL,	NULL,	NULL,	NULL),
(795,	2,	NULL,	'Teac BB-200',	NULL,	NULL,	NULL,	NULL),
(795,	3,	NULL,	'Teac BB-200',	NULL,	NULL,	NULL,	NULL),
(795,	336,	NULL,	NULL,	NULL,	NULL,	NULL,	234),
(795,	341,	5,	NULL,	NULL,	NULL,	NULL,	NULL),
(795,	492,	1,	NULL,	NULL,	NULL,	NULL,	NULL),
(795,	496,	665,	NULL,	NULL,	NULL,	NULL,	NULL),
(795,	497,	352,	NULL,	NULL,	NULL,	NULL,	NULL),
(795,	498,	456,	NULL,	NULL,	NULL,	NULL,	NULL),
(796,	2,	NULL,	'Teac PS-4',	NULL,	NULL,	NULL,	NULL),
(796,	3,	NULL,	'Teac PS-4',	NULL,	NULL,	NULL,	NULL),
(796,	11,	1,	NULL,	NULL,	NULL,	NULL,	NULL),
(796,	336,	NULL,	NULL,	NULL,	NULL,	NULL,	409),
(796,	487,	NULL,	NULL,	NULL,	NULL,	NULL,	1206),
(796,	340,	0,	NULL,	NULL,	NULL,	NULL,	NULL),
(796,	341,	52,	NULL,	NULL,	NULL,	NULL,	NULL),
(796,	496,	421,	NULL,	NULL,	NULL,	NULL,	NULL),
(796,	497,	432,	NULL,	NULL,	NULL,	NULL,	NULL),
(796,	498,	52,	NULL,	NULL,	NULL,	NULL,	NULL),
(798,	2,	NULL,	'FY-8850',	NULL,	NULL,	NULL,	NULL),
(798,	3,	NULL,	'FY-8850',	NULL,	NULL,	NULL,	NULL),
(798,	336,	NULL,	NULL,	NULL,	NULL,	NULL,	123),
(798,	340,	0,	NULL,	NULL,	NULL,	NULL,	NULL),
(798,	512,	8,	NULL,	NULL,	NULL,	NULL,	NULL),
(799,	2,	NULL,	'GSM CL4',	NULL,	NULL,	NULL,	NULL),
(799,	3,	NULL,	'GSM CL4',	NULL,	NULL,	NULL,	NULL),
(799,	336,	NULL,	NULL,	NULL,	NULL,	NULL,	125),
(799,	340,	0,	NULL,	NULL,	NULL,	NULL,	NULL),
(799,	341,	9,	NULL,	NULL,	NULL,	NULL,	NULL),
(799,	512,	9,	NULL,	NULL,	NULL,	NULL,	NULL),
(800,	2,	NULL,	'FY-LR1250',	NULL,	NULL,	NULL,	NULL),
(800,	3,	NULL,	'FY-LR1250',	NULL,	NULL,	NULL,	NULL),
(800,	336,	NULL,	NULL,	NULL,	NULL,	NULL,	325),
(800,	487,	NULL,	NULL,	NULL,	NULL,	NULL,	456),
(800,	340,	0,	NULL,	NULL,	NULL,	NULL,	NULL),
(800,	341,	53,	NULL,	NULL,	NULL,	NULL,	NULL),
(800,	512,	66,	NULL,	NULL,	NULL,	NULL,	NULL),
(802,	2,	NULL,	'GSM BF1550',	NULL,	NULL,	NULL,	NULL),
(802,	3,	NULL,	'GSM BF1550',	NULL,	NULL,	NULL,	NULL),
(802,	336,	NULL,	NULL,	NULL,	NULL,	NULL,	362),
(802,	487,	NULL,	NULL,	NULL,	NULL,	NULL,	466),
(802,	340,	0,	NULL,	NULL,	NULL,	NULL,	NULL),
(802,	341,	556,	NULL,	NULL,	NULL,	NULL,	NULL),
(802,	493,	1,	NULL,	NULL,	NULL,	NULL,	NULL),
(802,	512,	888,	NULL,	NULL,	NULL,	NULL,	NULL),
(803,	2,	NULL,	'FY PUSH888',	NULL,	NULL,	NULL,	NULL),
(803,	3,	NULL,	'FY PUSH888',	NULL,	NULL,	NULL,	NULL),
(803,	336,	NULL,	NULL,	NULL,	NULL,	NULL,	425),
(803,	340,	0,	NULL,	NULL,	NULL,	NULL,	NULL),
(803,	492,	1,	NULL,	NULL,	NULL,	NULL,	NULL),
(803,	512,	2,	NULL,	NULL,	NULL,	NULL,	NULL),
(804,	2,	NULL,	'Ericssont 415',	NULL,	NULL,	NULL,	NULL),
(804,	3,	NULL,	'Ericssont 415',	NULL,	NULL,	NULL,	NULL),
(804,	336,	NULL,	NULL,	NULL,	NULL,	NULL,	188),
(804,	340,	0,	NULL,	NULL,	NULL,	NULL,	NULL),
(804,	341,	8,	NULL,	NULL,	NULL,	NULL,	NULL),
(804,	493,	1,	NULL,	NULL,	NULL,	NULL,	NULL),
(804,	512,	19,	NULL,	NULL,	NULL,	NULL,	NULL),
(805,	2,	NULL,	'Ericssont DISEN9',	NULL,	NULL,	NULL,	NULL),
(805,	3,	NULL,	'Ericssont DISEN9',	NULL,	NULL,	NULL,	NULL),
(805,	336,	NULL,	NULL,	NULL,	NULL,	NULL,	124),
(805,	340,	0,	NULL,	NULL,	NULL,	NULL,	NULL),
(805,	341,	234,	NULL,	NULL,	NULL,	NULL,	NULL),
(805,	493,	1,	NULL,	NULL,	NULL,	NULL,	NULL),
(805,	512,	44,	NULL,	NULL,	NULL,	NULL,	NULL),
(806,	2,	NULL,	'Ericssont TOME2',	NULL,	NULL,	NULL,	NULL),
(806,	3,	NULL,	'Ericssont TOME2',	NULL,	NULL,	NULL,	NULL),
(806,	336,	NULL,	NULL,	NULL,	NULL,	NULL,	88),
(806,	340,	0,	NULL,	NULL,	NULL,	NULL,	NULL),
(806,	341,	52,	NULL,	NULL,	NULL,	NULL,	NULL),
(806,	15,	1,	NULL,	NULL,	NULL,	NULL,	NULL),
(806,	16,	3,	NULL,	NULL,	NULL,	NULL,	NULL),
(806,	492,	1,	NULL,	NULL,	NULL,	NULL,	NULL),
(806,	493,	1,	NULL,	NULL,	NULL,	NULL,	NULL),
(806,	512,	45,	NULL,	NULL,	NULL,	NULL,	NULL),
(808,	2,	NULL,	'Ericssont ASHE-53',	NULL,	NULL,	NULL,	NULL),
(808,	3,	NULL,	'Ericssont ASHE-53',	NULL,	NULL,	NULL,	NULL),
(808,	336,	NULL,	NULL,	NULL,	NULL,	NULL,	875),
(808,	487,	NULL,	NULL,	NULL,	NULL,	NULL,	1029),
(808,	340,	0,	NULL,	NULL,	NULL,	NULL,	NULL),
(808,	341,	0,	NULL,	NULL,	NULL,	NULL,	NULL),
(808,	492,	1,	NULL,	NULL,	NULL,	NULL,	NULL),
(808,	493,	1,	NULL,	NULL,	NULL,	NULL,	NULL),
(808,	512,	244,	NULL,	NULL,	NULL,	NULL,	NULL),
(809,	2,	NULL,	'Elektronika 71',	NULL,	NULL,	NULL,	NULL),
(809,	3,	NULL,	'Elektronika 71',	NULL,	NULL,	NULL,	NULL),
(809,	336,	NULL,	NULL,	NULL,	NULL,	NULL,	123),
(809,	340,	0,	NULL,	NULL,	NULL,	NULL,	NULL),
(809,	341,	6,	NULL,	NULL,	NULL,	NULL,	NULL),
(809,	512,	9999999,	NULL,	NULL,	NULL,	NULL,	NULL),
(810,	2,	NULL,	'Mpad 2000',	NULL,	NULL,	NULL,	NULL),
(810,	3,	NULL,	'Mpad 2000',	NULL,	NULL,	NULL,	NULL),
(810,	336,	NULL,	NULL,	NULL,	NULL,	NULL,	562),
(810,	341,	5,	NULL,	NULL,	NULL,	NULL,	NULL),
(810,	512,	20,	NULL,	NULL,	NULL,	NULL,	NULL),
(811,	2,	NULL,	'Newton',	NULL,	NULL,	NULL,	NULL),
(811,	3,	NULL,	'Newton',	NULL,	NULL,	NULL,	NULL),
(811,	336,	NULL,	NULL,	NULL,	NULL,	NULL,	456),
(811,	340,	0,	NULL,	NULL,	NULL,	NULL,	NULL),
(811,	341,	4,	NULL,	NULL,	NULL,	NULL,	NULL),
(811,	512,	22,	NULL,	NULL,	NULL,	NULL,	NULL),
(812,	2,	NULL,	'Elektronika IE3800',	NULL,	NULL,	NULL,	NULL),
(812,	3,	NULL,	'Elektronika IE3800',	NULL,	NULL,	NULL,	NULL),
(812,	336,	NULL,	NULL,	NULL,	NULL,	NULL,	453),
(812,	487,	NULL,	NULL,	NULL,	NULL,	NULL,	545),
(812,	340,	0,	NULL,	NULL,	NULL,	NULL,	NULL),
(812,	341,	24,	NULL,	NULL,	NULL,	NULL,	NULL),
(812,	492,	1,	NULL,	NULL,	NULL,	NULL,	NULL),
(812,	512,	52,	NULL,	NULL,	NULL,	NULL,	NULL),
(813,	2,	NULL,	'Mpad INHIB100',	NULL,	NULL,	NULL,	NULL),
(813,	3,	NULL,	'Mpad INHIB100',	NULL,	NULL,	NULL,	NULL),
(813,	336,	NULL,	NULL,	NULL,	NULL,	NULL,	443),
(813,	341,	164,	NULL,	NULL,	NULL,	NULL,	NULL),
(813,	492,	1,	NULL,	NULL,	NULL,	NULL,	NULL),
(813,	493,	1,	NULL,	NULL,	NULL,	NULL,	NULL),
(813,	512,	23,	NULL,	NULL,	NULL,	NULL,	NULL),
(814,	3,	NULL,	'Re: Телевизор «Horizont»',	NULL,	NULL,	NULL,	NULL),
(814,	272,	NULL,	NULL,	'Вау, какая крутая штука! Вай-вай...',	NULL,	NULL,	NULL),
(814,	243,	1261502038,	NULL,	NULL,	NULL,	NULL,	NULL),
(815,	3,	NULL,	'Re: Телевизор «Horizont»',	NULL,	NULL,	NULL,	NULL),
(815,	272,	NULL,	NULL,	'#&#37;$&amp;^&#37;$^*()&amp;(*#$&#37;^',	NULL,	NULL,	NULL),
(815,	243,	1272540472,	NULL,	NULL,	NULL,	NULL,	NULL),
(816,	3,	NULL,	'Re: Телевизор «Horizont»',	NULL,	NULL,	NULL,	NULL),
(816,	272,	NULL,	NULL,	'&lt;b&gt;test&lt;/b&gt;',	NULL,	NULL,	NULL),
(816,	243,	1272540489,	NULL,	NULL,	NULL,	NULL,	NULL),
(817,	3,	NULL,	'Спешите, акция!',	NULL,	NULL,	NULL,	NULL),
(817,	240,	NULL,	NULL,	'<p>Успейте <a href=\"/shop/dvd_tehnika/dvd_pleery/sony_ps6750\">купить Sony ps6750</a> по сниженной цене!</p>',	NULL,	NULL,	NULL),
(817,	4,	NULL,	NULL,	'<p>Успейте <a href=\"/shop/dvd_tehnika/dvd_pleery/sony_ps6750\">купить Sony ps6750</a> по сниженной цене!</p>',	NULL,	NULL,	NULL),
(817,	243,	1261365900,	NULL,	NULL,	NULL,	NULL,	NULL),
(818,	3,	NULL,	'Только семь дней',	NULL,	NULL,	NULL,	NULL),
(818,	240,	NULL,	NULL,	'<p>Только в течение семи дней вы можете получить персональную скидку на новинки нашего магазина!</p>',	NULL,	NULL,	NULL),
(818,	4,	NULL,	NULL,	'<p>Вы можете разместить здесь подробный текст описания Вашей новости, акции или события.</p>',	NULL,	NULL,	NULL),
(818,	243,	1258761600,	NULL,	NULL,	NULL,	NULL,	NULL),
(819,	2,	NULL,	'dvd 04',	NULL,	NULL,	NULL,	NULL),
(819,	3,	NULL,	'dvd 04',	NULL,	NULL,	NULL,	NULL),
(819,	336,	NULL,	NULL,	NULL,	NULL,	NULL,	55),
(819,	340,	0,	NULL,	NULL,	NULL,	NULL,	NULL),
(819,	341,	250,	NULL,	NULL,	NULL,	NULL,	NULL),
(819,	15,	1,	NULL,	NULL,	NULL,	NULL,	NULL),
(819,	16,	2,	NULL,	NULL,	NULL,	NULL,	NULL),
(819,	492,	1,	NULL,	NULL,	NULL,	NULL,	NULL),
(819,	504,	14,	NULL,	NULL,	NULL,	NULL,	NULL),
(819,	505,	153,	NULL,	NULL,	NULL,	NULL,	NULL),
(820,	2,	NULL,	'dvd 05',	NULL,	NULL,	NULL,	NULL),
(820,	3,	NULL,	'dvd 05',	NULL,	NULL,	NULL,	NULL),
(820,	336,	NULL,	NULL,	NULL,	NULL,	NULL,	33),
(820,	487,	NULL,	NULL,	NULL,	NULL,	NULL,	44),
(820,	340,	0,	NULL,	NULL,	NULL,	NULL,	NULL),
(820,	15,	2,	NULL,	NULL,	NULL,	NULL,	NULL),
(820,	16,	2,	NULL,	NULL,	NULL,	NULL,	NULL),
(820,	504,	66,	NULL,	NULL,	NULL,	NULL,	NULL),
(820,	505,	3421,	NULL,	NULL,	NULL,	NULL,	NULL),
(821,	2,	NULL,	'dvd 06',	NULL,	NULL,	NULL,	NULL),
(821,	3,	NULL,	'dvd 06',	NULL,	NULL,	NULL,	NULL),
(821,	336,	NULL,	NULL,	NULL,	NULL,	NULL,	25),
(821,	340,	0,	NULL,	NULL,	NULL,	NULL,	NULL),
(821,	341,	534,	NULL,	NULL,	NULL,	NULL,	NULL),
(821,	15,	1,	NULL,	NULL,	NULL,	NULL,	NULL),
(821,	16,	2,	NULL,	NULL,	NULL,	NULL,	NULL),
(821,	493,	1,	NULL,	NULL,	NULL,	NULL,	NULL),
(821,	504,	4,	NULL,	NULL,	NULL,	NULL,	NULL),
(821,	505,	12,	NULL,	NULL,	NULL,	NULL,	NULL),
(822,	2,	NULL,	'dvd 03',	NULL,	NULL,	NULL,	NULL),
(822,	3,	NULL,	'dvd 03',	NULL,	NULL,	NULL,	NULL),
(822,	336,	NULL,	NULL,	NULL,	NULL,	NULL,	15),
(822,	340,	0,	NULL,	NULL,	NULL,	NULL,	NULL),
(822,	15,	2,	NULL,	NULL,	NULL,	NULL,	NULL),
(822,	16,	2,	NULL,	NULL,	NULL,	NULL,	NULL),
(822,	492,	1,	NULL,	NULL,	NULL,	NULL,	NULL),
(822,	504,	22,	NULL,	NULL,	NULL,	NULL,	NULL),
(822,	505,	380,	NULL,	NULL,	NULL,	NULL,	NULL),
(823,	2,	NULL,	'dvd 07',	NULL,	NULL,	NULL,	NULL),
(823,	3,	NULL,	'dvd 07',	NULL,	NULL,	NULL,	NULL),
(823,	336,	NULL,	NULL,	NULL,	NULL,	NULL,	32),
(823,	340,	0,	NULL,	NULL,	NULL,	NULL,	NULL),
(823,	341,	777,	NULL,	NULL,	NULL,	NULL,	NULL),
(823,	15,	1,	NULL,	NULL,	NULL,	NULL,	NULL),
(823,	16,	2,	NULL,	NULL,	NULL,	NULL,	NULL),
(823,	492,	1,	NULL,	NULL,	NULL,	NULL,	NULL),
(823,	504,	10,	NULL,	NULL,	NULL,	NULL,	NULL),
(823,	505,	78,	NULL,	NULL,	NULL,	NULL,	NULL),
(824,	2,	NULL,	'dvd 09',	NULL,	NULL,	NULL,	NULL),
(824,	3,	NULL,	'dvd 09',	NULL,	NULL,	NULL,	NULL),
(824,	336,	NULL,	NULL,	NULL,	NULL,	NULL,	15),
(824,	340,	0,	NULL,	NULL,	NULL,	NULL,	NULL),
(824,	15,	2,	NULL,	NULL,	NULL,	NULL,	NULL),
(824,	16,	2,	NULL,	NULL,	NULL,	NULL,	NULL),
(824,	504,	15,	NULL,	NULL,	NULL,	NULL,	NULL),
(824,	505,	176,	NULL,	NULL,	NULL,	NULL,	NULL),
(825,	2,	NULL,	'dvd 12',	NULL,	NULL,	NULL,	NULL),
(825,	3,	NULL,	'dvd 12',	NULL,	NULL,	NULL,	NULL),
(825,	336,	NULL,	NULL,	NULL,	NULL,	NULL,	10),
(825,	487,	NULL,	NULL,	NULL,	NULL,	NULL,	25),
(825,	340,	0,	NULL,	NULL,	NULL,	NULL,	NULL),
(825,	341,	428,	NULL,	NULL,	NULL,	NULL,	NULL),
(825,	15,	2,	NULL,	NULL,	NULL,	NULL,	NULL),
(825,	16,	2,	NULL,	NULL,	NULL,	NULL,	NULL),
(825,	493,	1,	NULL,	NULL,	NULL,	NULL,	NULL),
(825,	504,	25,	NULL,	NULL,	NULL,	NULL,	NULL),
(825,	505,	490,	NULL,	NULL,	NULL,	NULL,	NULL),
(826,	2,	NULL,	'dvd 11',	NULL,	NULL,	NULL,	NULL),
(826,	3,	NULL,	'dvd 11',	NULL,	NULL,	NULL,	NULL),
(826,	336,	NULL,	NULL,	NULL,	NULL,	NULL,	6),
(826,	487,	NULL,	NULL,	NULL,	NULL,	NULL,	9),
(826,	340,	0,	NULL,	NULL,	NULL,	NULL,	NULL),
(826,	341,	345,	NULL,	NULL,	NULL,	NULL,	NULL),
(826,	15,	1,	NULL,	NULL,	NULL,	NULL,	NULL),
(826,	16,	2,	NULL,	NULL,	NULL,	NULL,	NULL),
(826,	492,	1,	NULL,	NULL,	NULL,	NULL,	NULL),
(826,	493,	1,	NULL,	NULL,	NULL,	NULL,	NULL),
(826,	504,	16,	NULL,	NULL,	NULL,	NULL,	NULL),
(826,	505,	201,	NULL,	NULL,	NULL,	NULL,	NULL),
(827,	3,	NULL,	'Re: Телевизор «Panasonic»',	NULL,	NULL,	NULL,	NULL),
(827,	272,	NULL,	NULL,	'Отличная цветопередача.',	NULL,	NULL,	NULL),
(827,	243,	1352975248,	NULL,	NULL,	NULL,	NULL,	NULL),
(828,	3,	NULL,	'Re: Телевизор «Panasonic»',	NULL,	NULL,	NULL,	NULL),
(828,	272,	NULL,	NULL,	'Отличная цветопередача.',	NULL,	NULL,	NULL),
(828,	243,	1352975685,	NULL,	NULL,	NULL,	NULL,	NULL),
(829,	3,	NULL,	'Re: Телевизор «Panasonic»',	NULL,	NULL,	NULL,	NULL),
(829,	272,	NULL,	NULL,	'Отличная цветопередача! Такая прозрачная.',	NULL,	NULL,	NULL),
(829,	243,	1352976084,	NULL,	NULL,	NULL,	NULL,	NULL),
(830,	3,	NULL,	'Re: Akai AP-A206C',	NULL,	NULL,	NULL,	NULL),
(830,	272,	NULL,	NULL,	'Ура! Я нашел его!',	NULL,	NULL,	NULL),
(830,	243,	1352968348,	NULL,	NULL,	NULL,	NULL,	NULL),
(831,	3,	NULL,	'Re: Akai AP-A206C',	NULL,	NULL,	NULL,	NULL),
(831,	272,	NULL,	NULL,	'Как долго я искал его...',	NULL,	NULL,	NULL),
(831,	243,	1352976145,	NULL,	NULL,	NULL,	NULL,	NULL),
(832,	261,	NULL,	'fweew',	NULL,	NULL,	NULL,	NULL),
(832,	262,	NULL,	'ewewf',	NULL,	NULL,	NULL,	NULL),
(832,	263,	NULL,	'178.16.152.254',	NULL,	NULL,	NULL,	NULL),
(833,	3,	NULL,	'fweffwe',	NULL,	NULL,	NULL,	NULL),
(833,	272,	NULL,	NULL,	'ewfwefew',	NULL,	NULL,	NULL),
(833,	243,	1352968519,	NULL,	NULL,	NULL,	NULL,	NULL),
(834,	3,	NULL,	'Re: Ericssont 450',	NULL,	NULL,	NULL,	NULL),
(834,	272,	NULL,	NULL,	'qrgqq',	NULL,	NULL,	NULL),
(834,	243,	1352972639,	NULL,	NULL,	NULL,	NULL,	NULL),
(835,	3,	NULL,	'Re: Ericssont 450',	NULL,	NULL,	NULL,	NULL),
(835,	272,	NULL,	NULL,	'Отличный смартфон, очень крепкий.',	NULL,	NULL,	NULL),
(835,	243,	1352976250,	NULL,	NULL,	NULL,	NULL,	NULL),
(836,	3,	NULL,	'Электроника 432-Д',	NULL,	NULL,	NULL,	NULL),
(836,	4,	NULL,	NULL,	'<p>Переносной телевизионный приёмник цветного изображения <a href=\"/shop/televizory/zhk_televizory/televizor_horizont1/\">\"Электроника Ц-432/Д\"</a> по своим характеристикам может дать фору многим современным изделиям. Он способен принимать программы цветного и чёрно-белого телевидения на любом канале в метровом диапазоне волн, а данная модель (с индексом \"Д\") - в том числе на любом из каналов дециметрового диапазона. Экран, или как его называли раньше - кинескоп, имеет размер диагонали 25 см.</p>\r\n<p>Телевизор можно подключить к сети переменного тока с напряжением от 176 до 243 В (забудьте о дорогих стабилизаторах!) или от источника постоянного тока напряжением 11...14,5 В - например, прямо в вашем автомобиле.</p>',	NULL,	NULL,	NULL),
(836,	243,	1360819800,	NULL,	NULL,	NULL,	NULL,	NULL),
(837,	4,	NULL,	NULL,	'<p>Это один из лучших обзоров, который мне доводилось читать. Пишите ещё!</p>',	NULL,	NULL,	NULL),
(837,	243,	1360824000,	NULL,	NULL,	NULL,	NULL,	NULL),
(838,	2,	NULL,	'С чего начать?',	NULL,	NULL,	NULL,	NULL),
(838,	3,	NULL,	'С чего начать?',	NULL,	NULL,	NULL,	NULL),
(838,	4,	NULL,	NULL,	'<p>Как приступить к работе? В какой руке правильно держать отвёртку, а в какой - плоскогубцы?</p>',	NULL,	NULL,	NULL),
(839,	2,	NULL,	'Как снять корпус?',	NULL,	NULL,	NULL,	NULL),
(839,	3,	NULL,	'Как снять корпус?',	NULL,	NULL,	NULL,	NULL),
(839,	276,	NULL,	NULL,	'Как снять корпус? Там столько разных винтиков, я не понимаю какие нужно откручивать.',	NULL,	NULL,	NULL),
(839,	301,	NULL,	NULL,	'Чтобы разобрать аппарат, вам потребуется отвёртка с длинным тонким жалом. В большинстве случаев все корпусные винты отмечены в документации на прибор, так что вы легко их найдёте.',	NULL,	NULL,	NULL),
(840,	2,	NULL,	'Нужно ли выключать прибор?',	NULL,	NULL,	NULL,	NULL),
(840,	3,	NULL,	'Нужно ли выключать прибор?',	NULL,	NULL,	NULL,	NULL),
(840,	276,	NULL,	NULL,	'Нужно ли выключать прибор перед тем, как разбирать его?',	NULL,	NULL,	NULL),
(840,	301,	NULL,	NULL,	'Обязательно. Внутри прибора могут быть участки электрической цепи с напряжением более 15 кВ.',	NULL,	NULL,	NULL),
(841,	2,	NULL,	'Я выбрал M-150. Что скажете?',	NULL,	NULL,	NULL,	NULL),
(841,	3,	NULL,	'Я выбрал M-150. Что скажете?',	NULL,	NULL,	NULL,	NULL),
(841,	272,	NULL,	NULL,	'После долгих размышлений я выбрал для себя именно эту акустику. Она должна органично вписаться в интерьер нашей гостиной.',	NULL,	NULL,	NULL),
(841,	243,	1272623405,	NULL,	NULL,	NULL,	NULL,	NULL),
(842,	2,	NULL,	'Оптоволоконный разъем',	NULL,	NULL,	NULL,	NULL),
(842,	3,	NULL,	'Оптоволоконный разъем',	NULL,	NULL,	NULL,	NULL),
(842,	267,	NULL,	NULL,	'<p>Оптоволоконный разъем для установки в кабельной системе</p>',	NULL,	NULL,	NULL),
(843,	3,	NULL,	'BNC-коннектор',	NULL,	NULL,	NULL,	NULL),
(843,	267,	NULL,	NULL,	'<p>BNC-коннектор для телевизионного сигнала</p>',	NULL,	NULL,	NULL),
(844,	3,	NULL,	'Разъем для PSP',	NULL,	NULL,	NULL,	NULL),
(844,	267,	NULL,	NULL,	'<p>Разъем для подключения игровой приставки PSP</p>',	NULL,	NULL,	NULL),
(845,	3,	NULL,	'Разъем firewire',	NULL,	NULL,	NULL,	NULL),
(845,	267,	NULL,	NULL,	'<p>Разъем для аппаратуры FireWire</p>',	NULL,	NULL,	NULL),
(846,	3,	NULL,	'DVD equipment',	NULL,	NULL,	NULL,	NULL),
(847,	3,	NULL,	'Audio equipment',	NULL,	NULL,	NULL,	NULL),
(848,	3,	NULL,	'TV-sets',	NULL,	NULL,	NULL,	NULL),
(849,	3,	NULL,	'Mobile telephony',	NULL,	NULL,	NULL,	NULL),
(850,	3,	NULL,	'DVD players',	NULL,	NULL,	NULL,	NULL),
(851,	3,	NULL,	'DVD recorders',	NULL,	NULL,	NULL,	NULL),
(852,	3,	NULL,	'DVD disks',	NULL,	NULL,	NULL,	NULL),
(852,	12,	1,	NULL,	NULL,	NULL,	NULL,	NULL),
(853,	2,	NULL,	'Akai AP-A206C',	NULL,	NULL,	NULL,	NULL),
(853,	3,	NULL,	'Akai AP-A206C',	NULL,	NULL,	NULL,	NULL),
(853,	336,	NULL,	NULL,	NULL,	NULL,	NULL,	168),
(853,	340,	0,	NULL,	NULL,	NULL,	NULL,	NULL),
(853,	15,	1,	NULL,	NULL,	NULL,	NULL,	NULL),
(853,	16,	5,	NULL,	NULL,	NULL,	NULL,	NULL),
(853,	492,	1,	NULL,	NULL,	NULL,	NULL,	NULL),
(853,	494,	NULL,	NULL,	NULL,	NULL,	NULL,	4.9),
(853,	500,	5,	NULL,	NULL,	NULL,	NULL,	NULL),
(854,	2,	NULL,	'plaer T2',	NULL,	NULL,	NULL,	NULL),
(854,	3,	NULL,	'plaer T2',	NULL,	NULL,	NULL,	NULL),
(854,	336,	NULL,	NULL,	NULL,	NULL,	NULL,	45),
(854,	340,	0,	NULL,	NULL,	NULL,	NULL,	NULL),
(854,	494,	NULL,	NULL,	NULL,	NULL,	NULL,	0.37),
(854,	496,	250,	NULL,	NULL,	NULL,	NULL,	NULL),
(854,	497,	46,	NULL,	NULL,	NULL,	NULL,	NULL),
(854,	498,	200,	NULL,	NULL,	NULL,	NULL,	NULL),
(855,	3,	NULL,	'Players',	NULL,	NULL,	NULL,	NULL),
(856,	2,	NULL,	'plaer T3',	NULL,	NULL,	NULL,	NULL),
(856,	3,	NULL,	'plaer T3',	NULL,	NULL,	NULL,	NULL),
(856,	336,	NULL,	NULL,	NULL,	NULL,	NULL,	88),
(856,	494,	NULL,	NULL,	NULL,	NULL,	NULL,	0.32),
(856,	496,	200,	NULL,	NULL,	NULL,	NULL,	NULL),
(856,	497,	100,	NULL,	NULL,	NULL,	NULL,	NULL),
(856,	498,	30,	NULL,	NULL,	NULL,	NULL,	NULL),
(857,	2,	NULL,	'Teac LP-R400',	NULL,	NULL,	NULL,	NULL),
(857,	3,	NULL,	'Teac LP-R400',	NULL,	NULL,	NULL,	NULL),
(857,	336,	NULL,	NULL,	NULL,	NULL,	NULL,	650),
(857,	494,	NULL,	NULL,	NULL,	NULL,	NULL,	15.7),
(857,	496,	400,	NULL,	NULL,	NULL,	NULL,	NULL),
(857,	497,	150,	NULL,	NULL,	NULL,	NULL,	NULL),
(857,	498,	300,	NULL,	NULL,	NULL,	NULL,	NULL),
(858,	3,	NULL,	'Audio systems',	NULL,	NULL,	NULL,	NULL),
(859,	2,	NULL,	'Sony PS-6750',	NULL,	NULL,	NULL,	NULL),
(859,	3,	NULL,	'Sony PS-6750',	NULL,	NULL,	NULL,	NULL),
(859,	336,	NULL,	NULL,	NULL,	NULL,	NULL,	289),
(859,	340,	0,	NULL,	NULL,	NULL,	NULL,	NULL),
(859,	492,	1,	NULL,	NULL,	NULL,	NULL,	NULL),
(859,	494,	NULL,	NULL,	NULL,	NULL,	NULL,	7),
(859,	500,	3,	NULL,	NULL,	NULL,	NULL,	NULL),
(860,	2,	NULL,	'Toshiba SR-Q660',	NULL,	NULL,	NULL,	NULL),
(860,	3,	NULL,	'Toshiba SR-Q660',	NULL,	NULL,	NULL,	NULL),
(860,	336,	NULL,	NULL,	NULL,	NULL,	NULL,	310),
(860,	494,	NULL,	NULL,	NULL,	NULL,	NULL,	7),
(860,	500,	4,	NULL,	NULL,	NULL,	NULL,	NULL),
(861,	3,	NULL,	'Re: Akai AP-A206C',	NULL,	NULL,	NULL,	NULL),
(861,	272,	NULL,	NULL,	'I was looking for it for a long time',	NULL,	NULL,	NULL),
(861,	243,	1352976120,	NULL,	NULL,	NULL,	NULL,	NULL),
(862,	2,	NULL,	'Dual C-819',	NULL,	NULL,	NULL,	NULL),
(862,	3,	NULL,	'Dual C-819',	NULL,	NULL,	NULL,	NULL),
(862,	336,	NULL,	NULL,	NULL,	NULL,	NULL,	546),
(862,	494,	NULL,	NULL,	NULL,	NULL,	NULL,	4.86),
(862,	500,	8,	NULL,	NULL,	NULL,	NULL,	NULL),
(862,	502,	1,	NULL,	NULL,	NULL,	NULL,	NULL),
(863,	2,	NULL,	'Pioneer CT-970',	NULL,	NULL,	NULL,	NULL),
(863,	3,	NULL,	'Pioneer CT-970',	NULL,	NULL,	NULL,	NULL),
(863,	336,	NULL,	NULL,	NULL,	NULL,	NULL,	680),
(863,	494,	NULL,	NULL,	NULL,	NULL,	NULL,	5.6),
(863,	500,	7,	NULL,	NULL,	NULL,	NULL,	NULL),
(863,	502,	1,	NULL,	NULL,	NULL,	NULL,	NULL),
(864,	2,	NULL,	'Toshiba PC-X6AD',	NULL,	NULL,	NULL,	NULL),
(864,	3,	NULL,	'Toshiba PC-X6AD',	NULL,	NULL,	NULL,	NULL),
(864,	336,	NULL,	NULL,	NULL,	NULL,	NULL,	888),
(864,	494,	NULL,	NULL,	NULL,	NULL,	NULL,	6),
(864,	500,	9,	NULL,	NULL,	NULL,	NULL,	NULL),
(864,	502,	1,	NULL,	NULL,	NULL,	NULL,	NULL),
(865,	2,	NULL,	'dvd 01',	NULL,	NULL,	NULL,	NULL),
(865,	3,	NULL,	'dvd 01',	NULL,	NULL,	NULL,	NULL),
(865,	336,	NULL,	NULL,	NULL,	NULL,	NULL,	15),
(865,	340,	0,	NULL,	NULL,	NULL,	NULL,	NULL),
(865,	15,	1,	NULL,	NULL,	NULL,	NULL,	NULL),
(865,	16,	2,	NULL,	NULL,	NULL,	NULL,	NULL),
(865,	492,	1,	NULL,	NULL,	NULL,	NULL,	NULL),
(865,	504,	20,	NULL,	NULL,	NULL,	NULL,	NULL),
(865,	505,	314,	NULL,	NULL,	NULL,	NULL,	NULL),
(866,	2,	NULL,	'dvd 02',	NULL,	NULL,	NULL,	NULL),
(866,	3,	NULL,	'dvd 02',	NULL,	NULL,	NULL,	NULL),
(866,	336,	NULL,	NULL,	NULL,	NULL,	NULL,	15),
(866,	340,	0,	NULL,	NULL,	NULL,	NULL,	NULL),
(866,	15,	2,	NULL,	NULL,	NULL,	NULL,	NULL),
(866,	16,	2,	NULL,	NULL,	NULL,	NULL,	NULL),
(866,	492,	1,	NULL,	NULL,	NULL,	NULL,	NULL),
(866,	504,	22,	NULL,	NULL,	NULL,	NULL,	NULL),
(866,	505,	380,	NULL,	NULL,	NULL,	NULL,	NULL),
(867,	2,	NULL,	'Акустика',	NULL,	NULL,	NULL,	NULL),
(867,	3,	NULL,	'Acoustics',	NULL,	NULL,	NULL,	NULL),
(868,	3,	NULL,	'Tape-recorders',	NULL,	NULL,	NULL,	NULL),
(869,	2,	NULL,	'Teac GF-650',	NULL,	NULL,	NULL,	NULL),
(869,	3,	NULL,	'Teac GF-650',	NULL,	NULL,	NULL,	NULL),
(869,	11,	1,	NULL,	NULL,	NULL,	NULL,	NULL),
(869,	336,	NULL,	NULL,	NULL,	NULL,	NULL,	580),
(869,	340,	0,	NULL,	NULL,	NULL,	NULL,	NULL),
(869,	494,	NULL,	NULL,	NULL,	NULL,	NULL,	11.2),
(869,	496,	350,	NULL,	NULL,	NULL,	NULL,	NULL),
(869,	497,	190,	NULL,	NULL,	NULL,	NULL,	NULL),
(869,	498,	340,	NULL,	NULL,	NULL,	NULL,	NULL),
(870,	2,	NULL,	'Player A4',	NULL,	NULL,	NULL,	NULL),
(870,	3,	NULL,	'Player A4',	NULL,	NULL,	NULL,	NULL),
(870,	336,	NULL,	NULL,	NULL,	NULL,	NULL,	89),
(870,	340,	0,	NULL,	NULL,	NULL,	NULL,	NULL),
(870,	494,	NULL,	NULL,	NULL,	NULL,	NULL,	0.34),
(870,	496,	50,	NULL,	NULL,	NULL,	NULL,	NULL),
(870,	497,	90,	NULL,	NULL,	NULL,	NULL,	NULL),
(870,	498,	25,	NULL,	NULL,	NULL,	NULL,	NULL),
(871,	2,	NULL,	'Coral CX-7',	NULL,	NULL,	NULL,	NULL),
(871,	3,	NULL,	'Coral CX-7',	NULL,	NULL,	NULL,	NULL),
(871,	336,	NULL,	NULL,	NULL,	NULL,	NULL,	210),
(871,	494,	NULL,	NULL,	NULL,	NULL,	NULL,	7),
(871,	496,	200,	NULL,	NULL,	NULL,	NULL,	NULL),
(871,	497,	380,	NULL,	NULL,	NULL,	NULL,	NULL),
(871,	498,	230,	NULL,	NULL,	NULL,	NULL,	NULL),
(872,	2,	NULL,	'Pioneer M-150',	NULL,	NULL,	NULL,	NULL),
(872,	3,	NULL,	'Pioneer M-150',	NULL,	NULL,	NULL,	NULL),
(872,	336,	NULL,	NULL,	NULL,	NULL,	NULL,	200),
(872,	494,	NULL,	NULL,	NULL,	NULL,	NULL,	6.5),
(872,	496,	190,	NULL,	NULL,	NULL,	NULL,	NULL),
(872,	497,	350,	NULL,	NULL,	NULL,	NULL,	NULL),
(872,	498,	220,	NULL,	NULL,	NULL,	NULL,	NULL),
(873,	2,	NULL,	'Technics SB-G800',	NULL,	NULL,	NULL,	NULL),
(873,	3,	NULL,	'Technics SB-G800',	NULL,	NULL,	NULL,	NULL),
(873,	336,	NULL,	NULL,	NULL,	NULL,	NULL,	190),
(873,	494,	NULL,	NULL,	NULL,	NULL,	NULL,	8.4),
(873,	496,	260,	NULL,	NULL,	NULL,	NULL,	NULL),
(873,	497,	400,	NULL,	NULL,	NULL,	NULL,	NULL),
(873,	498,	280,	NULL,	NULL,	NULL,	NULL,	NULL),
(874,	2,	NULL,	'magn 208',	NULL,	NULL,	NULL,	NULL),
(874,	3,	NULL,	'Magn 208',	NULL,	NULL,	NULL,	NULL),
(874,	336,	NULL,	NULL,	NULL,	NULL,	NULL,	200),
(874,	494,	NULL,	NULL,	NULL,	NULL,	NULL,	6),
(874,	496,	500,	NULL,	NULL,	NULL,	NULL,	NULL),
(874,	497,	250,	NULL,	NULL,	NULL,	NULL,	NULL),
(874,	498,	145,	NULL,	NULL,	NULL,	NULL,	NULL),
(875,	2,	NULL,	'SONY TC-640',	NULL,	NULL,	NULL,	NULL),
(875,	3,	NULL,	'SONY TC-640',	NULL,	NULL,	NULL,	NULL),
(875,	336,	NULL,	NULL,	NULL,	NULL,	NULL,	320),
(875,	494,	NULL,	NULL,	NULL,	NULL,	NULL,	21),
(875,	496,	500,	NULL,	NULL,	NULL,	NULL,	NULL),
(875,	497,	450,	NULL,	NULL,	NULL,	NULL,	NULL),
(875,	498,	200,	NULL,	NULL,	NULL,	NULL,	NULL),
(876,	2,	NULL,	'Magn 315',	NULL,	NULL,	NULL,	NULL),
(876,	3,	NULL,	'Magn 315',	NULL,	NULL,	NULL,	NULL),
(876,	336,	NULL,	NULL,	NULL,	NULL,	NULL,	199),
(876,	494,	NULL,	NULL,	NULL,	NULL,	NULL,	6),
(876,	496,	400,	NULL,	NULL,	NULL,	NULL,	NULL),
(876,	497,	250,	NULL,	NULL,	NULL,	NULL,	NULL),
(876,	498,	135,	NULL,	NULL,	NULL,	NULL,	NULL),
(877,	3,	NULL,	'LCD TV-sets',	NULL,	NULL,	NULL,	NULL),
(878,	3,	NULL,	'Color TV-sets',	NULL,	NULL,	NULL,	NULL),
(879,	3,	NULL,	'Portable TV-sets',	NULL,	NULL,	NULL,	NULL),
(880,	3,	NULL,	'Black-and-white TV-sets',	NULL,	NULL,	NULL,	NULL),
(881,	3,	NULL,	'\"Panasonic\" TV-set',	NULL,	NULL,	NULL,	NULL),
(881,	336,	NULL,	NULL,	NULL,	NULL,	NULL,	2900),
(881,	488,	NULL,	NULL,	'<p>Several years ago picture-tube models were forgotten because of innovative television inventions. Leading TV manufacturers (Samsung, Sony, Sharp, Pioneer, Panasonic) started realising new models, based on new technology.</p>',	NULL,	NULL,	NULL),
(881,	494,	NULL,	NULL,	NULL,	NULL,	NULL,	120),
(881,	509,	1,	NULL,	NULL,	NULL,	NULL,	NULL),
(882,	3,	NULL,	'\"Vityas\" TV-set',	NULL,	NULL,	NULL,	NULL),
(882,	336,	NULL,	NULL,	NULL,	NULL,	NULL,	4700),
(882,	488,	NULL,	NULL,	'<p>Several years ago picture-tube models were forgotten because of innovative television inventions. Leading TV manufacturers (Samsung, Sony, Sharp, Pioneer, Panasonic) started realising new models, based on new technology.</p>',	NULL,	NULL,	NULL),
(882,	494,	NULL,	NULL,	NULL,	NULL,	NULL,	120),
(882,	509,	1,	NULL,	NULL,	NULL,	NULL,	NULL),
(883,	3,	NULL,	'\"Philips\" TV-set',	NULL,	NULL,	NULL,	NULL),
(883,	336,	NULL,	NULL,	NULL,	NULL,	NULL,	1500),
(883,	488,	NULL,	NULL,	'<p>Several years ago picture-tube models were forgotten because of innovative television inventions. Leading TV manufacturers (Samsung, Sony, Sharp, Pioneer, Panasonic) started realising new models, based on new technology.</p>',	NULL,	NULL,	NULL),
(883,	494,	NULL,	NULL,	NULL,	NULL,	NULL,	120),
(883,	509,	1,	NULL,	NULL,	NULL,	NULL,	NULL),
(884,	3,	NULL,	'\"Horizont\" TV-set',	NULL,	NULL,	NULL,	NULL),
(884,	336,	NULL,	NULL,	NULL,	NULL,	NULL,	7500),
(884,	488,	NULL,	NULL,	'<p>Several years ago picture-tube models were forgotten because of innovative television inventions. Leading TV manufacturers (Samsung, Sony, Sharp, Pioneer, Panasonic) started realising new models, based on new technology.</p>',	NULL,	NULL,	NULL),
(884,	494,	NULL,	NULL,	NULL,	NULL,	NULL,	120),
(884,	509,	1,	NULL,	NULL,	NULL,	NULL,	NULL),
(885,	3,	NULL,	'\"LG\" TV-set',	NULL,	NULL,	NULL,	NULL),
(885,	336,	NULL,	NULL,	NULL,	NULL,	NULL,	800),
(885,	488,	NULL,	NULL,	'<p>Several years ago picture-tube models were forgotten because of innovative television inventions. Leading TV manufacturers (Samsung, Sony, Sharp, Pioneer, Panasonic) started realising new models, based on new technology.</p>',	NULL,	NULL,	NULL),
(885,	494,	NULL,	NULL,	NULL,	NULL,	NULL,	120),
(885,	509,	1,	NULL,	NULL,	NULL,	NULL,	NULL),
(886,	3,	NULL,	'Re: \"Horizont\" TV-set',	NULL,	NULL,	NULL,	NULL),
(886,	272,	NULL,	NULL,	'Wow, what a cool thing!',	NULL,	NULL,	NULL),
(886,	243,	1261501980,	NULL,	NULL,	NULL,	NULL,	NULL),
(887,	3,	NULL,	'Re: \"Horizont\" TV-set',	NULL,	NULL,	NULL,	NULL),
(887,	272,	NULL,	NULL,	'#&#37;$&amp;^&#37;$^*()&amp;(*#$&#37;^',	NULL,	NULL,	NULL),
(887,	243,	1272540420,	NULL,	NULL,	NULL,	NULL,	NULL),
(888,	3,	NULL,	'Re: \"Horizont\" TV-set',	NULL,	NULL,	NULL,	NULL),
(888,	272,	NULL,	NULL,	'&lt;b&gt;test&lt;/b&gt;',	NULL,	NULL,	NULL),
(888,	243,	1272540480,	NULL,	NULL,	NULL,	NULL,	NULL),
(889,	3,	NULL,	'Re: \"Panasonic\" TV-set',	NULL,	NULL,	NULL,	NULL),
(889,	272,	NULL,	NULL,	'Excellent color reproduction!',	NULL,	NULL,	NULL),
(889,	243,	1352976060,	NULL,	NULL,	NULL,	NULL,	NULL),
(890,	2,	NULL,	'Sovet TC1',	NULL,	NULL,	NULL,	NULL),
(890,	3,	NULL,	'Sovet TC1',	NULL,	NULL,	NULL,	NULL),
(890,	336,	NULL,	NULL,	NULL,	NULL,	NULL,	325),
(890,	340,	0,	NULL,	NULL,	NULL,	NULL,	NULL),
(890,	15,	1,	NULL,	NULL,	NULL,	NULL,	NULL),
(890,	16,	4,	NULL,	NULL,	NULL,	NULL,	NULL),
(890,	492,	1,	NULL,	NULL,	NULL,	NULL,	NULL),
(890,	494,	NULL,	NULL,	NULL,	NULL,	NULL,	11),
(891,	2,	NULL,	'Sovet TC2',	NULL,	NULL,	NULL,	NULL),
(891,	3,	NULL,	'Sovet TC2',	NULL,	NULL,	NULL,	NULL),
(891,	336,	NULL,	NULL,	NULL,	NULL,	NULL,	210),
(891,	340,	0,	NULL,	NULL,	NULL,	NULL,	NULL),
(891,	492,	1,	NULL,	NULL,	NULL,	NULL,	NULL),
(891,	494,	NULL,	NULL,	NULL,	NULL,	NULL,	9),
(892,	2,	NULL,	'Sovet TC3',	NULL,	NULL,	NULL,	NULL),
(892,	3,	NULL,	'Sovet TC3',	NULL,	NULL,	NULL,	NULL),
(892,	336,	NULL,	NULL,	NULL,	NULL,	NULL,	200),
(892,	494,	NULL,	NULL,	NULL,	NULL,	NULL,	8),
(893,	2,	NULL,	'Elektronika 432',	NULL,	NULL,	NULL,	NULL),
(893,	3,	NULL,	'Elektronika 432',	NULL,	NULL,	NULL,	NULL),
(893,	336,	NULL,	NULL,	NULL,	NULL,	NULL,	111),
(893,	494,	NULL,	NULL,	NULL,	NULL,	NULL,	7),
(894,	2,	NULL,	'Oki 7',	NULL,	NULL,	NULL,	NULL),
(894,	3,	NULL,	'Oki 7',	NULL,	NULL,	NULL,	NULL),
(894,	336,	NULL,	NULL,	NULL,	NULL,	NULL,	321),
(894,	494,	NULL,	NULL,	NULL,	NULL,	NULL,	5),
(895,	2,	NULL,	'Moskwich',	NULL,	NULL,	NULL,	NULL),
(895,	3,	NULL,	'Moskwich',	NULL,	NULL,	NULL,	NULL),
(895,	336,	NULL,	NULL,	NULL,	NULL,	NULL,	256),
(895,	494,	NULL,	NULL,	NULL,	NULL,	NULL,	5),
(896,	2,	NULL,	'Soviet B1',	NULL,	NULL,	NULL,	NULL),
(896,	3,	NULL,	'Soviet B1',	NULL,	NULL,	NULL,	NULL),
(896,	336,	NULL,	NULL,	NULL,	NULL,	NULL,	125),
(896,	494,	NULL,	NULL,	NULL,	NULL,	NULL,	8),
(897,	2,	NULL,	'Soviet BA',	NULL,	NULL,	NULL,	NULL),
(897,	3,	NULL,	'Soviet BA',	NULL,	NULL,	NULL,	NULL),
(897,	336,	NULL,	NULL,	NULL,	NULL,	NULL,	114),
(897,	492,	1,	NULL,	NULL,	NULL,	NULL,	NULL),
(897,	494,	NULL,	NULL,	NULL,	NULL,	NULL,	6),
(898,	2,	NULL,	'Soviet T7',	NULL,	NULL,	NULL,	NULL),
(898,	3,	NULL,	'Soviet T7',	NULL,	NULL,	NULL,	NULL),
(898,	336,	NULL,	NULL,	NULL,	NULL,	NULL,	113),
(898,	494,	NULL,	NULL,	NULL,	NULL,	NULL,	7),
(899,	3,	NULL,	'GSM phones',	NULL,	NULL,	NULL,	NULL),
(900,	3,	NULL,	'Communicators',	NULL,	NULL,	NULL,	NULL),
(901,	3,	NULL,	'Smartphones',	NULL,	NULL,	NULL,	NULL),
(902,	2,	NULL,	'FY-8850',	NULL,	NULL,	NULL,	NULL),
(902,	3,	NULL,	'FY-8850',	NULL,	NULL,	NULL,	NULL),
(902,	336,	NULL,	NULL,	NULL,	NULL,	NULL,	123),
(902,	340,	0,	NULL,	NULL,	NULL,	NULL,	NULL),
(902,	494,	NULL,	NULL,	NULL,	NULL,	NULL,	0.705),
(902,	512,	8,	NULL,	NULL,	NULL,	NULL,	NULL),
(903,	2,	NULL,	'GSM CL4',	NULL,	NULL,	NULL,	NULL),
(903,	3,	NULL,	'GSM CL4',	NULL,	NULL,	NULL,	NULL),
(903,	336,	NULL,	NULL,	NULL,	NULL,	NULL,	125),
(903,	340,	0,	NULL,	NULL,	NULL,	NULL,	NULL),
(903,	494,	NULL,	NULL,	NULL,	NULL,	NULL,	0.89),
(903,	512,	9,	NULL,	NULL,	NULL,	NULL,	NULL),
(904,	2,	NULL,	'Elektronika 71',	NULL,	NULL,	NULL,	NULL),
(904,	3,	NULL,	'Elektronika 71',	NULL,	NULL,	NULL,	NULL),
(904,	336,	NULL,	NULL,	NULL,	NULL,	NULL,	123),
(904,	340,	0,	NULL,	NULL,	NULL,	NULL,	NULL),
(904,	494,	NULL,	NULL,	NULL,	NULL,	NULL,	0.11),
(904,	512,	9999999,	NULL,	NULL,	NULL,	NULL,	NULL),
(905,	2,	NULL,	'Mpad 2000',	NULL,	NULL,	NULL,	NULL),
(905,	3,	NULL,	'Mpad 2000',	NULL,	NULL,	NULL,	NULL),
(905,	336,	NULL,	NULL,	NULL,	NULL,	NULL,	562),
(905,	494,	NULL,	NULL,	NULL,	NULL,	NULL,	0.2),
(905,	512,	20,	NULL,	NULL,	NULL,	NULL,	NULL),
(906,	2,	NULL,	'Newton',	NULL,	NULL,	NULL,	NULL),
(906,	3,	NULL,	'Newton',	NULL,	NULL,	NULL,	NULL),
(906,	336,	NULL,	NULL,	NULL,	NULL,	NULL,	456),
(906,	340,	0,	NULL,	NULL,	NULL,	NULL,	NULL),
(906,	494,	NULL,	NULL,	NULL,	NULL,	NULL,	0.32),
(906,	512,	22,	NULL,	NULL,	NULL,	NULL,	NULL),
(907,	2,	NULL,	'Ericssont 415',	NULL,	NULL,	NULL,	NULL),
(907,	3,	NULL,	'Ericssont 415',	NULL,	NULL,	NULL,	NULL),
(907,	336,	NULL,	NULL,	NULL,	NULL,	NULL,	188),
(907,	340,	0,	NULL,	NULL,	NULL,	NULL,	NULL),
(907,	494,	NULL,	NULL,	NULL,	NULL,	NULL,	0.236),
(907,	512,	19,	NULL,	NULL,	NULL,	NULL,	NULL),
(908,	2,	NULL,	'Ericssont 450',	NULL,	NULL,	NULL,	NULL),
(908,	3,	NULL,	'Ericssont 450',	NULL,	NULL,	NULL,	NULL),
(908,	336,	NULL,	NULL,	NULL,	NULL,	NULL,	236),
(908,	340,	0,	NULL,	NULL,	NULL,	NULL,	NULL),
(908,	15,	1,	NULL,	NULL,	NULL,	NULL,	NULL),
(908,	16,	3,	NULL,	NULL,	NULL,	NULL,	NULL),
(908,	492,	1,	NULL,	NULL,	NULL,	NULL,	NULL),
(908,	494,	NULL,	NULL,	NULL,	NULL,	NULL,	0.21),
(908,	512,	31,	NULL,	NULL,	NULL,	NULL,	NULL),
(909,	3,	NULL,	'Re: Ericssont 450',	NULL,	NULL,	NULL,	NULL),
(909,	272,	NULL,	NULL,	'Excellent smartphone!',	NULL,	NULL,	NULL),
(909,	243,	1352976240,	NULL,	NULL,	NULL,	NULL,	NULL),
(910,	3,	NULL,	'Just seven days',	NULL,	NULL,	NULL,	NULL),
(910,	240,	NULL,	NULL,	'<p>You can get a personal discount on new items in our store during 7 days only.</p>',	NULL,	NULL,	NULL),
(910,	4,	NULL,	NULL,	'<p>Here you can place detailed description of your news item, offer or event.</p>',	NULL,	NULL,	NULL),
(910,	243,	1258761600,	NULL,	NULL,	NULL,	NULL,	NULL),
(911,	3,	NULL,	'Hurry up, greate offer!',	NULL,	NULL,	NULL,	NULL),
(911,	240,	NULL,	NULL,	'<p>Till July 1st you will get 2 Gb USB flash driver buying any laptop!!</p>',	NULL,	NULL,	NULL),
(911,	4,	NULL,	NULL,	'<p>Till July 1st you will get 2 Gb USB flash driver buying any laptop!!</p>',	NULL,	NULL,	NULL),
(911,	243,	1261365900,	NULL,	NULL,	NULL,	NULL,	NULL),
(912,	3,	NULL,	'Electronika 432-D',	NULL,	NULL,	NULL,	NULL),
(912,	4,	NULL,	NULL,	'<p>A portable color TV set <a href=\"/en/shop/televizory/port_televi/elektronika_432/\">\"Electronika C-432/D\"</a> in its characteristics can give odds to many modern products. It can receive color and black-and-white programs by any channel in the meter long wave band, this model (\"D\" index) can also receive programs in the decimeter wave band. Diagonal size of the screen, or as it was called before - picture tube, is 25 cm.</p>\r\n<p>TV set can be connected to the AC with voltage 176-243 V (you can forget about expensive stabilizers!) or to DC with voltage 11-14.5 V, for example, right in your car.</p>',	NULL,	NULL,	NULL),
(912,	243,	1360819800,	NULL,	NULL,	NULL,	NULL,	NULL),
(913,	4,	NULL,	NULL,	'<p>It is one of the best reviews I have ever read. Keep on writing!</p>',	NULL,	NULL,	NULL),
(913,	243,	1360824000,	NULL,	NULL,	NULL,	NULL,	NULL),
(914,	2,	NULL,	'Where to start?',	NULL,	NULL,	NULL,	NULL),
(914,	3,	NULL,	'Where to start?',	NULL,	NULL,	NULL,	NULL),
(914,	4,	NULL,	NULL,	'<p>How to get started? Which hand should I hold a screwdriver and pliers?</p>',	NULL,	NULL,	NULL),
(915,	2,	NULL,	'How to remove the case?',	NULL,	NULL,	NULL,	NULL),
(915,	3,	NULL,	'How to remove the case?',	NULL,	NULL,	NULL,	NULL),
(915,	276,	NULL,	NULL,	'How to remove the case? There are so many different small screws, I do not understand what you need to unscrew.',	NULL,	NULL,	NULL),
(915,	301,	NULL,	NULL,	'You need a screwdriver with a long thin blade to disassemble the device. Generaly all case screws marked in the documentation, so you can find them easily.',	NULL,	NULL,	NULL),
(915,	243,	1384527720,	NULL,	NULL,	NULL,	NULL,	NULL),
(916,	2,	NULL,	'Should I switch off the device?',	NULL,	NULL,	NULL,	NULL),
(916,	3,	NULL,	'Should I switch off the device?',	NULL,	NULL,	NULL,	NULL),
(916,	276,	NULL,	NULL,	'Should I switch off the device before disassembling?',	NULL,	NULL,	NULL),
(916,	301,	NULL,	NULL,	'Switching of is necessary. The device may contain parts of circuit with voltage more than 15 kV. ',	NULL,	NULL,	NULL),
(916,	243,	1384527780,	NULL,	NULL,	NULL,	NULL,	NULL),
(917,	2,	NULL,	'I chose the M-150. What do you think?',	NULL,	NULL,	NULL,	NULL),
(917,	3,	NULL,	'I chose the M-150. What do you think?',	NULL,	NULL,	NULL,	NULL),
(917,	272,	NULL,	NULL,	'After deliberation I chose this acoustics for myself. It should blend in with the interior of our living room.',	NULL,	NULL,	NULL),
(917,	243,	1272623400,	NULL,	NULL,	NULL,	NULL,	NULL),
(918,	2,	NULL,	'Optical fiber connector',	NULL,	NULL,	NULL,	NULL),
(918,	3,	NULL,	'Optical fiber connector',	NULL,	NULL,	NULL,	NULL),
(918,	267,	NULL,	NULL,	'<p>Optical fiber connector for a cable system</p>',	NULL,	NULL,	NULL),
(919,	3,	NULL,	'BNC-connector',	NULL,	NULL,	NULL,	NULL),
(919,	267,	NULL,	NULL,	'<p>BNC-connector for television signal</p>',	NULL,	NULL,	NULL),
(920,	3,	NULL,	'Connector for PSP',	NULL,	NULL,	NULL,	NULL),
(920,	267,	NULL,	NULL,	'<p>Connector for PSP game console</p>',	NULL,	NULL,	NULL),
(921,	3,	NULL,	'Firewire connector',	NULL,	NULL,	NULL,	NULL),
(921,	267,	NULL,	NULL,	'<p>Connector for FireWire devices</p>',	NULL,	NULL,	NULL),
(186,	67,	90,	NULL,	NULL,	NULL,	NULL,	NULL),
(922,	236,	NULL,	NULL,	NULL,	NULL,	NULL,	2),
(933,	236,	NULL,	NULL,	NULL,	NULL,	NULL,	7),
(935,	236,	NULL,	NULL,	NULL,	NULL,	NULL,	50),
(189,	133,	96,	NULL,	NULL,	NULL,	NULL,	NULL),
(206,	67,	91,	NULL,	NULL,	NULL,	NULL,	NULL),
(207,	67,	92,	NULL,	NULL,	NULL,	NULL,	NULL),
(208,	67,	93,	NULL,	NULL,	NULL,	NULL,	NULL),
(209,	67,	94,	NULL,	NULL,	NULL,	NULL,	NULL),
(211,	67,	95,	NULL,	NULL,	NULL,	NULL,	NULL),
(951,	355,	NULL,	NULL,	NULL,	NULL,	NULL,	1000),
(951,	356,	NULL,	NULL,	NULL,	NULL,	NULL,	100000),
(954,	357,	NULL,	NULL,	NULL,	NULL,	NULL,	12),
(954,	358,	NULL,	NULL,	NULL,	NULL,	NULL,	23123),
(212,	62,	89,	NULL,	NULL,	NULL,	NULL,	NULL),
(213,	113,	101,	NULL,	NULL,	NULL,	NULL,	NULL),
(214,	113,	102,	NULL,	NULL,	NULL,	NULL,	NULL),
(958,	81,	192123,	NULL,	NULL,	NULL,	NULL,	NULL),
(958,	82,	NULL,	'Ленинградская область',	NULL,	NULL,	NULL,	NULL),
(958,	83,	NULL,	'Санкт-Петербург',	NULL,	NULL,	NULL,	NULL),
(958,	84,	NULL,	'ул. Большая Пушкарская',	NULL,	NULL,	NULL,	NULL),
(958,	85,	NULL,	'2',	NULL,	NULL,	NULL,	NULL),
(958,	86,	NULL,	'44',	NULL,	NULL,	NULL,	NULL),
(960,	424,	NULL,	NULL,	'Баннер в правом столбце',	NULL,	NULL,	NULL),
(960,	425,	1,	NULL,	NULL,	NULL,	NULL,	NULL),
(961,	426,	1,	NULL,	NULL,	NULL,	NULL,	NULL),
(961,	448,	198,	NULL,	NULL,	NULL,	NULL,	NULL),
(961,	449,	198,	NULL,	NULL,	NULL,	NULL,	NULL),
(961,	428,	NULL,	'http://www.umi-cms.ru/',	NULL,	NULL,	NULL,	NULL),
(961,	429,	1,	NULL,	NULL,	NULL,	NULL,	NULL),
(962,	312,	26073,	NULL,	NULL,	NULL,	NULL,	NULL),
(963,	426,	1,	NULL,	NULL,	NULL,	NULL,	NULL),
(963,	428,	NULL,	'/shop/televizory/port_televi/elektronika_432/',	NULL,	NULL,	NULL,	NULL),
(963,	430,	749,	NULL,	NULL,	NULL,	NULL,	NULL),
(963,	431,	4,	NULL,	NULL,	NULL,	NULL,	NULL),
(964,	426,	1,	NULL,	NULL,	NULL,	NULL,	NULL),
(964,	453,	NULL,	NULL,	'<h3>Рекламная акция:</h3>\r\n<p style=\"font-size: 18px; color: #ff9933; margin: 10px 0 0 0;\">Akai AP-A206C</p>\r\n<p><strong>Direct Drive</strong> Feature - первый проигрыватель с прямым приводом.</p>\r\n<p><a href=\"/shop/dvd_tehnika/dvd_pleery/akai_apa206c/\">Купить сейчас</a></p>',	NULL,	NULL,	NULL),
(964,	428,	NULL,	'http://demodizzy.phoenix.umisoft.ru/shop/dvd_tehnika/dvd_pleery/akai_apa206c/',	NULL,	NULL,	NULL,	NULL),
(964,	433,	1449049200,	NULL,	NULL,	NULL,	NULL,	NULL),
(965,	303,	NULL,	NULL,	'Самые последние новинки в мире портативных устройств',	NULL,	NULL,	NULL),
(965,	306,	1,	NULL,	NULL,	NULL,	NULL,	NULL),
(966,	312,	101626,	NULL,	NULL,	NULL,	NULL,	NULL),
(968,	93,	1,	NULL,	NULL,	NULL,	NULL,	NULL),
(968,	94,	NULL,	NULL,	NULL,	NULL,	NULL,	1860),
(968,	95,	NULL,	NULL,	NULL,	NULL,	NULL,	1860),
(968,	97,	NULL,	NULL,	NULL,	NULL,	NULL,	1729.8),
(969,	93,	1,	NULL,	NULL,	NULL,	NULL,	NULL),
(969,	94,	NULL,	NULL,	NULL,	NULL,	NULL,	1860),
(969,	95,	NULL,	NULL,	NULL,	NULL,	NULL,	1860),
(969,	97,	NULL,	NULL,	NULL,	NULL,	NULL,	1729.8),
(970,	93,	1,	NULL,	NULL,	NULL,	NULL,	NULL),
(970,	94,	NULL,	NULL,	NULL,	NULL,	NULL,	1860),
(970,	95,	NULL,	NULL,	NULL,	NULL,	NULL,	1860),
(970,	97,	NULL,	NULL,	NULL,	NULL,	NULL,	1729.8),
(971,	93,	1,	NULL,	NULL,	NULL,	NULL,	NULL),
(971,	94,	NULL,	NULL,	NULL,	NULL,	NULL,	1860),
(971,	95,	NULL,	NULL,	NULL,	NULL,	NULL,	1860),
(971,	97,	NULL,	NULL,	NULL,	NULL,	NULL,	1729.8),
(972,	93,	1,	NULL,	NULL,	NULL,	NULL,	NULL),
(972,	94,	NULL,	NULL,	NULL,	NULL,	NULL,	3000),
(972,	95,	NULL,	NULL,	NULL,	NULL,	NULL,	3000),
(972,	97,	NULL,	NULL,	NULL,	NULL,	NULL,	3000),
(973,	93,	1,	NULL,	NULL,	NULL,	NULL,	NULL),
(973,	94,	NULL,	NULL,	NULL,	NULL,	NULL,	1860),
(973,	95,	NULL,	NULL,	NULL,	NULL,	NULL,	1860),
(973,	97,	NULL,	NULL,	NULL,	NULL,	NULL,	1729.8),
(974,	93,	1,	NULL,	NULL,	NULL,	NULL,	NULL),
(974,	94,	NULL,	NULL,	NULL,	NULL,	NULL,	2300),
(974,	95,	NULL,	NULL,	NULL,	NULL,	NULL,	2300),
(974,	97,	NULL,	NULL,	NULL,	NULL,	NULL,	2300),
(975,	31,	44,	NULL,	NULL,	NULL,	NULL,	NULL),
(976,	31,	45,	NULL,	NULL,	NULL,	NULL,	NULL),
(977,	31,	23,	NULL,	NULL,	NULL,	NULL,	NULL),
(978,	31,	52,	NULL,	NULL,	NULL,	NULL,	NULL),
(979,	31,	26,	NULL,	NULL,	NULL,	NULL,	NULL),
(980,	31,	53,	NULL,	NULL,	NULL,	NULL,	NULL),
(981,	31,	36,	NULL,	NULL,	NULL,	NULL,	NULL),
(219,	133,	98,	NULL,	NULL,	NULL,	NULL,	NULL),
(220,	113,	103,	NULL,	NULL,	NULL,	NULL,	NULL),
(221,	113,	104,	NULL,	NULL,	NULL,	NULL,	NULL),
(983,	154,	0,	NULL,	NULL,	NULL,	NULL,	NULL),
(983,	168,	NULL,	NULL,	'/admin/webforms/template_edit/101947/.xml',	NULL,	NULL,	NULL),
(986,	93,	1,	NULL,	NULL,	NULL,	NULL,	NULL),
(986,	94,	NULL,	NULL,	NULL,	NULL,	NULL,	210),
(986,	95,	NULL,	NULL,	NULL,	NULL,	NULL,	210),
(986,	97,	NULL,	NULL,	NULL,	NULL,	NULL,	210),
(987,	93,	1,	NULL,	NULL,	NULL,	NULL,	NULL),
(987,	94,	NULL,	NULL,	NULL,	NULL,	NULL,	289),
(987,	95,	NULL,	NULL,	NULL,	NULL,	NULL,	289),
(987,	97,	NULL,	NULL,	NULL,	NULL,	NULL,	289),
(988,	93,	1,	NULL,	NULL,	NULL,	NULL,	NULL),
(988,	94,	NULL,	NULL,	NULL,	NULL,	NULL,	15),
(988,	95,	NULL,	NULL,	NULL,	NULL,	NULL,	15),
(988,	97,	NULL,	NULL,	NULL,	NULL,	NULL,	15),
(989,	145,	1,	NULL,	NULL,	NULL,	NULL,	NULL),
(989,	152,	NULL,	NULL,	NULL,	NULL,	NULL,	514),
(989,	153,	NULL,	NULL,	NULL,	NULL,	NULL,	714),
(989,	154,	3,	NULL,	NULL,	NULL,	NULL,	NULL),
(989,	155,	1310112540,	NULL,	NULL,	NULL,	NULL,	NULL),
(989,	156,	1310110380,	NULL,	NULL,	NULL,	NULL,	NULL),
(989,	158,	1,	NULL,	NULL,	NULL,	NULL,	NULL),
(989,	179,	NULL,	'101698',	NULL,	NULL,	NULL,	NULL),
(989,	191,	NULL,	NULL,	NULL,	NULL,	NULL,	200),
(989,	201,	1,	NULL,	NULL,	NULL,	NULL,	NULL),
(990,	93,	1,	NULL,	NULL,	NULL,	NULL,	NULL),
(990,	94,	NULL,	NULL,	NULL,	NULL,	NULL,	236),
(990,	95,	NULL,	NULL,	NULL,	NULL,	NULL,	236),
(990,	97,	NULL,	NULL,	NULL,	NULL,	NULL,	236),
(991,	93,	1,	NULL,	NULL,	NULL,	NULL,	NULL),
(991,	94,	NULL,	NULL,	NULL,	NULL,	NULL,	210),
(991,	95,	NULL,	NULL,	NULL,	NULL,	NULL,	210),
(991,	97,	NULL,	NULL,	NULL,	NULL,	NULL,	210),
(992,	93,	1,	NULL,	NULL,	NULL,	NULL,	NULL),
(992,	94,	NULL,	NULL,	NULL,	NULL,	NULL,	325),
(992,	95,	NULL,	NULL,	NULL,	NULL,	NULL,	325),
(992,	97,	NULL,	NULL,	NULL,	NULL,	NULL,	325),
(993,	93,	1,	NULL,	NULL,	NULL,	NULL,	NULL),
(993,	94,	NULL,	NULL,	NULL,	NULL,	NULL,	15),
(993,	95,	NULL,	NULL,	NULL,	NULL,	NULL,	15),
(993,	97,	NULL,	NULL,	NULL,	NULL,	NULL,	15),
(994,	145,	2,	NULL,	NULL,	NULL,	NULL,	NULL),
(994,	152,	NULL,	NULL,	NULL,	NULL,	NULL,	786),
(994,	153,	NULL,	NULL,	NULL,	NULL,	NULL,	786),
(994,	154,	4,	NULL,	NULL,	NULL,	NULL,	NULL),
(994,	155,	1310112540,	NULL,	NULL,	NULL,	NULL,	NULL),
(994,	156,	1310110620,	NULL,	NULL,	NULL,	NULL,	NULL),
(994,	158,	1,	NULL,	NULL,	NULL,	NULL,	NULL),
(994,	179,	NULL,	'101702',	NULL,	NULL,	NULL,	NULL),
(994,	201,	1,	NULL,	NULL,	NULL,	NULL,	NULL),
(995,	93,	1,	NULL,	NULL,	NULL,	NULL,	NULL),
(995,	94,	NULL,	NULL,	NULL,	NULL,	NULL,	325),
(995,	95,	NULL,	NULL,	NULL,	NULL,	NULL,	325),
(995,	97,	NULL,	NULL,	NULL,	NULL,	NULL,	325),
(996,	93,	2,	NULL,	NULL,	NULL,	NULL,	NULL),
(996,	94,	NULL,	NULL,	NULL,	NULL,	NULL,	188),
(996,	95,	NULL,	NULL,	NULL,	NULL,	NULL,	376),
(996,	97,	NULL,	NULL,	NULL,	NULL,	NULL,	376),
(997,	93,	1,	NULL,	NULL,	NULL,	NULL,	NULL),
(997,	94,	NULL,	NULL,	NULL,	NULL,	NULL,	236),
(997,	95,	NULL,	NULL,	NULL,	NULL,	NULL,	236),
(997,	97,	NULL,	NULL,	NULL,	NULL,	NULL,	236),
(998,	93,	1,	NULL,	NULL,	NULL,	NULL,	NULL),
(998,	94,	NULL,	NULL,	NULL,	NULL,	NULL,	125),
(998,	95,	NULL,	NULL,	NULL,	NULL,	NULL,	125),
(998,	97,	NULL,	NULL,	NULL,	NULL,	NULL,	125),
(999,	93,	1,	NULL,	NULL,	NULL,	NULL,	NULL),
(999,	94,	NULL,	NULL,	NULL,	NULL,	NULL,	456),
(999,	95,	NULL,	NULL,	NULL,	NULL,	NULL,	456),
(999,	97,	NULL,	NULL,	NULL,	NULL,	NULL,	456),
(1000,	93,	1,	NULL,	NULL,	NULL,	NULL,	NULL),
(1000,	94,	NULL,	NULL,	NULL,	NULL,	NULL,	123),
(1000,	95,	NULL,	NULL,	NULL,	NULL,	NULL,	123),
(1000,	97,	NULL,	NULL,	NULL,	NULL,	NULL,	123),
(1001,	93,	1,	NULL,	NULL,	NULL,	NULL,	NULL),
(1001,	94,	NULL,	NULL,	NULL,	NULL,	NULL,	123),
(1001,	95,	NULL,	NULL,	NULL,	NULL,	NULL,	123),
(1001,	97,	NULL,	NULL,	NULL,	NULL,	NULL,	123),
(1002,	145,	3,	NULL,	NULL,	NULL,	NULL,	NULL),
(1002,	152,	NULL,	NULL,	NULL,	NULL,	NULL,	1764),
(1002,	153,	NULL,	NULL,	NULL,	NULL,	NULL,	1764),
(1002,	154,	8,	NULL,	NULL,	NULL,	NULL,	NULL),
(1002,	155,	1310112540,	NULL,	NULL,	NULL,	NULL,	NULL),
(1002,	156,	1310110740,	NULL,	NULL,	NULL,	NULL,	NULL),
(1002,	158,	1,	NULL,	NULL,	NULL,	NULL,	NULL),
(1002,	179,	NULL,	'101708',	NULL,	NULL,	NULL,	NULL),
(1002,	201,	1,	NULL,	NULL,	NULL,	NULL,	NULL),
(1003,	93,	1,	NULL,	NULL,	NULL,	NULL,	NULL),
(1003,	94,	NULL,	NULL,	NULL,	NULL,	NULL,	580),
(1003,	95,	NULL,	NULL,	NULL,	NULL,	NULL,	580),
(1003,	97,	NULL,	NULL,	NULL,	NULL,	NULL,	580),
(1004,	145,	4,	NULL,	NULL,	NULL,	NULL,	NULL),
(1004,	152,	NULL,	NULL,	NULL,	NULL,	NULL,	580),
(1004,	153,	NULL,	NULL,	NULL,	NULL,	NULL,	780),
(1004,	154,	1,	NULL,	NULL,	NULL,	NULL,	NULL),
(1004,	155,	1310112540,	NULL,	NULL,	NULL,	NULL,	NULL),
(1004,	156,	1310110860,	NULL,	NULL,	NULL,	NULL,	NULL),
(1004,	158,	1,	NULL,	NULL,	NULL,	NULL,	NULL),
(1004,	179,	NULL,	'101716',	NULL,	NULL,	NULL,	NULL),
(1004,	191,	NULL,	NULL,	NULL,	NULL,	NULL,	200),
(1004,	201,	1,	NULL,	NULL,	NULL,	NULL,	NULL),
(1005,	93,	1,	NULL,	NULL,	NULL,	NULL,	NULL),
(1005,	94,	NULL,	NULL,	NULL,	NULL,	NULL,	289),
(1005,	95,	NULL,	NULL,	NULL,	NULL,	NULL,	289),
(1005,	97,	NULL,	NULL,	NULL,	NULL,	NULL,	289),
(1006,	145,	5,	NULL,	NULL,	NULL,	NULL,	NULL),
(1006,	152,	NULL,	NULL,	NULL,	NULL,	NULL,	289),
(1006,	153,	NULL,	NULL,	NULL,	NULL,	NULL,	289),
(1006,	154,	1,	NULL,	NULL,	NULL,	NULL,	NULL),
(1006,	155,	1310112540,	NULL,	NULL,	NULL,	NULL,	NULL),
(1006,	156,	1310110980,	NULL,	NULL,	NULL,	NULL,	NULL),
(1006,	179,	NULL,	'101718',	NULL,	NULL,	NULL,	NULL),
(1006,	201,	1,	NULL,	NULL,	NULL,	NULL,	NULL),
(1008,	93,	1,	NULL,	NULL,	NULL,	NULL,	NULL),
(1008,	94,	NULL,	NULL,	NULL,	NULL,	NULL,	325),
(1008,	95,	NULL,	NULL,	NULL,	NULL,	NULL,	325),
(1008,	97,	NULL,	NULL,	NULL,	NULL,	NULL,	325),
(1009,	93,	0,	NULL,	NULL,	NULL,	NULL,	NULL),
(1009,	94,	NULL,	NULL,	NULL,	NULL,	NULL,	168),
(1010,	93,	1,	NULL,	NULL,	NULL,	NULL,	NULL),
(1010,	94,	NULL,	NULL,	NULL,	NULL,	NULL,	168),
(1010,	95,	NULL,	NULL,	NULL,	NULL,	NULL,	168),
(1010,	97,	NULL,	NULL,	NULL,	NULL,	NULL,	168),
(1011,	93,	0,	NULL,	NULL,	NULL,	NULL,	NULL),
(1011,	94,	NULL,	NULL,	NULL,	NULL,	NULL,	168),
(1012,	93,	1,	NULL,	NULL,	NULL,	NULL,	NULL),
(1012,	94,	NULL,	NULL,	NULL,	NULL,	NULL,	168),
(1012,	95,	NULL,	NULL,	NULL,	NULL,	NULL,	168),
(1012,	97,	NULL,	NULL,	NULL,	NULL,	NULL,	168),
(1013,	93,	1,	NULL,	NULL,	NULL,	NULL,	NULL),
(1013,	94,	NULL,	NULL,	NULL,	NULL,	NULL,	289),
(1013,	95,	NULL,	NULL,	NULL,	NULL,	NULL,	289),
(1013,	97,	NULL,	NULL,	NULL,	NULL,	NULL,	289),
(1014,	93,	1,	NULL,	NULL,	NULL,	NULL,	NULL),
(1014,	94,	NULL,	NULL,	NULL,	NULL,	NULL,	310),
(1014,	95,	NULL,	NULL,	NULL,	NULL,	NULL,	310),
(1014,	97,	NULL,	NULL,	NULL,	NULL,	NULL,	310),
(1015,	93,	1,	NULL,	NULL,	NULL,	NULL,	NULL),
(1015,	94,	NULL,	NULL,	NULL,	NULL,	NULL,	580),
(1015,	95,	NULL,	NULL,	NULL,	NULL,	NULL,	580),
(1015,	97,	NULL,	NULL,	NULL,	NULL,	NULL,	580),
(1016,	93,	1,	NULL,	NULL,	NULL,	NULL,	NULL),
(1016,	94,	NULL,	NULL,	NULL,	NULL,	NULL,	325),
(1016,	95,	NULL,	NULL,	NULL,	NULL,	NULL,	325),
(1016,	97,	NULL,	NULL,	NULL,	NULL,	NULL,	325),
(1017,	93,	1,	NULL,	NULL,	NULL,	NULL,	NULL),
(1017,	94,	NULL,	NULL,	NULL,	NULL,	NULL,	15),
(1017,	95,	NULL,	NULL,	NULL,	NULL,	NULL,	15),
(1017,	97,	NULL,	NULL,	NULL,	NULL,	NULL,	15),
(1018,	93,	1,	NULL,	NULL,	NULL,	NULL,	NULL),
(1018,	94,	NULL,	NULL,	NULL,	NULL,	NULL,	236),
(1018,	95,	NULL,	NULL,	NULL,	NULL,	NULL,	236),
(1018,	97,	NULL,	NULL,	NULL,	NULL,	NULL,	236),
(1019,	93,	1,	NULL,	NULL,	NULL,	NULL,	NULL),
(1019,	94,	NULL,	NULL,	NULL,	NULL,	NULL,	2900),
(1019,	95,	NULL,	NULL,	NULL,	NULL,	NULL,	2900),
(1019,	97,	NULL,	NULL,	NULL,	NULL,	NULL,	2900),
(1020,	93,	1,	NULL,	NULL,	NULL,	NULL,	NULL),
(1020,	94,	NULL,	NULL,	NULL,	NULL,	NULL,	236),
(1020,	95,	NULL,	NULL,	NULL,	NULL,	NULL,	236),
(1020,	97,	NULL,	NULL,	NULL,	NULL,	NULL,	236),
(1021,	152,	NULL,	NULL,	NULL,	NULL,	NULL,	236),
(1021,	153,	NULL,	NULL,	NULL,	NULL,	NULL,	236),
(1021,	154,	1,	NULL,	NULL,	NULL,	NULL,	NULL),
(253,	113,	105,	NULL,	NULL,	NULL,	NULL,	NULL),
(279,	113,	106,	NULL,	NULL,	NULL,	NULL,	NULL),
(280,	113,	107,	NULL,	NULL,	NULL,	NULL,	NULL),
(1022,	484,	NULL,	'elfinder',	NULL,	NULL,	NULL,	NULL),
(1023,	93,	0,	NULL,	NULL,	NULL,	NULL,	NULL),
(1023,	94,	NULL,	NULL,	NULL,	NULL,	NULL,	168),
(1024,	93,	1,	NULL,	NULL,	NULL,	NULL,	NULL),
(1024,	94,	NULL,	NULL,	NULL,	NULL,	NULL,	168),
(1024,	95,	NULL,	NULL,	NULL,	NULL,	NULL,	168),
(1024,	97,	NULL,	NULL,	NULL,	NULL,	NULL,	168),
(1025,	93,	1,	NULL,	NULL,	NULL,	NULL,	NULL),
(1025,	94,	NULL,	NULL,	NULL,	NULL,	NULL,	15),
(1025,	95,	NULL,	NULL,	NULL,	NULL,	NULL,	15),
(1025,	97,	NULL,	NULL,	NULL,	NULL,	NULL,	15),
(1026,	93,	1,	NULL,	NULL,	NULL,	NULL,	NULL),
(1026,	94,	NULL,	NULL,	NULL,	NULL,	NULL,	89),
(1026,	95,	NULL,	NULL,	NULL,	NULL,	NULL,	89),
(1026,	97,	NULL,	NULL,	NULL,	NULL,	NULL,	89),
(1027,	93,	1,	NULL,	NULL,	NULL,	NULL,	NULL),
(1027,	94,	NULL,	NULL,	NULL,	NULL,	NULL,	236),
(1027,	95,	NULL,	NULL,	NULL,	NULL,	NULL,	236),
(1027,	97,	NULL,	NULL,	NULL,	NULL,	NULL,	236),
(1028,	145,	6,	NULL,	NULL,	NULL,	NULL,	NULL),
(1028,	152,	NULL,	NULL,	NULL,	NULL,	NULL,	236),
(1028,	153,	NULL,	NULL,	NULL,	NULL,	NULL,	236),
(1028,	154,	1,	NULL,	NULL,	NULL,	NULL,	NULL),
(1028,	155,	1352976288,	NULL,	NULL,	NULL,	NULL,	NULL),
(1028,	156,	1352976288,	NULL,	NULL,	NULL,	NULL,	NULL),
(1028,	158,	1,	NULL,	NULL,	NULL,	NULL,	NULL),
(1028,	167,	NULL,	NULL,	'http://demodizzy.updates.umi-cms.ru/emarket/purchase/payment/choose/',	NULL,	NULL,	NULL),
(1028,	168,	NULL,	NULL,	'/',	NULL,	NULL,	NULL),
(1028,	179,	NULL,	'101800',	NULL,	NULL,	NULL,	NULL),
(1028,	201,	1,	NULL,	NULL,	NULL,	NULL,	NULL),
(1029,	93,	1,	NULL,	NULL,	NULL,	NULL,	NULL),
(1029,	94,	NULL,	NULL,	NULL,	NULL,	NULL,	45),
(1029,	95,	NULL,	NULL,	NULL,	NULL,	NULL,	45),
(1029,	97,	NULL,	NULL,	NULL,	NULL,	NULL,	45),
(1030,	145,	7,	NULL,	NULL,	NULL,	NULL,	NULL),
(1030,	152,	NULL,	NULL,	NULL,	NULL,	NULL,	45),
(1030,	153,	NULL,	NULL,	NULL,	NULL,	NULL,	45),
(1030,	154,	1,	NULL,	NULL,	NULL,	NULL,	NULL),
(1030,	155,	1352976300,	NULL,	NULL,	NULL,	NULL,	NULL),
(1030,	156,	1352976300,	NULL,	NULL,	NULL,	NULL,	NULL),
(1030,	158,	1,	NULL,	NULL,	NULL,	NULL,	NULL),
(1030,	167,	NULL,	NULL,	'http://demodizzy.updates.umi-cms.ru/emarket/purchase/payment/choose/',	NULL,	NULL,	NULL),
(1030,	168,	NULL,	NULL,	'/',	NULL,	NULL,	NULL),
(1030,	179,	NULL,	'101802',	NULL,	NULL,	NULL,	NULL),
(1030,	201,	1,	NULL,	NULL,	NULL,	NULL,	NULL),
(1033,	303,	NULL,	NULL,	'The latest innovations in the world of portable devices',	NULL,	NULL,	NULL),
(1033,	306,	1,	NULL,	NULL,	NULL,	NULL,	NULL),
(284,	113,	108,	NULL,	NULL,	NULL,	NULL,	NULL),
(302,	113,	109,	NULL,	NULL,	NULL,	NULL,	NULL),
(303,	113,	110,	NULL,	NULL,	NULL,	NULL,	NULL),
(304,	113,	111,	NULL,	NULL,	NULL,	NULL,	NULL),
(1035,	238,	NULL,	'hmenu',	NULL,	NULL,	NULL,	NULL),
(1036,	93,	1,	NULL,	NULL,	NULL,	NULL,	NULL),
(1036,	94,	NULL,	NULL,	NULL,	NULL,	NULL,	15),
(1036,	95,	NULL,	NULL,	NULL,	NULL,	NULL,	15),
(1036,	97,	NULL,	NULL,	NULL,	NULL,	NULL,	15),
(1037,	152,	NULL,	NULL,	NULL,	NULL,	NULL,	15),
(1037,	153,	NULL,	NULL,	NULL,	NULL,	NULL,	15),
(1037,	154,	1,	NULL,	NULL,	NULL,	NULL,	NULL),
(1037,	168,	NULL,	NULL,	'/emarket/basket/put/element/88/',	NULL,	NULL,	NULL),
(1037,	174,	1423479610,	NULL,	NULL,	NULL,	NULL,	NULL),
(1039,	154,	0,	NULL,	NULL,	NULL,	NULL,	NULL),
(1039,	168,	NULL,	NULL,	'/emarket/basket/put/element/95/',	NULL,	NULL,	NULL),
(1039,	174,	1423479613,	NULL,	NULL,	NULL,	NULL,	NULL),
(1041,	93,	1,	NULL,	NULL,	NULL,	NULL,	NULL),
(1041,	94,	NULL,	NULL,	NULL,	NULL,	NULL,	236),
(1041,	95,	NULL,	NULL,	NULL,	NULL,	NULL,	236),
(1041,	97,	NULL,	NULL,	NULL,	NULL,	NULL,	236),
(1042,	152,	NULL,	NULL,	NULL,	NULL,	NULL,	236),
(1042,	153,	NULL,	NULL,	NULL,	NULL,	NULL,	236),
(1042,	154,	1,	NULL,	NULL,	NULL,	NULL,	NULL),
(1042,	168,	NULL,	NULL,	'/emarket/basket/put/element/105/',	NULL,	NULL,	NULL),
(1042,	174,	1423479613,	NULL,	NULL,	NULL,	NULL,	NULL),
(1044,	93,	1,	NULL,	NULL,	NULL,	NULL,	NULL),
(1044,	94,	NULL,	NULL,	NULL,	NULL,	NULL,	325),
(1044,	95,	NULL,	NULL,	NULL,	NULL,	NULL,	325),
(1044,	97,	NULL,	NULL,	NULL,	NULL,	NULL,	325),
(1045,	152,	NULL,	NULL,	NULL,	NULL,	NULL,	325),
(1045,	153,	NULL,	NULL,	NULL,	NULL,	NULL,	325),
(1045,	154,	1,	NULL,	NULL,	NULL,	NULL,	NULL),
(1045,	168,	NULL,	NULL,	'/emarket/basket/put/element/90/',	NULL,	NULL,	NULL),
(1045,	174,	1423479613,	NULL,	NULL,	NULL,	NULL,	NULL),
(1047,	93,	1,	NULL,	NULL,	NULL,	NULL,	NULL),
(1047,	94,	NULL,	NULL,	NULL,	NULL,	NULL,	114),
(1047,	95,	NULL,	NULL,	NULL,	NULL,	NULL,	114),
(1047,	97,	NULL,	NULL,	NULL,	NULL,	NULL,	114),
(1048,	295,	NULL,	'Получатель формы',	NULL,	NULL,	NULL,	NULL),
(1048,	296,	NULL,	'admin@example.com',	NULL,	NULL,	NULL,	NULL),
(1049,	284,	NULL,	'mailer@umisoft.ru',	NULL,	NULL,	NULL,	NULL),
(1049,	285,	NULL,	'UMI mailer',	NULL,	NULL,	NULL,	NULL),
(1049,	286,	NULL,	'Заказ обратного звонка',	NULL,	NULL,	NULL,	NULL),
(1049,	287,	NULL,	NULL,	'<p>%name% просил перезвонить ему по телефону %phone%</p>\r\n<p>Комментарий: %comment%</p>',	NULL,	NULL,	NULL),
(1049,	294,	143,	NULL,	NULL,	NULL,	NULL,	NULL),
(1050,	93,	1,	NULL,	NULL,	NULL,	NULL,	NULL),
(1050,	94,	NULL,	NULL,	NULL,	NULL,	NULL,	236),
(1050,	95,	NULL,	NULL,	NULL,	NULL,	NULL,	236),
(1050,	97,	NULL,	NULL,	NULL,	NULL,	NULL,	236),
(1051,	152,	NULL,	NULL,	NULL,	NULL,	NULL,	236),
(1051,	153,	NULL,	NULL,	NULL,	NULL,	NULL,	236),
(1051,	154,	1,	NULL,	NULL,	NULL,	NULL,	NULL),
(1051,	168,	NULL,	NULL,	'/emarket/basket/put/element/105/',	NULL,	NULL,	NULL),
(1051,	174,	1431448353,	NULL,	NULL,	NULL,	NULL,	NULL),
(1053,	93,	1,	NULL,	NULL,	NULL,	NULL,	NULL),
(1053,	94,	NULL,	NULL,	NULL,	NULL,	NULL,	15),
(1053,	95,	NULL,	NULL,	NULL,	NULL,	NULL,	15),
(1053,	97,	NULL,	NULL,	NULL,	NULL,	NULL,	15),
(1054,	152,	NULL,	NULL,	NULL,	NULL,	NULL,	15),
(1054,	153,	NULL,	NULL,	NULL,	NULL,	NULL,	15),
(1054,	154,	1,	NULL,	NULL,	NULL,	NULL,	NULL),
(1054,	168,	NULL,	NULL,	'/emarket/basket/put/element/88/',	NULL,	NULL,	NULL),
(1054,	174,	1431448353,	NULL,	NULL,	NULL,	NULL,	NULL),
(1056,	93,	1,	NULL,	NULL,	NULL,	NULL,	NULL),
(1056,	94,	NULL,	NULL,	NULL,	NULL,	NULL,	188),
(1056,	95,	NULL,	NULL,	NULL,	NULL,	NULL,	188),
(1056,	97,	NULL,	NULL,	NULL,	NULL,	NULL,	188),
(1057,	152,	NULL,	NULL,	NULL,	NULL,	NULL,	188),
(1057,	153,	NULL,	NULL,	NULL,	NULL,	NULL,	188),
(1057,	154,	1,	NULL,	NULL,	NULL,	NULL,	NULL),
(1057,	168,	NULL,	NULL,	'/emarket/basket/put/element/104/',	NULL,	NULL,	NULL),
(1057,	174,	1431448354,	NULL,	NULL,	NULL,	NULL,	NULL),
(1059,	93,	1,	NULL,	NULL,	NULL,	NULL,	NULL),
(1059,	94,	NULL,	NULL,	NULL,	NULL,	NULL,	15),
(1059,	95,	NULL,	NULL,	NULL,	NULL,	NULL,	15),
(1059,	97,	NULL,	NULL,	NULL,	NULL,	NULL,	15),
(1060,	152,	NULL,	NULL,	NULL,	NULL,	NULL,	15),
(1060,	153,	NULL,	NULL,	NULL,	NULL,	NULL,	15),
(1060,	154,	1,	NULL,	NULL,	NULL,	NULL,	NULL),
(1060,	168,	NULL,	NULL,	'/emarket/basket/put/element/89/',	NULL,	NULL,	NULL),
(1060,	174,	1431448354,	NULL,	NULL,	NULL,	NULL,	NULL),
(1062,	93,	1,	NULL,	NULL,	NULL,	NULL,	NULL),
(1062,	94,	NULL,	NULL,	NULL,	NULL,	NULL,	456),
(1062,	95,	NULL,	NULL,	NULL,	NULL,	NULL,	456),
(1062,	97,	NULL,	NULL,	NULL,	NULL,	NULL,	456),
(1063,	152,	NULL,	NULL,	NULL,	NULL,	NULL,	456),
(1063,	153,	NULL,	NULL,	NULL,	NULL,	NULL,	456),
(1063,	154,	1,	NULL,	NULL,	NULL,	NULL,	NULL),
(1063,	168,	NULL,	NULL,	'/emarket/basket/put/element/103/',	NULL,	NULL,	NULL),
(1063,	174,	1431448355,	NULL,	NULL,	NULL,	NULL,	NULL),
(1065,	93,	1,	NULL,	NULL,	NULL,	NULL,	NULL),
(1065,	94,	NULL,	NULL,	NULL,	NULL,	NULL,	325),
(1065,	95,	NULL,	NULL,	NULL,	NULL,	NULL,	325),
(1065,	97,	NULL,	NULL,	NULL,	NULL,	NULL,	325),
(1066,	152,	NULL,	NULL,	NULL,	NULL,	NULL,	325),
(1066,	153,	NULL,	NULL,	NULL,	NULL,	NULL,	325),
(1066,	154,	1,	NULL,	NULL,	NULL,	NULL,	NULL),
(1066,	168,	NULL,	NULL,	'/emarket/basket/put/element/90/',	NULL,	NULL,	NULL),
(1066,	174,	1431448356,	NULL,	NULL,	NULL,	NULL,	NULL),
(1068,	93,	1,	NULL,	NULL,	NULL,	NULL,	NULL),
(1068,	94,	NULL,	NULL,	NULL,	NULL,	NULL,	289),
(1068,	95,	NULL,	NULL,	NULL,	NULL,	NULL,	289),
(1068,	97,	NULL,	NULL,	NULL,	NULL,	NULL,	289),
(1069,	152,	NULL,	NULL,	NULL,	NULL,	NULL,	289),
(1069,	153,	NULL,	NULL,	NULL,	NULL,	NULL,	289),
(1069,	154,	1,	NULL,	NULL,	NULL,	NULL,	NULL),
(1069,	168,	NULL,	NULL,	'/emarket/basket/put/element/83/',	NULL,	NULL,	NULL),
(1069,	174,	1431448357,	NULL,	NULL,	NULL,	NULL,	NULL),
(1071,	93,	1,	NULL,	NULL,	NULL,	NULL,	NULL),
(1071,	94,	NULL,	NULL,	NULL,	NULL,	NULL,	210),
(1071,	95,	NULL,	NULL,	NULL,	NULL,	NULL,	210),
(1071,	97,	NULL,	NULL,	NULL,	NULL,	NULL,	210),
(1072,	152,	NULL,	NULL,	NULL,	NULL,	NULL,	210),
(1072,	153,	NULL,	NULL,	NULL,	NULL,	NULL,	210),
(1072,	154,	1,	NULL,	NULL,	NULL,	NULL,	NULL),
(1072,	168,	NULL,	NULL,	'/emarket/basket/put/element/91/',	NULL,	NULL,	NULL),
(1072,	174,	1431448358,	NULL,	NULL,	NULL,	NULL,	NULL),
(1074,	93,	1,	NULL,	NULL,	NULL,	NULL,	NULL),
(1074,	94,	NULL,	NULL,	NULL,	NULL,	NULL,	114),
(1074,	95,	NULL,	NULL,	NULL,	NULL,	NULL,	114),
(1074,	97,	NULL,	NULL,	NULL,	NULL,	NULL,	114),
(1075,	152,	NULL,	NULL,	NULL,	NULL,	NULL,	114),
(1075,	153,	NULL,	NULL,	NULL,	NULL,	NULL,	114),
(1075,	154,	1,	NULL,	NULL,	NULL,	NULL,	NULL),
(1075,	168,	NULL,	NULL,	'/emarket/basket/put/element/95/',	NULL,	NULL,	NULL),
(1075,	174,	1431448359,	NULL,	NULL,	NULL,	NULL,	NULL),
(1077,	93,	1,	NULL,	NULL,	NULL,	NULL,	NULL),
(1077,	94,	NULL,	NULL,	NULL,	NULL,	NULL,	15),
(1077,	95,	NULL,	NULL,	NULL,	NULL,	NULL,	15),
(1077,	97,	NULL,	NULL,	NULL,	NULL,	NULL,	15),
(1078,	152,	NULL,	NULL,	NULL,	NULL,	NULL,	15),
(1078,	153,	NULL,	NULL,	NULL,	NULL,	NULL,	15),
(1078,	154,	1,	NULL,	NULL,	NULL,	NULL,	NULL),
(1078,	168,	NULL,	NULL,	'/emarket/basket/put/element/89/',	NULL,	NULL,	NULL),
(1078,	174,	1431534093,	NULL,	NULL,	NULL,	NULL,	NULL),
(1080,	93,	1,	NULL,	NULL,	NULL,	NULL,	NULL),
(1080,	94,	NULL,	NULL,	NULL,	NULL,	NULL,	236),
(1080,	95,	NULL,	NULL,	NULL,	NULL,	NULL,	236),
(1080,	97,	NULL,	NULL,	NULL,	NULL,	NULL,	236),
(1081,	152,	NULL,	NULL,	NULL,	NULL,	NULL,	236),
(1081,	153,	NULL,	NULL,	NULL,	NULL,	NULL,	236),
(1081,	154,	1,	NULL,	NULL,	NULL,	NULL,	NULL),
(1081,	168,	NULL,	NULL,	'/emarket/basket/put/element/105/',	NULL,	NULL,	NULL),
(1081,	174,	1431534093,	NULL,	NULL,	NULL,	NULL,	NULL),
(1083,	93,	1,	NULL,	NULL,	NULL,	NULL,	NULL),
(1083,	94,	NULL,	NULL,	NULL,	NULL,	NULL,	456),
(1083,	95,	NULL,	NULL,	NULL,	NULL,	NULL,	456),
(1083,	97,	NULL,	NULL,	NULL,	NULL,	NULL,	456),
(1084,	152,	NULL,	NULL,	NULL,	NULL,	NULL,	456),
(1084,	153,	NULL,	NULL,	NULL,	NULL,	NULL,	456),
(1084,	154,	1,	NULL,	NULL,	NULL,	NULL,	NULL),
(1084,	168,	NULL,	NULL,	'/emarket/basket/put/element/103/',	NULL,	NULL,	NULL),
(1084,	174,	1431534096,	NULL,	NULL,	NULL,	NULL,	NULL),
(1086,	93,	1,	NULL,	NULL,	NULL,	NULL,	NULL),
(1086,	94,	NULL,	NULL,	NULL,	NULL,	NULL,	15),
(1086,	95,	NULL,	NULL,	NULL,	NULL,	NULL,	15),
(1086,	97,	NULL,	NULL,	NULL,	NULL,	NULL,	15),
(1087,	152,	NULL,	NULL,	NULL,	NULL,	NULL,	15),
(1087,	153,	NULL,	NULL,	NULL,	NULL,	NULL,	15),
(1087,	154,	1,	NULL,	NULL,	NULL,	NULL,	NULL),
(1087,	168,	NULL,	NULL,	'/emarket/basket/put/element/88/',	NULL,	NULL,	NULL),
(1087,	174,	1431534097,	NULL,	NULL,	NULL,	NULL,	NULL),
(1089,	93,	1,	NULL,	NULL,	NULL,	NULL,	NULL),
(1089,	94,	NULL,	NULL,	NULL,	NULL,	NULL,	210),
(1089,	95,	NULL,	NULL,	NULL,	NULL,	NULL,	210),
(1089,	97,	NULL,	NULL,	NULL,	NULL,	NULL,	210),
(1090,	152,	NULL,	NULL,	NULL,	NULL,	NULL,	210),
(1090,	153,	NULL,	NULL,	NULL,	NULL,	NULL,	210),
(1090,	154,	1,	NULL,	NULL,	NULL,	NULL,	NULL),
(1090,	168,	NULL,	NULL,	'/emarket/basket/put/element/91/',	NULL,	NULL,	NULL),
(1090,	174,	1431534099,	NULL,	NULL,	NULL,	NULL,	NULL),
(1092,	93,	1,	NULL,	NULL,	NULL,	NULL,	NULL),
(1092,	94,	NULL,	NULL,	NULL,	NULL,	NULL,	289),
(1092,	95,	NULL,	NULL,	NULL,	NULL,	NULL,	289),
(1092,	97,	NULL,	NULL,	NULL,	NULL,	NULL,	289),
(1093,	152,	NULL,	NULL,	NULL,	NULL,	NULL,	289),
(1093,	153,	NULL,	NULL,	NULL,	NULL,	NULL,	289),
(1093,	154,	1,	NULL,	NULL,	NULL,	NULL,	NULL),
(1093,	168,	NULL,	NULL,	'/emarket/basket/put/element/83/',	NULL,	NULL,	NULL),
(1093,	174,	1431534099,	NULL,	NULL,	NULL,	NULL,	NULL),
(1095,	93,	1,	NULL,	NULL,	NULL,	NULL,	NULL),
(1095,	94,	NULL,	NULL,	NULL,	NULL,	NULL,	456),
(1095,	95,	NULL,	NULL,	NULL,	NULL,	NULL,	456),
(1095,	97,	NULL,	NULL,	NULL,	NULL,	NULL,	456),
(1096,	152,	NULL,	NULL,	NULL,	NULL,	NULL,	456),
(1096,	153,	NULL,	NULL,	NULL,	NULL,	NULL,	456),
(1096,	154,	1,	NULL,	NULL,	NULL,	NULL,	NULL),
(1096,	168,	NULL,	NULL,	'/emarket/basket/put/element/103/',	NULL,	NULL,	NULL),
(1096,	174,	1431534100,	NULL,	NULL,	NULL,	NULL,	NULL),
(1098,	93,	1,	NULL,	NULL,	NULL,	NULL,	NULL),
(1098,	94,	NULL,	NULL,	NULL,	NULL,	NULL,	289),
(1098,	95,	NULL,	NULL,	NULL,	NULL,	NULL,	289),
(1098,	97,	NULL,	NULL,	NULL,	NULL,	NULL,	289),
(1099,	152,	NULL,	NULL,	NULL,	NULL,	NULL,	289),
(1099,	153,	NULL,	NULL,	NULL,	NULL,	NULL,	289),
(1099,	154,	1,	NULL,	NULL,	NULL,	NULL,	NULL),
(1099,	168,	NULL,	NULL,	'/emarket/basket/put/element/83/',	NULL,	NULL,	NULL),
(1099,	174,	1431534100,	NULL,	NULL,	NULL,	NULL,	NULL),
(1101,	93,	1,	NULL,	NULL,	NULL,	NULL,	NULL),
(1101,	94,	NULL,	NULL,	NULL,	NULL,	NULL,	325),
(1101,	95,	NULL,	NULL,	NULL,	NULL,	NULL,	325),
(1101,	97,	NULL,	NULL,	NULL,	NULL,	NULL,	325),
(1102,	152,	NULL,	NULL,	NULL,	NULL,	NULL,	325),
(1102,	153,	NULL,	NULL,	NULL,	NULL,	NULL,	325),
(1102,	154,	1,	NULL,	NULL,	NULL,	NULL,	NULL),
(1102,	168,	NULL,	NULL,	'/emarket/basket/put/element/90/',	NULL,	NULL,	NULL),
(1102,	174,	1431534102,	NULL,	NULL,	NULL,	NULL,	NULL),
(1104,	93,	1,	NULL,	NULL,	NULL,	NULL,	NULL),
(1104,	94,	NULL,	NULL,	NULL,	NULL,	NULL,	325),
(1104,	95,	NULL,	NULL,	NULL,	NULL,	NULL,	325),
(1104,	97,	NULL,	NULL,	NULL,	NULL,	NULL,	325),
(1105,	152,	NULL,	NULL,	NULL,	NULL,	NULL,	325),
(1105,	153,	NULL,	NULL,	NULL,	NULL,	NULL,	325),
(1105,	154,	1,	NULL,	NULL,	NULL,	NULL,	NULL),
(1105,	168,	NULL,	NULL,	'/emarket/basket/put/element/90/',	NULL,	NULL,	NULL),
(1105,	174,	1431534103,	NULL,	NULL,	NULL,	NULL,	NULL),
(1107,	93,	1,	NULL,	NULL,	NULL,	NULL,	NULL),
(1107,	94,	NULL,	NULL,	NULL,	NULL,	NULL,	114),
(1107,	95,	NULL,	NULL,	NULL,	NULL,	NULL,	114),
(1107,	97,	NULL,	NULL,	NULL,	NULL,	NULL,	114),
(1108,	152,	NULL,	NULL,	NULL,	NULL,	NULL,	114),
(1108,	153,	NULL,	NULL,	NULL,	NULL,	NULL,	114),
(1108,	154,	1,	NULL,	NULL,	NULL,	NULL,	NULL),
(1108,	168,	NULL,	NULL,	'/emarket/basket/put/element/95/',	NULL,	NULL,	NULL),
(1108,	174,	1431534104,	NULL,	NULL,	NULL,	NULL,	NULL),
(1110,	93,	1,	NULL,	NULL,	NULL,	NULL,	NULL),
(1110,	94,	NULL,	NULL,	NULL,	NULL,	NULL,	188),
(1110,	95,	NULL,	NULL,	NULL,	NULL,	NULL,	188),
(1110,	97,	NULL,	NULL,	NULL,	NULL,	NULL,	188),
(1111,	152,	NULL,	NULL,	NULL,	NULL,	NULL,	188),
(1111,	153,	NULL,	NULL,	NULL,	NULL,	NULL,	188),
(1111,	154,	1,	NULL,	NULL,	NULL,	NULL,	NULL),
(1111,	168,	NULL,	NULL,	'/emarket/basket/put/element/104/',	NULL,	NULL,	NULL),
(1111,	174,	1431534105,	NULL,	NULL,	NULL,	NULL,	NULL),
(1113,	93,	1,	NULL,	NULL,	NULL,	NULL,	NULL),
(1113,	94,	NULL,	NULL,	NULL,	NULL,	NULL,	210),
(1113,	95,	NULL,	NULL,	NULL,	NULL,	NULL,	210),
(1113,	97,	NULL,	NULL,	NULL,	NULL,	NULL,	210),
(1114,	152,	NULL,	NULL,	NULL,	NULL,	NULL,	210),
(1114,	153,	NULL,	NULL,	NULL,	NULL,	NULL,	210),
(1114,	154,	1,	NULL,	NULL,	NULL,	NULL,	NULL),
(1114,	168,	NULL,	NULL,	'/emarket/basket/put/element/79/',	NULL,	NULL,	NULL),
(1114,	174,	1431549576,	NULL,	NULL,	NULL,	NULL,	NULL),
(1116,	93,	1,	NULL,	NULL,	NULL,	NULL,	NULL),
(1116,	94,	NULL,	NULL,	NULL,	NULL,	NULL,	200),
(1116,	95,	NULL,	NULL,	NULL,	NULL,	NULL,	200),
(1116,	97,	NULL,	NULL,	NULL,	NULL,	NULL,	200),
(1117,	152,	NULL,	NULL,	NULL,	NULL,	NULL,	200),
(1117,	153,	NULL,	NULL,	NULL,	NULL,	NULL,	200),
(1117,	154,	1,	NULL,	NULL,	NULL,	NULL,	NULL),
(1117,	168,	NULL,	NULL,	'/emarket/basket/put/element/80/',	NULL,	NULL,	NULL),
(1117,	174,	1431549577,	NULL,	NULL,	NULL,	NULL,	NULL),
(1119,	93,	1,	NULL,	NULL,	NULL,	NULL,	NULL),
(1119,	94,	NULL,	NULL,	NULL,	NULL,	NULL,	190),
(1119,	95,	NULL,	NULL,	NULL,	NULL,	NULL,	190),
(1119,	97,	NULL,	NULL,	NULL,	NULL,	NULL,	190),
(1120,	152,	NULL,	NULL,	NULL,	NULL,	NULL,	190),
(1120,	153,	NULL,	NULL,	NULL,	NULL,	NULL,	190),
(1120,	154,	1,	NULL,	NULL,	NULL,	NULL,	NULL),
(1120,	168,	NULL,	NULL,	'/emarket/basket/put/element/81/',	NULL,	NULL,	NULL),
(1120,	174,	1431549580,	NULL,	NULL,	NULL,	NULL,	NULL),
(1122,	93,	1,	NULL,	NULL,	NULL,	NULL,	NULL),
(1122,	94,	NULL,	NULL,	NULL,	NULL,	NULL,	200),
(1122,	95,	NULL,	NULL,	NULL,	NULL,	NULL,	200),
(1122,	97,	NULL,	NULL,	NULL,	NULL,	NULL,	200),
(1123,	152,	NULL,	NULL,	NULL,	NULL,	NULL,	200),
(1123,	153,	NULL,	NULL,	NULL,	NULL,	NULL,	200),
(1123,	154,	1,	NULL,	NULL,	NULL,	NULL,	NULL),
(1123,	168,	NULL,	NULL,	'/emarket/basket/put/element/73/',	NULL,	NULL,	NULL),
(1123,	174,	1431549580,	NULL,	NULL,	NULL,	NULL,	NULL),
(1125,	93,	1,	NULL,	NULL,	NULL,	NULL,	NULL),
(1125,	94,	NULL,	NULL,	NULL,	NULL,	NULL,	320),
(1125,	95,	NULL,	NULL,	NULL,	NULL,	NULL,	320),
(1125,	97,	NULL,	NULL,	NULL,	NULL,	NULL,	320),
(1126,	152,	NULL,	NULL,	NULL,	NULL,	NULL,	320),
(1126,	153,	NULL,	NULL,	NULL,	NULL,	NULL,	320),
(1126,	154,	1,	NULL,	NULL,	NULL,	NULL,	NULL),
(1126,	168,	NULL,	NULL,	'/emarket/basket/put/element/74/',	NULL,	NULL,	NULL),
(1126,	174,	1431549581,	NULL,	NULL,	NULL,	NULL,	NULL),
(1128,	93,	1,	NULL,	NULL,	NULL,	NULL,	NULL),
(1128,	94,	NULL,	NULL,	NULL,	NULL,	NULL,	580),
(1128,	95,	NULL,	NULL,	NULL,	NULL,	NULL,	580),
(1128,	97,	NULL,	NULL,	NULL,	NULL,	NULL,	580),
(1129,	152,	NULL,	NULL,	NULL,	NULL,	NULL,	580),
(1129,	153,	NULL,	NULL,	NULL,	NULL,	NULL,	580),
(1129,	154,	1,	NULL,	NULL,	NULL,	NULL,	NULL),
(1129,	168,	NULL,	NULL,	'/emarket/basket/put/element/71/',	NULL,	NULL,	NULL),
(1129,	174,	1431549585,	NULL,	NULL,	NULL,	NULL,	NULL),
(1131,	93,	1,	NULL,	NULL,	NULL,	NULL,	NULL),
(1131,	94,	NULL,	NULL,	NULL,	NULL,	NULL,	89),
(1131,	95,	NULL,	NULL,	NULL,	NULL,	NULL,	89),
(1131,	97,	NULL,	NULL,	NULL,	NULL,	NULL,	89),
(1132,	152,	NULL,	NULL,	NULL,	NULL,	NULL,	89),
(1132,	153,	NULL,	NULL,	NULL,	NULL,	NULL,	89),
(1132,	154,	1,	NULL,	NULL,	NULL,	NULL,	NULL),
(1132,	168,	NULL,	NULL,	'/emarket/basket/put/element/76/',	NULL,	NULL,	NULL),
(1132,	174,	1431549585,	NULL,	NULL,	NULL,	NULL,	NULL),
(1134,	93,	1,	NULL,	NULL,	NULL,	NULL,	NULL),
(1134,	94,	NULL,	NULL,	NULL,	NULL,	NULL,	650),
(1134,	95,	NULL,	NULL,	NULL,	NULL,	NULL,	650),
(1134,	97,	NULL,	NULL,	NULL,	NULL,	NULL,	650),
(1135,	152,	NULL,	NULL,	NULL,	NULL,	NULL,	650),
(1135,	153,	NULL,	NULL,	NULL,	NULL,	NULL,	650),
(1135,	154,	1,	NULL,	NULL,	NULL,	NULL,	NULL),
(1135,	168,	NULL,	NULL,	'/emarket/basket/put/element/72/',	NULL,	NULL,	NULL),
(1135,	174,	1431549586,	NULL,	NULL,	NULL,	NULL,	NULL),
(1137,	93,	1,	NULL,	NULL,	NULL,	NULL,	NULL),
(1137,	94,	NULL,	NULL,	NULL,	NULL,	NULL,	45),
(1137,	95,	NULL,	NULL,	NULL,	NULL,	NULL,	45),
(1137,	97,	NULL,	NULL,	NULL,	NULL,	NULL,	45),
(1138,	152,	NULL,	NULL,	NULL,	NULL,	NULL,	45),
(1138,	153,	NULL,	NULL,	NULL,	NULL,	NULL,	45),
(1138,	154,	1,	NULL,	NULL,	NULL,	NULL,	NULL),
(1138,	168,	NULL,	NULL,	'/emarket/basket/put/element/77/',	NULL,	NULL,	NULL),
(1138,	174,	1431549587,	NULL,	NULL,	NULL,	NULL,	NULL),
(1140,	93,	1,	NULL,	NULL,	NULL,	NULL,	NULL),
(1140,	94,	NULL,	NULL,	NULL,	NULL,	NULL,	199),
(1140,	95,	NULL,	NULL,	NULL,	NULL,	NULL,	199),
(1140,	97,	NULL,	NULL,	NULL,	NULL,	NULL,	199),
(1141,	152,	NULL,	NULL,	NULL,	NULL,	NULL,	199),
(1141,	153,	NULL,	NULL,	NULL,	NULL,	NULL,	199),
(1141,	154,	1,	NULL,	NULL,	NULL,	NULL,	NULL),
(1141,	168,	NULL,	NULL,	'/emarket/basket/put/element/75/',	NULL,	NULL,	NULL),
(1141,	174,	1431549593,	NULL,	NULL,	NULL,	NULL,	NULL),
(1143,	93,	1,	NULL,	NULL,	NULL,	NULL,	NULL),
(1143,	94,	NULL,	NULL,	NULL,	NULL,	NULL,	88),
(1143,	95,	NULL,	NULL,	NULL,	NULL,	NULL,	88),
(1143,	97,	NULL,	NULL,	NULL,	NULL,	NULL,	88),
(1144,	152,	NULL,	NULL,	NULL,	NULL,	NULL,	88),
(1144,	153,	NULL,	NULL,	NULL,	NULL,	NULL,	88),
(1144,	154,	1,	NULL,	NULL,	NULL,	NULL,	NULL),
(1144,	168,	NULL,	NULL,	'/emarket/basket/put/element/78/',	NULL,	NULL,	NULL),
(1144,	174,	1431549596,	NULL,	NULL,	NULL,	NULL,	NULL),
(1146,	93,	1,	NULL,	NULL,	NULL,	NULL,	NULL),
(1146,	94,	NULL,	NULL,	NULL,	NULL,	NULL,	168),
(1146,	95,	NULL,	NULL,	NULL,	NULL,	NULL,	168),
(1146,	97,	NULL,	NULL,	NULL,	NULL,	NULL,	168),
(1147,	152,	NULL,	NULL,	NULL,	NULL,	NULL,	168),
(1147,	153,	NULL,	NULL,	NULL,	NULL,	NULL,	168),
(1147,	154,	1,	NULL,	NULL,	NULL,	NULL,	NULL),
(1147,	168,	NULL,	NULL,	'/emarket/basket/put/element/82/',	NULL,	NULL,	NULL),
(1147,	174,	1431549596,	NULL,	NULL,	NULL,	NULL,	NULL),
(1149,	93,	1,	NULL,	NULL,	NULL,	NULL,	NULL),
(1149,	94,	NULL,	NULL,	NULL,	NULL,	NULL,	310),
(1149,	95,	NULL,	NULL,	NULL,	NULL,	NULL,	310),
(1149,	97,	NULL,	NULL,	NULL,	NULL,	NULL,	310),
(1150,	152,	NULL,	NULL,	NULL,	NULL,	NULL,	310),
(1150,	153,	NULL,	NULL,	NULL,	NULL,	NULL,	310),
(1150,	154,	1,	NULL,	NULL,	NULL,	NULL,	NULL),
(1150,	168,	NULL,	NULL,	'/emarket/basket/put/element/84/',	NULL,	NULL,	NULL),
(1150,	174,	1431549598,	NULL,	NULL,	NULL,	NULL,	NULL),
(1152,	93,	1,	NULL,	NULL,	NULL,	NULL,	NULL),
(1152,	94,	NULL,	NULL,	NULL,	NULL,	NULL,	888),
(1152,	95,	NULL,	NULL,	NULL,	NULL,	NULL,	888),
(1152,	97,	NULL,	NULL,	NULL,	NULL,	NULL,	888),
(1153,	152,	NULL,	NULL,	NULL,	NULL,	NULL,	888),
(1153,	153,	NULL,	NULL,	NULL,	NULL,	NULL,	888),
(1153,	154,	1,	NULL,	NULL,	NULL,	NULL,	NULL),
(1153,	168,	NULL,	NULL,	'/emarket/basket/put/element/87/',	NULL,	NULL,	NULL),
(1153,	174,	1431549598,	NULL,	NULL,	NULL,	NULL,	NULL),
(1155,	93,	1,	NULL,	NULL,	NULL,	NULL,	NULL),
(1155,	94,	NULL,	NULL,	NULL,	NULL,	NULL,	680),
(1155,	95,	NULL,	NULL,	NULL,	NULL,	NULL,	680),
(1155,	97,	NULL,	NULL,	NULL,	NULL,	NULL,	680),
(1156,	152,	NULL,	NULL,	NULL,	NULL,	NULL,	680),
(1156,	153,	NULL,	NULL,	NULL,	NULL,	NULL,	680),
(1156,	154,	1,	NULL,	NULL,	NULL,	NULL,	NULL),
(1156,	168,	NULL,	NULL,	'/emarket/basket/put/element/86/',	NULL,	NULL,	NULL),
(1156,	174,	1431549598,	NULL,	NULL,	NULL,	NULL,	NULL),
(1158,	93,	1,	NULL,	NULL,	NULL,	NULL,	NULL),
(1158,	94,	NULL,	NULL,	NULL,	NULL,	NULL,	546),
(1158,	95,	NULL,	NULL,	NULL,	NULL,	NULL,	546),
(1158,	97,	NULL,	NULL,	NULL,	NULL,	NULL,	546),
(1159,	152,	NULL,	NULL,	NULL,	NULL,	NULL,	546),
(1159,	153,	NULL,	NULL,	NULL,	NULL,	NULL,	546),
(1159,	154,	1,	NULL,	NULL,	NULL,	NULL,	NULL),
(1159,	168,	NULL,	NULL,	'/emarket/basket/put/element/85/',	NULL,	NULL,	NULL),
(1159,	174,	1431549600,	NULL,	NULL,	NULL,	NULL,	NULL),
(1161,	93,	1,	NULL,	NULL,	NULL,	NULL,	NULL),
(1161,	94,	NULL,	NULL,	NULL,	NULL,	NULL,	562),
(1161,	95,	NULL,	NULL,	NULL,	NULL,	NULL,	562),
(1161,	97,	NULL,	NULL,	NULL,	NULL,	NULL,	562),
(1162,	152,	NULL,	NULL,	NULL,	NULL,	NULL,	562),
(1162,	153,	NULL,	NULL,	NULL,	NULL,	NULL,	562),
(1162,	154,	1,	NULL,	NULL,	NULL,	NULL,	NULL),
(1162,	168,	NULL,	NULL,	'/emarket/basket/put/element/102/',	NULL,	NULL,	NULL),
(1162,	174,	1431549605,	NULL,	NULL,	NULL,	NULL,	NULL),
(1164,	93,	1,	NULL,	NULL,	NULL,	NULL,	NULL),
(1164,	94,	NULL,	NULL,	NULL,	NULL,	NULL,	123),
(1164,	95,	NULL,	NULL,	NULL,	NULL,	NULL,	123),
(1164,	97,	NULL,	NULL,	NULL,	NULL,	NULL,	123),
(1165,	152,	NULL,	NULL,	NULL,	NULL,	NULL,	123),
(1165,	153,	NULL,	NULL,	NULL,	NULL,	NULL,	123),
(1165,	154,	1,	NULL,	NULL,	NULL,	NULL,	NULL),
(1165,	168,	NULL,	NULL,	'/emarket/basket/put/element/101/',	NULL,	NULL,	NULL),
(1165,	174,	1431549606,	NULL,	NULL,	NULL,	NULL,	NULL),
(1167,	93,	1,	NULL,	NULL,	NULL,	NULL,	NULL),
(1167,	94,	NULL,	NULL,	NULL,	NULL,	NULL,	125),
(1167,	95,	NULL,	NULL,	NULL,	NULL,	NULL,	125),
(1167,	97,	NULL,	NULL,	NULL,	NULL,	NULL,	125),
(1168,	152,	NULL,	NULL,	NULL,	NULL,	NULL,	125),
(1168,	153,	NULL,	NULL,	NULL,	NULL,	NULL,	125),
(1168,	154,	1,	NULL,	NULL,	NULL,	NULL,	NULL),
(1168,	168,	NULL,	NULL,	'/emarket/basket/put/element/100/',	NULL,	NULL,	NULL),
(1168,	174,	1431549610,	NULL,	NULL,	NULL,	NULL,	NULL),
(1170,	93,	1,	NULL,	NULL,	NULL,	NULL,	NULL),
(1170,	94,	NULL,	NULL,	NULL,	NULL,	NULL,	123),
(1170,	95,	NULL,	NULL,	NULL,	NULL,	NULL,	123),
(1170,	97,	NULL,	NULL,	NULL,	NULL,	NULL,	123),
(1171,	152,	NULL,	NULL,	NULL,	NULL,	NULL,	123),
(1171,	153,	NULL,	NULL,	NULL,	NULL,	NULL,	123),
(1171,	154,	1,	NULL,	NULL,	NULL,	NULL,	NULL),
(1171,	168,	NULL,	NULL,	'/emarket/basket/put/element/99/',	NULL,	NULL,	NULL),
(1171,	174,	1431549611,	NULL,	NULL,	NULL,	NULL,	NULL),
(1173,	93,	1,	NULL,	NULL,	NULL,	NULL,	NULL),
(1173,	94,	NULL,	NULL,	NULL,	NULL,	NULL,	111),
(1173,	95,	NULL,	NULL,	NULL,	NULL,	NULL,	111),
(1173,	97,	NULL,	NULL,	NULL,	NULL,	NULL,	111),
(1174,	152,	NULL,	NULL,	NULL,	NULL,	NULL,	111),
(1174,	153,	NULL,	NULL,	NULL,	NULL,	NULL,	111),
(1174,	154,	1,	NULL,	NULL,	NULL,	NULL,	NULL),
(1174,	168,	NULL,	NULL,	'/emarket/basket/put/element/97/',	NULL,	NULL,	NULL),
(1174,	174,	1431549615,	NULL,	NULL,	NULL,	NULL,	NULL),
(1176,	93,	1,	NULL,	NULL,	NULL,	NULL,	NULL),
(1176,	94,	NULL,	NULL,	NULL,	NULL,	NULL,	321),
(1176,	95,	NULL,	NULL,	NULL,	NULL,	NULL,	321),
(1176,	97,	NULL,	NULL,	NULL,	NULL,	NULL,	321),
(1177,	152,	NULL,	NULL,	NULL,	NULL,	NULL,	321),
(1177,	153,	NULL,	NULL,	NULL,	NULL,	NULL,	321),
(1177,	154,	1,	NULL,	NULL,	NULL,	NULL,	NULL),
(1177,	168,	NULL,	NULL,	'/emarket/basket/put/element/98/',	NULL,	NULL,	NULL),
(1177,	174,	1431549618,	NULL,	NULL,	NULL,	NULL,	NULL),
(1179,	93,	1,	NULL,	NULL,	NULL,	NULL,	NULL),
(1179,	94,	NULL,	NULL,	NULL,	NULL,	NULL,	200),
(1179,	95,	NULL,	NULL,	NULL,	NULL,	NULL,	200),
(1179,	97,	NULL,	NULL,	NULL,	NULL,	NULL,	200),
(1180,	152,	NULL,	NULL,	NULL,	NULL,	NULL,	200),
(1180,	153,	NULL,	NULL,	NULL,	NULL,	NULL,	200),
(1180,	154,	1,	NULL,	NULL,	NULL,	NULL,	NULL),
(1180,	168,	NULL,	NULL,	'/emarket/basket/put/element/92/',	NULL,	NULL,	NULL),
(1180,	174,	1431549618,	NULL,	NULL,	NULL,	NULL,	NULL),
(1182,	93,	1,	NULL,	NULL,	NULL,	NULL,	NULL),
(1182,	94,	NULL,	NULL,	NULL,	NULL,	NULL,	256),
(1182,	95,	NULL,	NULL,	NULL,	NULL,	NULL,	256),
(1182,	97,	NULL,	NULL,	NULL,	NULL,	NULL,	256),
(1183,	152,	NULL,	NULL,	NULL,	NULL,	NULL,	256),
(1183,	153,	NULL,	NULL,	NULL,	NULL,	NULL,	256),
(1183,	154,	1,	NULL,	NULL,	NULL,	NULL,	NULL),
(1183,	168,	NULL,	NULL,	'/emarket/basket/put/element/93/',	NULL,	NULL,	NULL),
(1183,	174,	1431549621,	NULL,	NULL,	NULL,	NULL,	NULL),
(1185,	93,	1,	NULL,	NULL,	NULL,	NULL,	NULL),
(1185,	94,	NULL,	NULL,	NULL,	NULL,	NULL,	125),
(1185,	95,	NULL,	NULL,	NULL,	NULL,	NULL,	125),
(1185,	97,	NULL,	NULL,	NULL,	NULL,	NULL,	125),
(1186,	152,	NULL,	NULL,	NULL,	NULL,	NULL,	125),
(1186,	153,	NULL,	NULL,	NULL,	NULL,	NULL,	125),
(1186,	154,	1,	NULL,	NULL,	NULL,	NULL,	NULL),
(1186,	168,	NULL,	NULL,	'/emarket/basket/put/element/94/',	NULL,	NULL,	NULL),
(1186,	174,	1431549622,	NULL,	NULL,	NULL,	NULL,	NULL),
(1188,	93,	1,	NULL,	NULL,	NULL,	NULL,	NULL),
(1188,	94,	NULL,	NULL,	NULL,	NULL,	NULL,	7500),
(1188,	95,	NULL,	NULL,	NULL,	NULL,	NULL,	7500),
(1188,	97,	NULL,	NULL,	NULL,	NULL,	NULL,	7500),
(1189,	152,	NULL,	NULL,	NULL,	NULL,	NULL,	7500),
(1189,	153,	NULL,	NULL,	NULL,	NULL,	NULL,	7500),
(1189,	154,	1,	NULL,	NULL,	NULL,	NULL,	NULL),
(1189,	168,	NULL,	NULL,	'/emarket/basket/put/element/28/',	NULL,	NULL,	NULL),
(1189,	174,	1431549623,	NULL,	NULL,	NULL,	NULL,	NULL),
(1191,	93,	1,	NULL,	NULL,	NULL,	NULL,	NULL),
(1191,	94,	NULL,	NULL,	NULL,	NULL,	NULL,	113),
(1191,	95,	NULL,	NULL,	NULL,	NULL,	NULL,	113),
(1191,	97,	NULL,	NULL,	NULL,	NULL,	NULL,	113),
(1192,	152,	NULL,	NULL,	NULL,	NULL,	NULL,	113),
(1192,	153,	NULL,	NULL,	NULL,	NULL,	NULL,	113),
(1192,	154,	1,	NULL,	NULL,	NULL,	NULL,	NULL),
(1192,	168,	NULL,	NULL,	'/emarket/basket/put/element/96/',	NULL,	NULL,	NULL),
(1192,	174,	1431549625,	NULL,	NULL,	NULL,	NULL,	NULL),
(1194,	93,	1,	NULL,	NULL,	NULL,	NULL,	NULL),
(1194,	94,	NULL,	NULL,	NULL,	NULL,	NULL,	800),
(1194,	95,	NULL,	NULL,	NULL,	NULL,	NULL,	800),
(1194,	97,	NULL,	NULL,	NULL,	NULL,	NULL,	800),
(1195,	152,	NULL,	NULL,	NULL,	NULL,	NULL,	800),
(1195,	153,	NULL,	NULL,	NULL,	NULL,	NULL,	800),
(1195,	154,	1,	NULL,	NULL,	NULL,	NULL,	NULL),
(1195,	168,	NULL,	NULL,	'/emarket/basket/put/element/47/',	NULL,	NULL,	NULL),
(1195,	174,	1431549627,	NULL,	NULL,	NULL,	NULL,	NULL),
(1197,	93,	1,	NULL,	NULL,	NULL,	NULL,	NULL),
(1197,	94,	NULL,	NULL,	NULL,	NULL,	NULL,	4700),
(1197,	95,	NULL,	NULL,	NULL,	NULL,	NULL,	4700),
(1197,	97,	NULL,	NULL,	NULL,	NULL,	NULL,	4700),
(1198,	152,	NULL,	NULL,	NULL,	NULL,	NULL,	4700),
(1198,	153,	NULL,	NULL,	NULL,	NULL,	NULL,	4700),
(1198,	154,	1,	NULL,	NULL,	NULL,	NULL,	NULL),
(1198,	168,	NULL,	NULL,	'/emarket/basket/put/element/50/',	NULL,	NULL,	NULL),
(1198,	174,	1431549627,	NULL,	NULL,	NULL,	NULL,	NULL),
(1200,	93,	1,	NULL,	NULL,	NULL,	NULL,	NULL),
(1200,	94,	NULL,	NULL,	NULL,	NULL,	NULL,	2900),
(1200,	95,	NULL,	NULL,	NULL,	NULL,	NULL,	2900),
(1200,	97,	NULL,	NULL,	NULL,	NULL,	NULL,	2900),
(1201,	152,	NULL,	NULL,	NULL,	NULL,	NULL,	2900),
(1201,	153,	NULL,	NULL,	NULL,	NULL,	NULL,	2900),
(1201,	154,	1,	NULL,	NULL,	NULL,	NULL,	NULL),
(1201,	168,	NULL,	NULL,	'/emarket/basket/put/element/48/',	NULL,	NULL,	NULL),
(1201,	174,	1431549628,	NULL,	NULL,	NULL,	NULL,	NULL),
(1203,	93,	1,	NULL,	NULL,	NULL,	NULL,	NULL),
(1203,	94,	NULL,	NULL,	NULL,	NULL,	NULL,	1500),
(1203,	95,	NULL,	NULL,	NULL,	NULL,	NULL,	1500),
(1203,	97,	NULL,	NULL,	NULL,	NULL,	NULL,	1500),
(1204,	152,	NULL,	NULL,	NULL,	NULL,	NULL,	1500),
(1204,	153,	NULL,	NULL,	NULL,	NULL,	NULL,	1500),
(1204,	154,	1,	NULL,	NULL,	NULL,	NULL,	NULL),
(1204,	168,	NULL,	NULL,	'/emarket/basket/put/element/49/',	NULL,	NULL,	NULL),
(1204,	174,	1431549628,	NULL,	NULL,	NULL,	NULL,	NULL),
(1206,	93,	1,	NULL,	NULL,	NULL,	NULL,	NULL),
(1206,	94,	NULL,	NULL,	NULL,	NULL,	NULL,	113),
(1206,	95,	NULL,	NULL,	NULL,	NULL,	NULL,	113),
(1206,	97,	NULL,	NULL,	NULL,	NULL,	NULL,	113),
(1207,	152,	NULL,	NULL,	NULL,	NULL,	NULL,	113),
(1207,	153,	NULL,	NULL,	NULL,	NULL,	NULL,	113),
(1207,	154,	1,	NULL,	NULL,	NULL,	NULL,	NULL),
(1207,	168,	NULL,	NULL,	'/emarket/basket/put/element/96/',	NULL,	NULL,	NULL),
(1207,	174,	1431549630,	NULL,	NULL,	NULL,	NULL,	NULL),
(1209,	93,	1,	NULL,	NULL,	NULL,	NULL,	NULL),
(1209,	94,	NULL,	NULL,	NULL,	NULL,	NULL,	89),
(1209,	95,	NULL,	NULL,	NULL,	NULL,	NULL,	89),
(1209,	97,	NULL,	NULL,	NULL,	NULL,	NULL,	89),
(1210,	152,	NULL,	NULL,	NULL,	NULL,	NULL,	89),
(1210,	153,	NULL,	NULL,	NULL,	NULL,	NULL,	89),
(1210,	154,	1,	NULL,	NULL,	NULL,	NULL,	NULL),
(1210,	168,	NULL,	NULL,	'/emarket/basket/put/element/76/',	NULL,	NULL,	NULL),
(1210,	174,	1431557545,	NULL,	NULL,	NULL,	NULL,	NULL),
(1212,	93,	1,	NULL,	NULL,	NULL,	NULL,	NULL),
(1212,	94,	NULL,	NULL,	NULL,	NULL,	NULL,	45),
(1212,	95,	NULL,	NULL,	NULL,	NULL,	NULL,	45),
(1212,	97,	NULL,	NULL,	NULL,	NULL,	NULL,	45),
(1213,	152,	NULL,	NULL,	NULL,	NULL,	NULL,	45),
(1213,	153,	NULL,	NULL,	NULL,	NULL,	NULL,	45),
(1213,	154,	1,	NULL,	NULL,	NULL,	NULL,	NULL),
(1213,	168,	NULL,	NULL,	'/emarket/basket/put/element/77/',	NULL,	NULL,	NULL),
(1213,	174,	1431557547,	NULL,	NULL,	NULL,	NULL,	NULL),
(1215,	93,	1,	NULL,	NULL,	NULL,	NULL,	NULL),
(1215,	94,	NULL,	NULL,	NULL,	NULL,	NULL,	200),
(1215,	95,	NULL,	NULL,	NULL,	NULL,	NULL,	200),
(1215,	97,	NULL,	NULL,	NULL,	NULL,	NULL,	200),
(1216,	152,	NULL,	NULL,	NULL,	NULL,	NULL,	200),
(1216,	153,	NULL,	NULL,	NULL,	NULL,	NULL,	200),
(1216,	154,	1,	NULL,	NULL,	NULL,	NULL,	NULL),
(1216,	168,	NULL,	NULL,	'/emarket/basket/put/element/80/',	NULL,	NULL,	NULL),
(1216,	174,	1431557549,	NULL,	NULL,	NULL,	NULL,	NULL),
(1218,	93,	1,	NULL,	NULL,	NULL,	NULL,	NULL),
(1218,	94,	NULL,	NULL,	NULL,	NULL,	NULL,	210),
(1218,	95,	NULL,	NULL,	NULL,	NULL,	NULL,	210),
(1218,	97,	NULL,	NULL,	NULL,	NULL,	NULL,	210),
(1219,	152,	NULL,	NULL,	NULL,	NULL,	NULL,	210),
(1219,	153,	NULL,	NULL,	NULL,	NULL,	NULL,	210),
(1219,	154,	1,	NULL,	NULL,	NULL,	NULL,	NULL),
(1219,	168,	NULL,	NULL,	'/emarket/basket/put/element/79/',	NULL,	NULL,	NULL),
(1219,	174,	1431557549,	NULL,	NULL,	NULL,	NULL,	NULL),
(1221,	93,	1,	NULL,	NULL,	NULL,	NULL,	NULL),
(1221,	94,	NULL,	NULL,	NULL,	NULL,	NULL,	88),
(1221,	95,	NULL,	NULL,	NULL,	NULL,	NULL,	88),
(1221,	97,	NULL,	NULL,	NULL,	NULL,	NULL,	88),
(1222,	152,	NULL,	NULL,	NULL,	NULL,	NULL,	88),
(1222,	153,	NULL,	NULL,	NULL,	NULL,	NULL,	88),
(1222,	154,	1,	NULL,	NULL,	NULL,	NULL,	NULL),
(1222,	168,	NULL,	NULL,	'/emarket/basket/put/element/78/',	NULL,	NULL,	NULL),
(1222,	174,	1431557550,	NULL,	NULL,	NULL,	NULL,	NULL),
(1224,	93,	1,	NULL,	NULL,	NULL,	NULL,	NULL),
(1224,	94,	NULL,	NULL,	NULL,	NULL,	NULL,	190),
(1224,	95,	NULL,	NULL,	NULL,	NULL,	NULL,	190),
(1224,	97,	NULL,	NULL,	NULL,	NULL,	NULL,	190),
(1225,	152,	NULL,	NULL,	NULL,	NULL,	NULL,	190),
(1225,	153,	NULL,	NULL,	NULL,	NULL,	NULL,	190),
(1225,	154,	1,	NULL,	NULL,	NULL,	NULL,	NULL),
(1225,	168,	NULL,	NULL,	'/emarket/basket/put/element/81/',	NULL,	NULL,	NULL),
(1225,	174,	1431557552,	NULL,	NULL,	NULL,	NULL,	NULL),
(1227,	93,	1,	NULL,	NULL,	NULL,	NULL,	NULL),
(1227,	94,	NULL,	NULL,	NULL,	NULL,	NULL,	310),
(1227,	95,	NULL,	NULL,	NULL,	NULL,	NULL,	310),
(1227,	97,	NULL,	NULL,	NULL,	NULL,	NULL,	310),
(1228,	152,	NULL,	NULL,	NULL,	NULL,	NULL,	310),
(1228,	153,	NULL,	NULL,	NULL,	NULL,	NULL,	310),
(1228,	154,	1,	NULL,	NULL,	NULL,	NULL,	NULL),
(1228,	168,	NULL,	NULL,	'/emarket/basket/put/element/84/',	NULL,	NULL,	NULL),
(1228,	174,	1431557555,	NULL,	NULL,	NULL,	NULL,	NULL),
(1230,	93,	1,	NULL,	NULL,	NULL,	NULL,	NULL),
(1230,	94,	NULL,	NULL,	NULL,	NULL,	NULL,	680),
(1230,	95,	NULL,	NULL,	NULL,	NULL,	NULL,	680),
(1230,	97,	NULL,	NULL,	NULL,	NULL,	NULL,	680),
(1231,	152,	NULL,	NULL,	NULL,	NULL,	NULL,	680),
(1231,	153,	NULL,	NULL,	NULL,	NULL,	NULL,	680),
(1231,	154,	1,	NULL,	NULL,	NULL,	NULL,	NULL),
(1231,	168,	NULL,	NULL,	'/emarket/basket/put/element/86/',	NULL,	NULL,	NULL),
(1231,	174,	1431557556,	NULL,	NULL,	NULL,	NULL,	NULL),
(1233,	93,	1,	NULL,	NULL,	NULL,	NULL,	NULL),
(1233,	94,	NULL,	NULL,	NULL,	NULL,	NULL,	168),
(1233,	95,	NULL,	NULL,	NULL,	NULL,	NULL,	168),
(1233,	97,	NULL,	NULL,	NULL,	NULL,	NULL,	168),
(1234,	152,	NULL,	NULL,	NULL,	NULL,	NULL,	168),
(1234,	153,	NULL,	NULL,	NULL,	NULL,	NULL,	168),
(1234,	154,	1,	NULL,	NULL,	NULL,	NULL,	NULL),
(1234,	168,	NULL,	NULL,	'/emarket/basket/put/element/82/',	NULL,	NULL,	NULL),
(1234,	174,	1431557558,	NULL,	NULL,	NULL,	NULL,	NULL),
(1236,	93,	1,	NULL,	NULL,	NULL,	NULL,	NULL),
(1236,	94,	NULL,	NULL,	NULL,	NULL,	NULL,	888),
(1236,	95,	NULL,	NULL,	NULL,	NULL,	NULL,	888),
(1236,	97,	NULL,	NULL,	NULL,	NULL,	NULL,	888),
(1237,	152,	NULL,	NULL,	NULL,	NULL,	NULL,	888),
(1237,	153,	NULL,	NULL,	NULL,	NULL,	NULL,	888),
(1237,	154,	1,	NULL,	NULL,	NULL,	NULL,	NULL),
(1237,	168,	NULL,	NULL,	'/emarket/basket/put/element/87/',	NULL,	NULL,	NULL),
(1237,	174,	1431557560,	NULL,	NULL,	NULL,	NULL,	NULL),
(1239,	93,	1,	NULL,	NULL,	NULL,	NULL,	NULL),
(1239,	94,	NULL,	NULL,	NULL,	NULL,	NULL,	546),
(1239,	95,	NULL,	NULL,	NULL,	NULL,	NULL,	546),
(1239,	97,	NULL,	NULL,	NULL,	NULL,	NULL,	546),
(1240,	152,	NULL,	NULL,	NULL,	NULL,	NULL,	546),
(1240,	153,	NULL,	NULL,	NULL,	NULL,	NULL,	546),
(1240,	154,	1,	NULL,	NULL,	NULL,	NULL,	NULL),
(1240,	168,	NULL,	NULL,	'/emarket/basket/put/element/85/',	NULL,	NULL,	NULL),
(1240,	174,	1431557562,	NULL,	NULL,	NULL,	NULL,	NULL),
(1242,	93,	1,	NULL,	NULL,	NULL,	NULL,	NULL),
(1242,	94,	NULL,	NULL,	NULL,	NULL,	NULL,	562),
(1242,	95,	NULL,	NULL,	NULL,	NULL,	NULL,	562),
(1242,	97,	NULL,	NULL,	NULL,	NULL,	NULL,	562),
(1243,	152,	NULL,	NULL,	NULL,	NULL,	NULL,	562),
(1243,	153,	NULL,	NULL,	NULL,	NULL,	NULL,	562),
(1243,	154,	1,	NULL,	NULL,	NULL,	NULL,	NULL),
(1243,	168,	NULL,	NULL,	'/emarket/basket/put/element/102/',	NULL,	NULL,	NULL),
(1243,	174,	1431557562,	NULL,	NULL,	NULL,	NULL,	NULL),
(1245,	93,	1,	NULL,	NULL,	NULL,	NULL,	NULL),
(1245,	94,	NULL,	NULL,	NULL,	NULL,	NULL,	123),
(1245,	95,	NULL,	NULL,	NULL,	NULL,	NULL,	123),
(1245,	97,	NULL,	NULL,	NULL,	NULL,	NULL,	123),
(1246,	152,	NULL,	NULL,	NULL,	NULL,	NULL,	123),
(1246,	153,	NULL,	NULL,	NULL,	NULL,	NULL,	123),
(1246,	154,	1,	NULL,	NULL,	NULL,	NULL,	NULL),
(1246,	168,	NULL,	NULL,	'/emarket/basket/put/element/101/',	NULL,	NULL,	NULL),
(1246,	174,	1431557564,	NULL,	NULL,	NULL,	NULL,	NULL),
(1248,	93,	1,	NULL,	NULL,	NULL,	NULL,	NULL),
(1248,	94,	NULL,	NULL,	NULL,	NULL,	NULL,	200),
(1248,	95,	NULL,	NULL,	NULL,	NULL,	NULL,	200),
(1248,	97,	NULL,	NULL,	NULL,	NULL,	NULL,	200),
(1249,	152,	NULL,	NULL,	NULL,	NULL,	NULL,	200),
(1249,	153,	NULL,	NULL,	NULL,	NULL,	NULL,	200),
(1249,	154,	1,	NULL,	NULL,	NULL,	NULL,	NULL),
(1249,	168,	NULL,	NULL,	'/emarket/basket/put/element/92/',	NULL,	NULL,	NULL),
(1249,	174,	1431557573,	NULL,	NULL,	NULL,	NULL,	NULL),
(1251,	93,	1,	NULL,	NULL,	NULL,	NULL,	NULL),
(1251,	94,	NULL,	NULL,	NULL,	NULL,	NULL,	321),
(1251,	95,	NULL,	NULL,	NULL,	NULL,	NULL,	321),
(1251,	97,	NULL,	NULL,	NULL,	NULL,	NULL,	321),
(1252,	152,	NULL,	NULL,	NULL,	NULL,	NULL,	321),
(1252,	153,	NULL,	NULL,	NULL,	NULL,	NULL,	321),
(1252,	154,	1,	NULL,	NULL,	NULL,	NULL,	NULL),
(1252,	168,	NULL,	NULL,	'/emarket/basket/put/element/98/',	NULL,	NULL,	NULL),
(1252,	174,	1431557575,	NULL,	NULL,	NULL,	NULL,	NULL),
(1254,	93,	1,	NULL,	NULL,	NULL,	NULL,	NULL),
(1254,	94,	NULL,	NULL,	NULL,	NULL,	NULL,	111),
(1254,	95,	NULL,	NULL,	NULL,	NULL,	NULL,	111),
(1254,	97,	NULL,	NULL,	NULL,	NULL,	NULL,	111),
(1255,	152,	NULL,	NULL,	NULL,	NULL,	NULL,	111),
(1255,	153,	NULL,	NULL,	NULL,	NULL,	NULL,	111),
(1255,	154,	1,	NULL,	NULL,	NULL,	NULL,	NULL),
(1255,	168,	NULL,	NULL,	'/emarket/basket/put/element/97/',	NULL,	NULL,	NULL),
(1255,	174,	1431557579,	NULL,	NULL,	NULL,	NULL,	NULL),
(1257,	93,	1,	NULL,	NULL,	NULL,	NULL,	NULL),
(1257,	94,	NULL,	NULL,	NULL,	NULL,	NULL,	650),
(1257,	95,	NULL,	NULL,	NULL,	NULL,	NULL,	650),
(1257,	97,	NULL,	NULL,	NULL,	NULL,	NULL,	650),
(1258,	152,	NULL,	NULL,	NULL,	NULL,	NULL,	650),
(1258,	153,	NULL,	NULL,	NULL,	NULL,	NULL,	650),
(1258,	154,	1,	NULL,	NULL,	NULL,	NULL,	NULL),
(1258,	168,	NULL,	NULL,	'/emarket/basket/put/element/72/',	NULL,	NULL,	NULL),
(1258,	174,	1431557580,	NULL,	NULL,	NULL,	NULL,	NULL),
(1260,	93,	1,	NULL,	NULL,	NULL,	NULL,	NULL),
(1260,	94,	NULL,	NULL,	NULL,	NULL,	NULL,	580),
(1260,	95,	NULL,	NULL,	NULL,	NULL,	NULL,	580),
(1260,	97,	NULL,	NULL,	NULL,	NULL,	NULL,	580),
(1261,	152,	NULL,	NULL,	NULL,	NULL,	NULL,	580),
(1261,	153,	NULL,	NULL,	NULL,	NULL,	NULL,	580),
(1261,	154,	1,	NULL,	NULL,	NULL,	NULL,	NULL),
(1261,	168,	NULL,	NULL,	'/emarket/basket/put/element/71/',	NULL,	NULL,	NULL),
(1261,	174,	1431557581,	NULL,	NULL,	NULL,	NULL,	NULL),
(1263,	93,	1,	NULL,	NULL,	NULL,	NULL,	NULL),
(1263,	94,	NULL,	NULL,	NULL,	NULL,	NULL,	2900),
(1263,	95,	NULL,	NULL,	NULL,	NULL,	NULL,	2900),
(1263,	97,	NULL,	NULL,	NULL,	NULL,	NULL,	2900),
(1264,	152,	NULL,	NULL,	NULL,	NULL,	NULL,	2900),
(1264,	153,	NULL,	NULL,	NULL,	NULL,	NULL,	2900),
(1264,	154,	1,	NULL,	NULL,	NULL,	NULL,	NULL),
(1264,	168,	NULL,	NULL,	'/emarket/basket/put/element/48/',	NULL,	NULL,	NULL),
(1264,	174,	1431557586,	NULL,	NULL,	NULL,	NULL,	NULL),
(1266,	93,	1,	NULL,	NULL,	NULL,	NULL,	NULL),
(1266,	94,	NULL,	NULL,	NULL,	NULL,	NULL,	1500),
(1266,	95,	NULL,	NULL,	NULL,	NULL,	NULL,	1500),
(1266,	97,	NULL,	NULL,	NULL,	NULL,	NULL,	1500),
(1267,	152,	NULL,	NULL,	NULL,	NULL,	NULL,	1500),
(1267,	153,	NULL,	NULL,	NULL,	NULL,	NULL,	1500),
(1267,	154,	1,	NULL,	NULL,	NULL,	NULL,	NULL),
(1267,	168,	NULL,	NULL,	'/emarket/basket/put/element/49/',	NULL,	NULL,	NULL),
(1267,	174,	1431557587,	NULL,	NULL,	NULL,	NULL,	NULL),
(1269,	93,	1,	NULL,	NULL,	NULL,	NULL,	NULL),
(1269,	94,	NULL,	NULL,	NULL,	NULL,	NULL,	4700),
(1269,	95,	NULL,	NULL,	NULL,	NULL,	NULL,	4700),
(1269,	97,	NULL,	NULL,	NULL,	NULL,	NULL,	4700),
(1270,	152,	NULL,	NULL,	NULL,	NULL,	NULL,	4700),
(1270,	153,	NULL,	NULL,	NULL,	NULL,	NULL,	4700),
(1270,	154,	1,	NULL,	NULL,	NULL,	NULL,	NULL),
(1270,	168,	NULL,	NULL,	'/emarket/basket/put/element/50/',	NULL,	NULL,	NULL),
(1270,	174,	1431557587,	NULL,	NULL,	NULL,	NULL,	NULL),
(1272,	93,	1,	NULL,	NULL,	NULL,	NULL,	NULL),
(1272,	94,	NULL,	NULL,	NULL,	NULL,	NULL,	7500),
(1272,	95,	NULL,	NULL,	NULL,	NULL,	NULL,	7500),
(1272,	97,	NULL,	NULL,	NULL,	NULL,	NULL,	7500),
(1273,	152,	NULL,	NULL,	NULL,	NULL,	NULL,	7500),
(1273,	153,	NULL,	NULL,	NULL,	NULL,	NULL,	7500),
(1273,	154,	1,	NULL,	NULL,	NULL,	NULL,	NULL),
(1273,	168,	NULL,	NULL,	'/emarket/basket/put/element/28/',	NULL,	NULL,	NULL),
(1273,	174,	1431557589,	NULL,	NULL,	NULL,	NULL,	NULL),
(1275,	93,	1,	NULL,	NULL,	NULL,	NULL,	NULL),
(1275,	94,	NULL,	NULL,	NULL,	NULL,	NULL,	800),
(1275,	95,	NULL,	NULL,	NULL,	NULL,	NULL,	800),
(1275,	97,	NULL,	NULL,	NULL,	NULL,	NULL,	800),
(1276,	152,	NULL,	NULL,	NULL,	NULL,	NULL,	800),
(1276,	153,	NULL,	NULL,	NULL,	NULL,	NULL,	800),
(1276,	154,	1,	NULL,	NULL,	NULL,	NULL,	NULL),
(1276,	168,	NULL,	NULL,	'/emarket/basket/put/element/47/',	NULL,	NULL,	NULL),
(1276,	174,	1431557589,	NULL,	NULL,	NULL,	NULL,	NULL),
(1278,	93,	1,	NULL,	NULL,	NULL,	NULL,	NULL),
(1278,	94,	NULL,	NULL,	NULL,	NULL,	NULL,	256),
(1278,	95,	NULL,	NULL,	NULL,	NULL,	NULL,	256),
(1278,	97,	NULL,	NULL,	NULL,	NULL,	NULL,	256),
(1279,	152,	NULL,	NULL,	NULL,	NULL,	NULL,	256),
(1279,	153,	NULL,	NULL,	NULL,	NULL,	NULL,	256),
(1279,	154,	1,	NULL,	NULL,	NULL,	NULL,	NULL),
(1279,	168,	NULL,	NULL,	'/emarket/basket/put/element/93/',	NULL,	NULL,	NULL),
(1279,	174,	1431557592,	NULL,	NULL,	NULL,	NULL,	NULL),
(1281,	93,	1,	NULL,	NULL,	NULL,	NULL,	NULL),
(1281,	94,	NULL,	NULL,	NULL,	NULL,	NULL,	113),
(1281,	95,	NULL,	NULL,	NULL,	NULL,	NULL,	113),
(1281,	97,	NULL,	NULL,	NULL,	NULL,	NULL,	113),
(1282,	152,	NULL,	NULL,	NULL,	NULL,	NULL,	113),
(1282,	153,	NULL,	NULL,	NULL,	NULL,	NULL,	113),
(1282,	154,	1,	NULL,	NULL,	NULL,	NULL,	NULL),
(1282,	168,	NULL,	NULL,	'/emarket/basket/put/element/96/',	NULL,	NULL,	NULL),
(1282,	174,	1431557594,	NULL,	NULL,	NULL,	NULL,	NULL),
(1284,	93,	1,	NULL,	NULL,	NULL,	NULL,	NULL),
(1284,	94,	NULL,	NULL,	NULL,	NULL,	NULL,	125),
(1284,	95,	NULL,	NULL,	NULL,	NULL,	NULL,	125),
(1284,	97,	NULL,	NULL,	NULL,	NULL,	NULL,	125),
(1285,	152,	NULL,	NULL,	NULL,	NULL,	NULL,	125),
(1285,	153,	NULL,	NULL,	NULL,	NULL,	NULL,	125),
(1285,	154,	1,	NULL,	NULL,	NULL,	NULL,	NULL),
(1285,	168,	NULL,	NULL,	'/emarket/basket/put/element/94/',	NULL,	NULL,	NULL),
(1285,	174,	1431557594,	NULL,	NULL,	NULL,	NULL,	NULL),
(1287,	93,	1,	NULL,	NULL,	NULL,	NULL,	NULL),
(1287,	94,	NULL,	NULL,	NULL,	NULL,	NULL,	200),
(1287,	95,	NULL,	NULL,	NULL,	NULL,	NULL,	200),
(1287,	97,	NULL,	NULL,	NULL,	NULL,	NULL,	200),
(1288,	152,	NULL,	NULL,	NULL,	NULL,	NULL,	200),
(1288,	153,	NULL,	NULL,	NULL,	NULL,	NULL,	200),
(1288,	154,	1,	NULL,	NULL,	NULL,	NULL,	NULL),
(1288,	168,	NULL,	NULL,	'/emarket/basket/put/element/73/',	NULL,	NULL,	NULL),
(1288,	174,	1431557596,	NULL,	NULL,	NULL,	NULL,	NULL),
(1290,	93,	1,	NULL,	NULL,	NULL,	NULL,	NULL),
(1290,	94,	NULL,	NULL,	NULL,	NULL,	NULL,	320),
(1290,	95,	NULL,	NULL,	NULL,	NULL,	NULL,	320),
(1290,	97,	NULL,	NULL,	NULL,	NULL,	NULL,	320),
(1291,	152,	NULL,	NULL,	NULL,	NULL,	NULL,	320),
(1291,	153,	NULL,	NULL,	NULL,	NULL,	NULL,	320),
(1291,	154,	1,	NULL,	NULL,	NULL,	NULL,	NULL),
(1291,	168,	NULL,	NULL,	'/emarket/basket/put/element/74/',	NULL,	NULL,	NULL),
(1291,	174,	1431557597,	NULL,	NULL,	NULL,	NULL,	NULL),
(1293,	93,	1,	NULL,	NULL,	NULL,	NULL,	NULL),
(1293,	94,	NULL,	NULL,	NULL,	NULL,	NULL,	199),
(1293,	95,	NULL,	NULL,	NULL,	NULL,	NULL,	199),
(1293,	97,	NULL,	NULL,	NULL,	NULL,	NULL,	199),
(1294,	152,	NULL,	NULL,	NULL,	NULL,	NULL,	199),
(1294,	153,	NULL,	NULL,	NULL,	NULL,	NULL,	199),
(1294,	154,	1,	NULL,	NULL,	NULL,	NULL,	NULL),
(1294,	168,	NULL,	NULL,	'/emarket/basket/put/element/75/',	NULL,	NULL,	NULL),
(1294,	174,	1431557600,	NULL,	NULL,	NULL,	NULL,	NULL),
(1296,	93,	1,	NULL,	NULL,	NULL,	NULL,	NULL),
(1296,	94,	NULL,	NULL,	NULL,	NULL,	NULL,	125),
(1296,	95,	NULL,	NULL,	NULL,	NULL,	NULL,	125),
(1296,	97,	NULL,	NULL,	NULL,	NULL,	NULL,	125),
(1297,	152,	NULL,	NULL,	NULL,	NULL,	NULL,	125),
(1297,	153,	NULL,	NULL,	NULL,	NULL,	NULL,	125),
(1297,	154,	1,	NULL,	NULL,	NULL,	NULL,	NULL),
(1297,	168,	NULL,	NULL,	'/emarket/basket/put/element/100/',	NULL,	NULL,	NULL),
(1297,	174,	1431557604,	NULL,	NULL,	NULL,	NULL,	NULL),
(1299,	93,	1,	NULL,	NULL,	NULL,	NULL,	NULL),
(1299,	94,	NULL,	NULL,	NULL,	NULL,	NULL,	123),
(1299,	95,	NULL,	NULL,	NULL,	NULL,	NULL,	123),
(1299,	97,	NULL,	NULL,	NULL,	NULL,	NULL,	123),
(1300,	152,	NULL,	NULL,	NULL,	NULL,	NULL,	123),
(1300,	153,	NULL,	NULL,	NULL,	NULL,	NULL,	123),
(1300,	154,	1,	NULL,	NULL,	NULL,	NULL,	NULL),
(1300,	168,	NULL,	NULL,	'/emarket/basket/put/element/99/',	NULL,	NULL,	NULL),
(1300,	174,	1431557604,	NULL,	NULL,	NULL,	NULL,	NULL),
(1302,	424,	NULL,	NULL,	'Отображение на главной в слайдере',	NULL,	NULL,	NULL),
(1303,	426,	1,	NULL,	NULL,	NULL,	NULL,	NULL),
(1303,	453,	NULL,	NULL,	'<h3>Рекламная акция:</h3>\r\n<h2><span style=\"color: #ff0000;\">Akai AP-A206C</span></h2>\r\n<p><strong>Direct Drive</strong>&nbsp;Feature - первый проигрыватель с прямым четырехтактным приводом и электронным беспроводным управлением на батарейках форм-фактора ААА.</p>\r\n<p><a href=\"/shop/dvd_tehnika/dvd_pleery/akai_apa206c/\">Купить сейчас</a></p>',	NULL,	NULL,	NULL),
(1303,	430,	96,	NULL,	NULL,	NULL,	NULL,	NULL),
(1303,	433,	1437742320,	NULL,	NULL,	NULL,	NULL,	NULL),
(1303,	446,	20,	NULL,	NULL,	NULL,	NULL,	NULL),
(1304,	426,	1,	NULL,	NULL,	NULL,	NULL,	NULL),
(1304,	428,	NULL,	'/shop/audiotehnika/acoustics/coral_cx7',	NULL,	NULL,	NULL,	NULL),
(1304,	430,	96,	NULL,	NULL,	NULL,	NULL,	NULL),
(1304,	431,	2,	NULL,	NULL,	NULL,	NULL,	NULL),
(1304,	433,	1437742560,	NULL,	NULL,	NULL,	NULL,	NULL),
(1304,	446,	10,	NULL,	NULL,	NULL,	NULL,	NULL),
(1305,	426,	1,	NULL,	NULL,	NULL,	NULL,	NULL),
(1305,	428,	NULL,	'/shop/dvd_tehnika/dvd_diski/dvd_01',	NULL,	NULL,	NULL,	NULL),
(1305,	430,	96,	NULL,	NULL,	NULL,	NULL,	NULL),
(1305,	431,	2,	NULL,	NULL,	NULL,	NULL,	NULL),
(1305,	433,	1437742680,	NULL,	NULL,	NULL,	NULL,	NULL),
(1305,	446,	30,	NULL,	NULL,	NULL,	NULL,	NULL),
(1306,	388,	NULL,	'ООО \"Компания получателя\"',	NULL,	NULL,	NULL,	NULL),
(1306,	389,	NULL,	'198262, Санкт-Петербург, ул. Большая Пушкарская 44',	NULL,	NULL,	NULL,	NULL),
(1306,	390,	NULL,	'765-43-21',	NULL,	NULL,	NULL,	NULL),
(1306,	391,	NULL,	'6692468686',	NULL,	NULL,	NULL,	NULL),
(1306,	392,	NULL,	'345639487',	NULL,	NULL,	NULL,	NULL),
(1306,	393,	NULL,	'81919019398316809636',	NULL,	NULL,	NULL,	NULL),
(1306,	394,	NULL,	'ОАО \"Банк получателя\"',	NULL,	NULL,	NULL,	NULL),
(1306,	395,	NULL,	'68508600456452256934',	NULL,	NULL,	NULL,	NULL),
(1306,	376,	NULL,	'652403536',	NULL,	NULL,	NULL,	NULL),
(1308,	137,	NULL,	NULL,	NULL,	NULL,	NULL,	100),
(1309,	137,	NULL,	NULL,	NULL,	NULL,	NULL,	50),
(1310,	93,	1,	NULL,	NULL,	NULL,	NULL,	NULL),
(1310,	94,	NULL,	NULL,	NULL,	NULL,	NULL,	55),
(1310,	95,	NULL,	NULL,	NULL,	NULL,	NULL,	55),
(1310,	97,	NULL,	NULL,	NULL,	NULL,	NULL,	55),
(1311,	93,	1,	NULL,	NULL,	NULL,	NULL,	NULL),
(1311,	94,	NULL,	NULL,	NULL,	NULL,	NULL,	289),
(1311,	95,	NULL,	NULL,	NULL,	NULL,	NULL,	289),
(1311,	97,	NULL,	NULL,	NULL,	NULL,	NULL,	289),
(1312,	93,	1,	NULL,	NULL,	NULL,	NULL,	NULL),
(1312,	94,	NULL,	NULL,	NULL,	NULL,	NULL,	6),
(1312,	95,	NULL,	NULL,	NULL,	NULL,	NULL,	6),
(1312,	97,	NULL,	NULL,	NULL,	NULL,	NULL,	6),
(1313,	93,	1,	NULL,	NULL,	NULL,	NULL,	NULL),
(1313,	94,	NULL,	NULL,	NULL,	NULL,	NULL,	88),
(1313,	95,	NULL,	NULL,	NULL,	NULL,	NULL,	88),
(1313,	97,	NULL,	NULL,	NULL,	NULL,	NULL,	88),
(1314,	152,	NULL,	NULL,	NULL,	NULL,	NULL,	438),
(1314,	153,	NULL,	NULL,	NULL,	NULL,	NULL,	438),
(1314,	154,	4,	NULL,	NULL,	NULL,	NULL,	NULL),
(1314,	168,	NULL,	NULL,	'/emarket/basket/put/element/243/',	NULL,	NULL,	NULL),
(1314,	174,	1481909846,	NULL,	NULL,	NULL,	NULL,	NULL),
(1316,	93,	1,	NULL,	NULL,	NULL,	NULL,	NULL),
(1316,	94,	NULL,	NULL,	NULL,	NULL,	NULL,	456),
(1316,	95,	NULL,	NULL,	NULL,	NULL,	NULL,	456),
(1316,	97,	NULL,	NULL,	NULL,	NULL,	NULL,	456),
(1317,	93,	1,	NULL,	NULL,	NULL,	NULL,	NULL),
(1317,	94,	NULL,	NULL,	NULL,	NULL,	NULL,	124),
(1317,	95,	NULL,	NULL,	NULL,	NULL,	NULL,	124),
(1317,	97,	NULL,	NULL,	NULL,	NULL,	NULL,	124),
(1318,	93,	1,	NULL,	NULL,	NULL,	NULL,	NULL),
(1318,	94,	NULL,	NULL,	NULL,	NULL,	NULL,	15),
(1318,	95,	NULL,	NULL,	NULL,	NULL,	NULL,	15),
(1318,	97,	NULL,	NULL,	NULL,	NULL,	NULL,	15),
(1319,	152,	NULL,	NULL,	NULL,	NULL,	NULL,	595),
(1319,	153,	NULL,	NULL,	NULL,	NULL,	NULL,	595),
(1319,	154,	3,	NULL,	NULL,	NULL,	NULL,	NULL),
(1319,	168,	NULL,	NULL,	'/emarket/basket/put/element/261/',	NULL,	NULL,	NULL),
(1319,	174,	1481909846,	NULL,	NULL,	NULL,	NULL,	NULL),
(1321,	93,	1,	NULL,	NULL,	NULL,	NULL,	NULL),
(1321,	94,	NULL,	NULL,	NULL,	NULL,	NULL,	443),
(1321,	95,	NULL,	NULL,	NULL,	NULL,	NULL,	443),
(1321,	97,	NULL,	NULL,	NULL,	NULL,	NULL,	443),
(1322,	93,	1,	NULL,	NULL,	NULL,	NULL,	NULL),
(1322,	94,	NULL,	NULL,	NULL,	NULL,	NULL,	88),
(1322,	95,	NULL,	NULL,	NULL,	NULL,	NULL,	88),
(1322,	97,	NULL,	NULL,	NULL,	NULL,	NULL,	88),
(1323,	152,	NULL,	NULL,	NULL,	NULL,	NULL,	531),
(1323,	153,	NULL,	NULL,	NULL,	NULL,	NULL,	531),
(1323,	154,	2,	NULL,	NULL,	NULL,	NULL,	NULL),
(1323,	168,	NULL,	NULL,	'/emarket/basket/put/element/270/',	NULL,	NULL,	NULL),
(1323,	174,	1481909846,	NULL,	NULL,	NULL,	NULL,	NULL),
(1325,	93,	1,	NULL,	NULL,	NULL,	NULL,	NULL),
(1325,	94,	NULL,	NULL,	NULL,	NULL,	NULL,	234),
(1325,	95,	NULL,	NULL,	NULL,	NULL,	NULL,	234),
(1325,	97,	NULL,	NULL,	NULL,	NULL,	NULL,	234),
(1327,	93,	1,	NULL,	NULL,	NULL,	NULL,	NULL),
(1327,	94,	NULL,	NULL,	NULL,	NULL,	NULL,	124),
(1327,	95,	NULL,	NULL,	NULL,	NULL,	NULL,	124),
(1327,	97,	NULL,	NULL,	NULL,	NULL,	NULL,	124),
(1328,	93,	0,	NULL,	NULL,	NULL,	NULL,	NULL),
(1328,	94,	NULL,	NULL,	NULL,	NULL,	NULL,	756),
(1329,	93,	0,	NULL,	NULL,	NULL,	NULL,	NULL),
(1329,	94,	NULL,	NULL,	NULL,	NULL,	NULL,	77),
(1330,	93,	1,	NULL,	NULL,	NULL,	NULL,	NULL),
(1330,	94,	NULL,	NULL,	NULL,	NULL,	NULL,	235),
(1330,	95,	NULL,	NULL,	NULL,	NULL,	NULL,	235),
(1330,	97,	NULL,	NULL,	NULL,	NULL,	NULL,	235),
(649,	7,	NULL,	'бытовая техника',	NULL,	NULL,	NULL,	NULL),
(649,	7,	NULL,	'гаджеты',	NULL,	NULL,	NULL,	NULL),
(649,	7,	NULL,	'электроника',	NULL,	NULL,	NULL,	NULL),
(654,	7,	NULL,	'акустика',	NULL,	NULL,	NULL,	NULL),
(654,	7,	NULL,	'звук',	NULL,	NULL,	NULL,	NULL),
(654,	7,	NULL,	'колонки',	NULL,	NULL,	NULL,	NULL),
(655,	7,	NULL,	'провода',	NULL,	NULL,	NULL,	NULL),
(655,	7,	NULL,	'коннекторы',	NULL,	NULL,	NULL,	NULL),
(655,	7,	NULL,	'соединения',	NULL,	NULL,	NULL,	NULL),
(666,	7,	NULL,	'home appliences',	NULL,	NULL,	NULL,	NULL),
(666,	7,	NULL,	'gadgets',	NULL,	NULL,	NULL,	NULL),
(666,	7,	NULL,	'electronics',	NULL,	NULL,	NULL,	NULL),
(670,	7,	NULL,	'acoustics',	NULL,	NULL,	NULL,	NULL),
(670,	7,	NULL,	'sound',	NULL,	NULL,	NULL,	NULL),
(670,	7,	NULL,	'speakers',	NULL,	NULL,	NULL,	NULL),
(671,	7,	NULL,	'провода',	NULL,	NULL,	NULL,	NULL),
(671,	7,	NULL,	'коннекторы',	NULL,	NULL,	NULL,	NULL),
(671,	7,	NULL,	'соединения',	NULL,	NULL,	NULL,	NULL),
(623,	80,	NULL,	NULL,	NULL,	10,	NULL,	NULL),
(628,	507,	NULL,	NULL,	NULL,	624,	NULL,	NULL),
(628,	495,	NULL,	NULL,	NULL,	625,	NULL,	NULL),
(628,	511,	NULL,	NULL,	NULL,	626,	NULL,	NULL),
(630,	99,	NULL,	NULL,	NULL,	NULL,	1,	NULL),
(631,	99,	NULL,	NULL,	NULL,	NULL,	1,	NULL),
(632,	115,	NULL,	NULL,	NULL,	191,	NULL,	NULL),
(633,	136,	NULL,	NULL,	NULL,	190,	NULL,	NULL),
(634,	144,	NULL,	NULL,	NULL,	630,	NULL,	NULL),
(634,	144,	NULL,	NULL,	NULL,	631,	NULL,	NULL),
(634,	148,	NULL,	NULL,	NULL,	182,	NULL,	NULL),
(634,	151,	NULL,	NULL,	NULL,	196,	NULL,	NULL),
(634,	175,	NULL,	NULL,	NULL,	632,	NULL,	NULL),
(634,	181,	NULL,	NULL,	NULL,	633,	NULL,	NULL),
(634,	184,	NULL,	NULL,	NULL,	623,	NULL,	NULL),
(182,	216,	NULL,	NULL,	NULL,	623,	NULL,	NULL),
(641,	519,	NULL,	NULL,	NULL,	640,	NULL,	NULL),
(644,	274,	NULL,	NULL,	NULL,	648,	NULL,	NULL),
(645,	274,	NULL,	NULL,	NULL,	648,	NULL,	NULL),
(646,	274,	NULL,	NULL,	NULL,	648,	NULL,	NULL),
(647,	274,	NULL,	NULL,	NULL,	648,	NULL,	NULL),
(648,	277,	NULL,	NULL,	NULL,	644,	NULL,	NULL),
(648,	277,	NULL,	NULL,	NULL,	645,	NULL,	NULL),
(648,	277,	NULL,	NULL,	NULL,	646,	NULL,	NULL),
(648,	277,	NULL,	NULL,	NULL,	647,	NULL,	NULL),
(651,	260,	NULL,	NULL,	NULL,	182,	NULL,	NULL),
(652,	264,	NULL,	NULL,	NULL,	651,	NULL,	NULL),
(653,	270,	NULL,	NULL,	NULL,	NULL,	14,	NULL),
(653,	264,	NULL,	NULL,	NULL,	651,	NULL,	NULL),
(654,	270,	NULL,	NULL,	NULL,	NULL,	14,	NULL),
(663,	519,	NULL,	NULL,	NULL,	662,	NULL,	NULL),
(668,	264,	NULL,	NULL,	NULL,	651,	NULL,	NULL),
(669,	270,	NULL,	NULL,	NULL,	NULL,	29,	NULL),
(669,	264,	NULL,	NULL,	NULL,	651,	NULL,	NULL),
(670,	270,	NULL,	NULL,	NULL,	NULL,	29,	NULL),
(673,	274,	NULL,	NULL,	NULL,	677,	NULL,	NULL),
(674,	274,	NULL,	NULL,	NULL,	677,	NULL,	NULL),
(675,	274,	NULL,	NULL,	NULL,	677,	NULL,	NULL),
(676,	274,	NULL,	NULL,	NULL,	677,	NULL,	NULL),
(677,	277,	NULL,	NULL,	NULL,	673,	NULL,	NULL),
(677,	277,	NULL,	NULL,	NULL,	674,	NULL,	NULL),
(677,	277,	NULL,	NULL,	NULL,	675,	NULL,	NULL),
(677,	277,	NULL,	NULL,	NULL,	676,	NULL,	NULL),
(699,	495,	NULL,	NULL,	NULL,	697,	NULL,	NULL),
(699,	499,	NULL,	NULL,	NULL,	698,	NULL,	NULL),
(702,	495,	NULL,	NULL,	NULL,	700,	NULL,	NULL),
(702,	499,	NULL,	NULL,	NULL,	698,	NULL,	NULL),
(704,	495,	NULL,	NULL,	NULL,	695,	NULL,	NULL),
(704,	499,	NULL,	NULL,	NULL,	703,	NULL,	NULL),
(708,	495,	NULL,	NULL,	NULL,	695,	NULL,	NULL),
(708,	501,	NULL,	NULL,	NULL,	696,	NULL,	NULL),
(708,	503,	NULL,	NULL,	NULL,	NULL,	52,	NULL),
(708,	503,	NULL,	NULL,	NULL,	NULL,	53,	NULL),
(708,	503,	NULL,	NULL,	NULL,	NULL,	54,	NULL),
(710,	495,	NULL,	NULL,	NULL,	697,	NULL,	NULL),
(710,	499,	NULL,	NULL,	NULL,	698,	NULL,	NULL),
(711,	495,	NULL,	NULL,	NULL,	695,	NULL,	NULL),
(711,	499,	NULL,	NULL,	NULL,	703,	NULL,	NULL),
(712,	495,	NULL,	NULL,	NULL,	700,	NULL,	NULL),
(712,	501,	NULL,	NULL,	NULL,	696,	NULL,	NULL),
(712,	501,	NULL,	NULL,	NULL,	709,	NULL,	NULL),
(712,	503,	NULL,	NULL,	NULL,	NULL,	53,	NULL),
(712,	503,	NULL,	NULL,	NULL,	NULL,	56,	NULL),
(712,	503,	NULL,	NULL,	NULL,	NULL,	57,	NULL),
(713,	495,	NULL,	NULL,	NULL,	695,	NULL,	NULL),
(713,	499,	NULL,	NULL,	NULL,	703,	NULL,	NULL),
(714,	495,	NULL,	NULL,	NULL,	695,	NULL,	NULL),
(714,	501,	NULL,	NULL,	NULL,	696,	NULL,	NULL),
(714,	503,	NULL,	NULL,	NULL,	NULL,	54,	NULL),
(714,	503,	NULL,	NULL,	NULL,	NULL,	59,	NULL),
(716,	489,	NULL,	NULL,	NULL,	NULL,	55,	NULL),
(716,	489,	NULL,	NULL,	NULL,	NULL,	58,	NULL),
(716,	495,	NULL,	NULL,	NULL,	715,	NULL,	NULL),
(716,	501,	NULL,	NULL,	NULL,	709,	NULL,	NULL),
(716,	503,	NULL,	NULL,	NULL,	NULL,	60,	NULL),
(718,	495,	NULL,	NULL,	NULL,	700,	NULL,	NULL),
(719,	489,	NULL,	NULL,	NULL,	NULL,	61,	NULL),
(719,	495,	NULL,	NULL,	NULL,	695,	NULL,	NULL),
(719,	501,	NULL,	NULL,	NULL,	696,	NULL,	NULL),
(719,	501,	NULL,	NULL,	NULL,	709,	NULL,	NULL),
(719,	503,	NULL,	NULL,	NULL,	NULL,	62,	NULL),
(726,	506,	NULL,	NULL,	NULL,	722,	NULL,	NULL),
(726,	507,	NULL,	NULL,	NULL,	723,	NULL,	NULL),
(726,	508,	NULL,	NULL,	NULL,	724,	NULL,	NULL),
(726,	495,	NULL,	NULL,	NULL,	725,	NULL,	NULL),
(727,	489,	NULL,	NULL,	NULL,	NULL,	58,	NULL),
(727,	495,	NULL,	NULL,	NULL,	720,	NULL,	NULL),
(727,	501,	NULL,	NULL,	NULL,	721,	NULL,	NULL),
(727,	501,	NULL,	NULL,	NULL,	696,	NULL,	NULL),
(727,	501,	NULL,	NULL,	NULL,	709,	NULL,	NULL),
(727,	503,	NULL,	NULL,	NULL,	NULL,	64,	NULL),
(728,	489,	NULL,	NULL,	NULL,	NULL,	58,	NULL),
(728,	489,	NULL,	NULL,	NULL,	NULL,	65,	NULL),
(728,	495,	NULL,	NULL,	NULL,	625,	NULL,	NULL),
(728,	501,	NULL,	NULL,	NULL,	709,	NULL,	NULL),
(728,	503,	NULL,	NULL,	NULL,	NULL,	63,	NULL),
(730,	489,	NULL,	NULL,	NULL,	NULL,	55,	NULL),
(730,	489,	NULL,	NULL,	NULL,	NULL,	61,	NULL),
(730,	495,	NULL,	NULL,	NULL,	729,	NULL,	NULL),
(730,	501,	NULL,	NULL,	NULL,	721,	NULL,	NULL),
(730,	501,	NULL,	NULL,	NULL,	696,	NULL,	NULL),
(731,	495,	NULL,	NULL,	NULL,	695,	NULL,	NULL),
(732,	495,	NULL,	NULL,	NULL,	725,	NULL,	NULL),
(732,	501,	NULL,	NULL,	NULL,	721,	NULL,	NULL),
(732,	501,	NULL,	NULL,	NULL,	696,	NULL,	NULL),
(732,	501,	NULL,	NULL,	NULL,	709,	NULL,	NULL),
(732,	503,	NULL,	NULL,	NULL,	NULL,	68,	NULL),
(733,	506,	NULL,	NULL,	NULL,	722,	NULL,	NULL),
(733,	507,	NULL,	NULL,	NULL,	723,	NULL,	NULL),
(733,	508,	NULL,	NULL,	NULL,	724,	NULL,	NULL),
(733,	495,	NULL,	NULL,	NULL,	725,	NULL,	NULL),
(734,	489,	NULL,	NULL,	NULL,	NULL,	60,	NULL),
(734,	495,	NULL,	NULL,	NULL,	715,	NULL,	NULL),
(734,	501,	NULL,	NULL,	NULL,	696,	NULL,	NULL),
(734,	501,	NULL,	NULL,	NULL,	709,	NULL,	NULL),
(734,	503,	NULL,	NULL,	NULL,	NULL,	70,	NULL),
(735,	495,	NULL,	NULL,	NULL,	729,	NULL,	NULL),
(735,	501,	NULL,	NULL,	NULL,	696,	NULL,	NULL),
(735,	501,	NULL,	NULL,	NULL,	721,	NULL,	NULL),
(736,	495,	NULL,	NULL,	NULL,	700,	NULL,	NULL),
(736,	501,	NULL,	NULL,	NULL,	696,	NULL,	NULL),
(737,	495,	NULL,	NULL,	NULL,	695,	NULL,	NULL),
(737,	501,	NULL,	NULL,	NULL,	696,	NULL,	NULL),
(739,	495,	NULL,	NULL,	NULL,	738,	NULL,	NULL),
(739,	501,	NULL,	NULL,	NULL,	696,	NULL,	NULL),
(739,	501,	NULL,	NULL,	NULL,	721,	NULL,	NULL),
(740,	506,	NULL,	NULL,	NULL,	722,	NULL,	NULL),
(740,	507,	NULL,	NULL,	NULL,	723,	NULL,	NULL),
(740,	508,	NULL,	NULL,	NULL,	724,	NULL,	NULL),
(740,	495,	NULL,	NULL,	NULL,	725,	NULL,	NULL),
(741,	495,	NULL,	NULL,	NULL,	725,	NULL,	NULL),
(741,	501,	NULL,	NULL,	NULL,	721,	NULL,	NULL),
(741,	501,	NULL,	NULL,	NULL,	709,	NULL,	NULL),
(741,	503,	NULL,	NULL,	NULL,	NULL,	76,	NULL),
(742,	489,	NULL,	NULL,	NULL,	NULL,	62,	NULL),
(742,	495,	NULL,	NULL,	NULL,	695,	NULL,	NULL),
(742,	501,	NULL,	NULL,	NULL,	696,	NULL,	NULL),
(742,	501,	NULL,	NULL,	NULL,	721,	NULL,	NULL),
(742,	501,	NULL,	NULL,	NULL,	709,	NULL,	NULL),
(744,	495,	NULL,	NULL,	NULL,	700,	NULL,	NULL),
(744,	501,	NULL,	NULL,	NULL,	696,	NULL,	NULL),
(744,	501,	NULL,	NULL,	NULL,	721,	NULL,	NULL),
(744,	501,	NULL,	NULL,	NULL,	709,	NULL,	NULL),
(744,	503,	NULL,	NULL,	NULL,	NULL,	58,	NULL),
(746,	489,	NULL,	NULL,	NULL,	NULL,	62,	NULL),
(746,	489,	NULL,	NULL,	NULL,	NULL,	68,	NULL),
(746,	495,	NULL,	NULL,	NULL,	745,	NULL,	NULL),
(746,	501,	NULL,	NULL,	NULL,	721,	NULL,	NULL),
(746,	503,	NULL,	NULL,	NULL,	NULL,	71,	NULL),
(747,	495,	NULL,	NULL,	NULL,	695,	NULL,	NULL),
(747,	501,	NULL,	NULL,	NULL,	696,	NULL,	NULL),
(748,	489,	NULL,	NULL,	NULL,	NULL,	67,	NULL),
(748,	495,	NULL,	NULL,	NULL,	738,	NULL,	NULL),
(748,	501,	NULL,	NULL,	NULL,	696,	NULL,	NULL),
(748,	501,	NULL,	NULL,	NULL,	721,	NULL,	NULL),
(753,	506,	NULL,	NULL,	NULL,	749,	NULL,	NULL),
(753,	507,	NULL,	NULL,	NULL,	750,	NULL,	NULL),
(753,	508,	NULL,	NULL,	NULL,	751,	NULL,	NULL),
(753,	495,	NULL,	NULL,	NULL,	715,	NULL,	NULL),
(756,	506,	NULL,	NULL,	NULL,	754,	NULL,	NULL),
(756,	507,	NULL,	NULL,	NULL,	624,	NULL,	NULL),
(756,	508,	NULL,	NULL,	NULL,	755,	NULL,	NULL),
(756,	495,	NULL,	NULL,	NULL,	625,	NULL,	NULL),
(759,	506,	NULL,	NULL,	NULL,	757,	NULL,	NULL),
(759,	507,	NULL,	NULL,	NULL,	758,	NULL,	NULL),
(759,	508,	NULL,	NULL,	NULL,	751,	NULL,	NULL),
(759,	495,	NULL,	NULL,	NULL,	729,	NULL,	NULL),
(762,	506,	NULL,	NULL,	NULL,	760,	NULL,	NULL),
(762,	507,	NULL,	NULL,	NULL,	750,	NULL,	NULL),
(762,	508,	NULL,	NULL,	NULL,	761,	NULL,	NULL),
(762,	495,	NULL,	NULL,	NULL,	700,	NULL,	NULL),
(765,	489,	NULL,	NULL,	NULL,	NULL,	85,	NULL),
(765,	489,	NULL,	NULL,	NULL,	NULL,	86,	NULL),
(765,	506,	NULL,	NULL,	NULL,	763,	NULL,	NULL),
(765,	507,	NULL,	NULL,	NULL,	624,	NULL,	NULL),
(765,	508,	NULL,	NULL,	NULL,	764,	NULL,	NULL),
(765,	495,	NULL,	NULL,	NULL,	625,	NULL,	NULL),
(766,	489,	NULL,	NULL,	NULL,	NULL,	76,	NULL),
(766,	506,	NULL,	NULL,	NULL,	722,	NULL,	NULL),
(766,	507,	NULL,	NULL,	NULL,	723,	NULL,	NULL),
(766,	508,	NULL,	NULL,	NULL,	724,	NULL,	NULL),
(766,	495,	NULL,	NULL,	NULL,	725,	NULL,	NULL),
(767,	489,	NULL,	NULL,	NULL,	NULL,	88,	NULL),
(767,	489,	NULL,	NULL,	NULL,	NULL,	70,	NULL),
(767,	489,	NULL,	NULL,	NULL,	NULL,	76,	NULL),
(767,	506,	NULL,	NULL,	NULL,	722,	NULL,	NULL),
(767,	507,	NULL,	NULL,	NULL,	723,	NULL,	NULL),
(767,	508,	NULL,	NULL,	NULL,	764,	NULL,	NULL),
(767,	495,	NULL,	NULL,	NULL,	720,	NULL,	NULL),
(769,	489,	NULL,	NULL,	NULL,	NULL,	89,	NULL),
(769,	506,	NULL,	NULL,	NULL,	754,	NULL,	NULL),
(769,	507,	NULL,	NULL,	NULL,	624,	NULL,	NULL),
(769,	508,	NULL,	NULL,	NULL,	768,	NULL,	NULL),
(769,	495,	NULL,	NULL,	NULL,	700,	NULL,	NULL),
(771,	489,	NULL,	NULL,	NULL,	NULL,	76,	NULL),
(771,	506,	NULL,	NULL,	NULL,	770,	NULL,	NULL),
(771,	507,	NULL,	NULL,	NULL,	758,	NULL,	NULL),
(771,	508,	NULL,	NULL,	NULL,	755,	NULL,	NULL),
(771,	495,	NULL,	NULL,	NULL,	745,	NULL,	NULL),
(772,	506,	NULL,	NULL,	NULL,	763,	NULL,	NULL),
(772,	507,	NULL,	NULL,	NULL,	624,	NULL,	NULL),
(772,	508,	NULL,	NULL,	NULL,	768,	NULL,	NULL),
(772,	495,	NULL,	NULL,	NULL,	729,	NULL,	NULL),
(774,	506,	NULL,	NULL,	NULL,	754,	NULL,	NULL),
(774,	507,	NULL,	NULL,	NULL,	773,	NULL,	NULL),
(774,	508,	NULL,	NULL,	NULL,	755,	NULL,	NULL),
(774,	495,	NULL,	NULL,	NULL,	729,	NULL,	NULL),
(775,	506,	NULL,	NULL,	NULL,	754,	NULL,	NULL),
(775,	507,	NULL,	NULL,	NULL,	773,	NULL,	NULL),
(775,	508,	NULL,	NULL,	NULL,	755,	NULL,	NULL),
(775,	495,	NULL,	NULL,	NULL,	729,	NULL,	NULL),
(776,	506,	NULL,	NULL,	NULL,	754,	NULL,	NULL),
(776,	507,	NULL,	NULL,	NULL,	773,	NULL,	NULL),
(776,	508,	NULL,	NULL,	NULL,	755,	NULL,	NULL),
(776,	495,	NULL,	NULL,	NULL,	729,	NULL,	NULL),
(777,	489,	NULL,	NULL,	NULL,	NULL,	89,	NULL),
(777,	506,	NULL,	NULL,	NULL,	749,	NULL,	NULL),
(777,	507,	NULL,	NULL,	NULL,	773,	NULL,	NULL),
(777,	508,	NULL,	NULL,	NULL,	764,	NULL,	NULL),
(777,	495,	NULL,	NULL,	NULL,	625,	NULL,	NULL),
(778,	506,	NULL,	NULL,	NULL,	770,	NULL,	NULL),
(778,	507,	NULL,	NULL,	NULL,	773,	NULL,	NULL),
(778,	508,	NULL,	NULL,	NULL,	755,	NULL,	NULL),
(778,	495,	NULL,	NULL,	NULL,	729,	NULL,	NULL),
(779,	489,	NULL,	NULL,	NULL,	NULL,	85,	NULL),
(779,	506,	NULL,	NULL,	NULL,	749,	NULL,	NULL),
(779,	507,	NULL,	NULL,	NULL,	723,	NULL,	NULL),
(779,	508,	NULL,	NULL,	NULL,	755,	NULL,	NULL),
(779,	495,	NULL,	NULL,	NULL,	697,	NULL,	NULL),
(780,	506,	NULL,	NULL,	NULL,	770,	NULL,	NULL),
(780,	507,	NULL,	NULL,	NULL,	773,	NULL,	NULL),
(780,	508,	NULL,	NULL,	NULL,	764,	NULL,	NULL),
(780,	495,	NULL,	NULL,	NULL,	738,	NULL,	NULL),
(782,	495,	NULL,	NULL,	NULL,	700,	NULL,	NULL),
(782,	499,	NULL,	NULL,	NULL,	781,	NULL,	NULL),
(783,	495,	NULL,	NULL,	NULL,	695,	NULL,	NULL),
(783,	499,	NULL,	NULL,	NULL,	703,	NULL,	NULL),
(784,	495,	NULL,	NULL,	NULL,	695,	NULL,	NULL),
(784,	499,	NULL,	NULL,	NULL,	703,	NULL,	NULL),
(786,	489,	NULL,	NULL,	NULL,	NULL,	100,	NULL),
(786,	495,	NULL,	NULL,	NULL,	785,	NULL,	NULL),
(786,	499,	NULL,	NULL,	NULL,	698,	NULL,	NULL),
(787,	489,	NULL,	NULL,	NULL,	NULL,	101,	NULL),
(787,	495,	NULL,	NULL,	NULL,	738,	NULL,	NULL),
(787,	499,	NULL,	NULL,	NULL,	703,	NULL,	NULL),
(788,	489,	NULL,	NULL,	NULL,	NULL,	52,	NULL),
(788,	495,	NULL,	NULL,	NULL,	729,	NULL,	NULL),
(788,	499,	NULL,	NULL,	NULL,	781,	NULL,	NULL),
(789,	489,	NULL,	NULL,	NULL,	NULL,	53,	NULL),
(789,	495,	NULL,	NULL,	NULL,	715,	NULL,	NULL),
(789,	499,	NULL,	NULL,	NULL,	703,	NULL,	NULL),
(790,	495,	NULL,	NULL,	NULL,	729,	NULL,	NULL),
(790,	499,	NULL,	NULL,	NULL,	703,	NULL,	NULL),
(791,	495,	NULL,	NULL,	NULL,	729,	NULL,	NULL),
(791,	499,	NULL,	NULL,	NULL,	703,	NULL,	NULL),
(793,	495,	NULL,	NULL,	NULL,	695,	NULL,	NULL),
(793,	499,	NULL,	NULL,	NULL,	703,	NULL,	NULL),
(794,	489,	NULL,	NULL,	NULL,	NULL,	54,	NULL),
(794,	495,	NULL,	NULL,	NULL,	697,	NULL,	NULL),
(794,	499,	NULL,	NULL,	NULL,	781,	NULL,	NULL),
(795,	489,	NULL,	NULL,	NULL,	NULL,	111,	NULL),
(795,	495,	NULL,	NULL,	NULL,	715,	NULL,	NULL),
(795,	499,	NULL,	NULL,	NULL,	698,	NULL,	NULL),
(796,	489,	NULL,	NULL,	NULL,	NULL,	54,	NULL),
(796,	495,	NULL,	NULL,	NULL,	695,	NULL,	NULL),
(796,	499,	NULL,	NULL,	NULL,	703,	NULL,	NULL),
(798,	507,	NULL,	NULL,	NULL,	624,	NULL,	NULL),
(798,	495,	NULL,	NULL,	NULL,	695,	NULL,	NULL),
(798,	511,	NULL,	NULL,	NULL,	797,	NULL,	NULL),
(799,	507,	NULL,	NULL,	NULL,	773,	NULL,	NULL),
(799,	495,	NULL,	NULL,	NULL,	720,	NULL,	NULL),
(799,	511,	NULL,	NULL,	NULL,	797,	NULL,	NULL),
(800,	489,	NULL,	NULL,	NULL,	NULL,	114,	NULL),
(800,	507,	NULL,	NULL,	NULL,	773,	NULL,	NULL),
(800,	495,	NULL,	NULL,	NULL,	725,	NULL,	NULL),
(800,	511,	NULL,	NULL,	NULL,	797,	NULL,	NULL),
(802,	507,	NULL,	NULL,	NULL,	758,	NULL,	NULL),
(802,	495,	NULL,	NULL,	NULL,	697,	NULL,	NULL),
(802,	511,	NULL,	NULL,	NULL,	801,	NULL,	NULL),
(803,	489,	NULL,	NULL,	NULL,	NULL,	58,	NULL),
(803,	489,	NULL,	NULL,	NULL,	NULL,	60,	NULL),
(803,	507,	NULL,	NULL,	NULL,	750,	NULL,	NULL),
(803,	495,	NULL,	NULL,	NULL,	697,	NULL,	NULL),
(803,	511,	NULL,	NULL,	NULL,	626,	NULL,	NULL),
(804,	507,	NULL,	NULL,	NULL,	624,	NULL,	NULL),
(804,	495,	NULL,	NULL,	NULL,	738,	NULL,	NULL),
(804,	511,	NULL,	NULL,	NULL,	626,	NULL,	NULL),
(805,	507,	NULL,	NULL,	NULL,	750,	NULL,	NULL),
(805,	495,	NULL,	NULL,	NULL,	625,	NULL,	NULL),
(805,	511,	NULL,	NULL,	NULL,	801,	NULL,	NULL),
(806,	489,	NULL,	NULL,	NULL,	NULL,	63,	NULL),
(806,	489,	NULL,	NULL,	NULL,	NULL,	65,	NULL),
(806,	507,	NULL,	NULL,	NULL,	758,	NULL,	NULL),
(806,	495,	NULL,	NULL,	NULL,	729,	NULL,	NULL),
(806,	511,	NULL,	NULL,	NULL,	801,	NULL,	NULL),
(808,	489,	NULL,	NULL,	NULL,	NULL,	114,	NULL),
(808,	489,	NULL,	NULL,	NULL,	NULL,	115,	NULL),
(808,	489,	NULL,	NULL,	NULL,	NULL,	118,	NULL),
(808,	507,	NULL,	NULL,	NULL,	624,	NULL,	NULL),
(808,	495,	NULL,	NULL,	NULL,	745,	NULL,	NULL),
(808,	511,	NULL,	NULL,	NULL,	807,	NULL,	NULL),
(809,	507,	NULL,	NULL,	NULL,	624,	NULL,	NULL),
(809,	495,	NULL,	NULL,	NULL,	700,	NULL,	NULL),
(809,	511,	NULL,	NULL,	NULL,	801,	NULL,	NULL),
(810,	507,	NULL,	NULL,	NULL,	773,	NULL,	NULL),
(810,	495,	NULL,	NULL,	NULL,	785,	NULL,	NULL),
(810,	511,	NULL,	NULL,	NULL,	807,	NULL,	NULL),
(811,	507,	NULL,	NULL,	NULL,	750,	NULL,	NULL),
(811,	495,	NULL,	NULL,	NULL,	785,	NULL,	NULL),
(811,	511,	NULL,	NULL,	NULL,	807,	NULL,	NULL),
(812,	489,	NULL,	NULL,	NULL,	NULL,	123,	NULL),
(812,	507,	NULL,	NULL,	NULL,	624,	NULL,	NULL),
(812,	495,	NULL,	NULL,	NULL,	729,	NULL,	NULL),
(812,	511,	NULL,	NULL,	NULL,	626,	NULL,	NULL),
(813,	489,	NULL,	NULL,	NULL,	NULL,	123,	NULL),
(813,	489,	NULL,	NULL,	NULL,	NULL,	124,	NULL),
(813,	507,	NULL,	NULL,	NULL,	723,	NULL,	NULL),
(813,	495,	NULL,	NULL,	NULL,	697,	NULL,	NULL),
(813,	511,	NULL,	NULL,	NULL,	797,	NULL,	NULL),
(814,	264,	NULL,	NULL,	NULL,	651,	NULL,	NULL),
(815,	264,	NULL,	NULL,	NULL,	651,	NULL,	NULL),
(816,	264,	NULL,	NULL,	NULL,	651,	NULL,	NULL),
(819,	495,	NULL,	NULL,	NULL,	745,	NULL,	NULL),
(819,	503,	NULL,	NULL,	NULL,	NULL,	63,	NULL),
(820,	489,	NULL,	NULL,	NULL,	NULL,	58,	NULL),
(820,	489,	NULL,	NULL,	NULL,	NULL,	55,	NULL),
(820,	495,	NULL,	NULL,	NULL,	738,	NULL,	NULL),
(820,	503,	NULL,	NULL,	NULL,	NULL,	62,	NULL),
(820,	503,	NULL,	NULL,	NULL,	NULL,	68,	NULL),
(821,	489,	NULL,	NULL,	NULL,	NULL,	71,	NULL),
(821,	495,	NULL,	NULL,	NULL,	625,	NULL,	NULL),
(821,	503,	NULL,	NULL,	NULL,	NULL,	63,	NULL),
(821,	503,	NULL,	NULL,	NULL,	NULL,	76,	NULL),
(822,	495,	NULL,	NULL,	NULL,	695,	NULL,	NULL),
(823,	489,	NULL,	NULL,	NULL,	NULL,	62,	NULL),
(823,	495,	NULL,	NULL,	NULL,	700,	NULL,	NULL),
(824,	495,	NULL,	NULL,	NULL,	720,	NULL,	NULL),
(825,	489,	NULL,	NULL,	NULL,	NULL,	58,	NULL),
(825,	489,	NULL,	NULL,	NULL,	NULL,	60,	NULL),
(825,	495,	NULL,	NULL,	NULL,	729,	NULL,	NULL),
(825,	503,	NULL,	NULL,	NULL,	NULL,	69,	NULL),
(825,	503,	NULL,	NULL,	NULL,	NULL,	67,	NULL),
(826,	489,	NULL,	NULL,	NULL,	NULL,	134,	NULL),
(826,	489,	NULL,	NULL,	NULL,	NULL,	135,	NULL),
(826,	495,	NULL,	NULL,	NULL,	785,	NULL,	NULL),
(826,	503,	NULL,	NULL,	NULL,	NULL,	139,	NULL),
(826,	503,	NULL,	NULL,	NULL,	NULL,	88,	NULL),
(827,	264,	NULL,	NULL,	NULL,	651,	NULL,	NULL),
(828,	264,	NULL,	NULL,	NULL,	651,	NULL,	NULL),
(829,	264,	NULL,	NULL,	NULL,	651,	NULL,	NULL),
(830,	264,	NULL,	NULL,	NULL,	651,	NULL,	NULL),
(831,	264,	NULL,	NULL,	NULL,	651,	NULL,	NULL),
(833,	264,	NULL,	NULL,	NULL,	832,	NULL,	NULL),
(834,	264,	NULL,	NULL,	NULL,	651,	NULL,	NULL),
(835,	264,	NULL,	NULL,	NULL,	651,	NULL,	NULL),
(837,	264,	NULL,	NULL,	NULL,	651,	NULL,	NULL),
(840,	264,	NULL,	NULL,	NULL,	651,	NULL,	NULL),
(841,	264,	NULL,	NULL,	NULL,	651,	NULL,	NULL),
(853,	495,	NULL,	NULL,	NULL,	695,	NULL,	NULL),
(853,	501,	NULL,	NULL,	NULL,	696,	NULL,	NULL),
(853,	503,	NULL,	NULL,	NULL,	NULL,	52,	NULL),
(853,	503,	NULL,	NULL,	NULL,	NULL,	53,	NULL),
(853,	503,	NULL,	NULL,	NULL,	NULL,	54,	NULL),
(854,	495,	NULL,	NULL,	NULL,	700,	NULL,	NULL),
(854,	499,	NULL,	NULL,	NULL,	698,	NULL,	NULL),
(856,	495,	NULL,	NULL,	NULL,	697,	NULL,	NULL),
(856,	499,	NULL,	NULL,	NULL,	698,	NULL,	NULL),
(857,	495,	NULL,	NULL,	NULL,	695,	NULL,	NULL),
(857,	499,	NULL,	NULL,	NULL,	703,	NULL,	NULL),
(859,	495,	NULL,	NULL,	NULL,	700,	NULL,	NULL),
(859,	501,	NULL,	NULL,	NULL,	696,	NULL,	NULL),
(859,	501,	NULL,	NULL,	NULL,	709,	NULL,	NULL),
(859,	503,	NULL,	NULL,	NULL,	NULL,	167,	NULL),
(859,	503,	NULL,	NULL,	NULL,	NULL,	169,	NULL),
(859,	503,	NULL,	NULL,	NULL,	NULL,	170,	NULL),
(860,	495,	NULL,	NULL,	NULL,	695,	NULL,	NULL),
(860,	501,	NULL,	NULL,	NULL,	696,	NULL,	NULL),
(860,	503,	NULL,	NULL,	NULL,	NULL,	54,	NULL),
(860,	503,	NULL,	NULL,	NULL,	NULL,	59,	NULL),
(861,	264,	NULL,	NULL,	NULL,	651,	NULL,	NULL),
(862,	495,	NULL,	NULL,	NULL,	729,	NULL,	NULL),
(862,	501,	NULL,	NULL,	NULL,	721,	NULL,	NULL),
(862,	501,	NULL,	NULL,	NULL,	696,	NULL,	NULL),
(863,	495,	NULL,	NULL,	NULL,	700,	NULL,	NULL),
(863,	501,	NULL,	NULL,	NULL,	696,	NULL,	NULL),
(864,	495,	NULL,	NULL,	NULL,	695,	NULL,	NULL),
(864,	501,	NULL,	NULL,	NULL,	696,	NULL,	NULL),
(865,	495,	NULL,	NULL,	NULL,	700,	NULL,	NULL),
(866,	495,	NULL,	NULL,	NULL,	695,	NULL,	NULL),
(869,	495,	NULL,	NULL,	NULL,	695,	NULL,	NULL),
(869,	499,	NULL,	NULL,	NULL,	703,	NULL,	NULL),
(870,	495,	NULL,	NULL,	NULL,	697,	NULL,	NULL),
(870,	499,	NULL,	NULL,	NULL,	698,	NULL,	NULL),
(871,	495,	NULL,	NULL,	NULL,	695,	NULL,	NULL),
(871,	499,	NULL,	NULL,	NULL,	703,	NULL,	NULL),
(872,	495,	NULL,	NULL,	NULL,	729,	NULL,	NULL),
(872,	499,	NULL,	NULL,	NULL,	703,	NULL,	NULL),
(873,	495,	NULL,	NULL,	NULL,	729,	NULL,	NULL),
(873,	499,	NULL,	NULL,	NULL,	703,	NULL,	NULL),
(874,	495,	NULL,	NULL,	NULL,	700,	NULL,	NULL),
(874,	499,	NULL,	NULL,	NULL,	781,	NULL,	NULL),
(875,	495,	NULL,	NULL,	NULL,	695,	NULL,	NULL),
(875,	499,	NULL,	NULL,	NULL,	703,	NULL,	NULL),
(876,	495,	NULL,	NULL,	NULL,	695,	NULL,	NULL),
(876,	499,	NULL,	NULL,	NULL,	703,	NULL,	NULL),
(881,	506,	NULL,	NULL,	NULL,	722,	NULL,	NULL),
(881,	507,	NULL,	NULL,	NULL,	723,	NULL,	NULL),
(881,	508,	NULL,	NULL,	NULL,	724,	NULL,	NULL),
(881,	495,	NULL,	NULL,	NULL,	725,	NULL,	NULL),
(882,	489,	NULL,	NULL,	NULL,	NULL,	194,	NULL),
(882,	506,	NULL,	NULL,	NULL,	722,	NULL,	NULL),
(882,	507,	NULL,	NULL,	NULL,	723,	NULL,	NULL),
(882,	508,	NULL,	NULL,	NULL,	724,	NULL,	NULL),
(882,	495,	NULL,	NULL,	NULL,	725,	NULL,	NULL),
(883,	506,	NULL,	NULL,	NULL,	722,	NULL,	NULL),
(883,	507,	NULL,	NULL,	NULL,	723,	NULL,	NULL),
(883,	508,	NULL,	NULL,	NULL,	724,	NULL,	NULL),
(883,	495,	NULL,	NULL,	NULL,	725,	NULL,	NULL),
(884,	489,	NULL,	NULL,	NULL,	NULL,	195,	NULL),
(884,	489,	NULL,	NULL,	NULL,	NULL,	196,	NULL),
(884,	489,	NULL,	NULL,	NULL,	NULL,	194,	NULL),
(884,	506,	NULL,	NULL,	NULL,	722,	NULL,	NULL),
(884,	507,	NULL,	NULL,	NULL,	723,	NULL,	NULL),
(884,	508,	NULL,	NULL,	NULL,	764,	NULL,	NULL),
(884,	495,	NULL,	NULL,	NULL,	720,	NULL,	NULL),
(885,	506,	NULL,	NULL,	NULL,	722,	NULL,	NULL),
(885,	507,	NULL,	NULL,	NULL,	723,	NULL,	NULL),
(885,	508,	NULL,	NULL,	NULL,	724,	NULL,	NULL),
(885,	495,	NULL,	NULL,	NULL,	725,	NULL,	NULL),
(886,	264,	NULL,	NULL,	NULL,	651,	NULL,	NULL),
(887,	264,	NULL,	NULL,	NULL,	651,	NULL,	NULL),
(888,	264,	NULL,	NULL,	NULL,	651,	NULL,	NULL),
(889,	264,	NULL,	NULL,	NULL,	651,	NULL,	NULL),
(890,	506,	NULL,	NULL,	NULL,	757,	NULL,	NULL),
(890,	507,	NULL,	NULL,	NULL,	758,	NULL,	NULL),
(890,	508,	NULL,	NULL,	NULL,	751,	NULL,	NULL),
(890,	495,	NULL,	NULL,	NULL,	729,	NULL,	NULL),
(891,	506,	NULL,	NULL,	NULL,	760,	NULL,	NULL),
(891,	507,	NULL,	NULL,	NULL,	750,	NULL,	NULL),
(891,	508,	NULL,	NULL,	NULL,	761,	NULL,	NULL),
(891,	495,	NULL,	NULL,	NULL,	700,	NULL,	NULL),
(892,	506,	NULL,	NULL,	NULL,	770,	NULL,	NULL),
(892,	507,	NULL,	NULL,	NULL,	773,	NULL,	NULL),
(892,	508,	NULL,	NULL,	NULL,	755,	NULL,	NULL),
(892,	495,	NULL,	NULL,	NULL,	729,	NULL,	NULL),
(893,	506,	NULL,	NULL,	NULL,	749,	NULL,	NULL),
(893,	507,	NULL,	NULL,	NULL,	750,	NULL,	NULL),
(893,	508,	NULL,	NULL,	NULL,	751,	NULL,	NULL),
(893,	495,	NULL,	NULL,	NULL,	715,	NULL,	NULL),
(894,	506,	NULL,	NULL,	NULL,	754,	NULL,	NULL),
(894,	507,	NULL,	NULL,	NULL,	624,	NULL,	NULL),
(894,	508,	NULL,	NULL,	NULL,	755,	NULL,	NULL),
(894,	495,	NULL,	NULL,	NULL,	625,	NULL,	NULL),
(895,	506,	NULL,	NULL,	NULL,	763,	NULL,	NULL),
(895,	507,	NULL,	NULL,	NULL,	624,	NULL,	NULL),
(895,	508,	NULL,	NULL,	NULL,	768,	NULL,	NULL),
(895,	495,	NULL,	NULL,	NULL,	729,	NULL,	NULL),
(896,	506,	NULL,	NULL,	NULL,	754,	NULL,	NULL),
(896,	507,	NULL,	NULL,	NULL,	773,	NULL,	NULL),
(896,	508,	NULL,	NULL,	NULL,	755,	NULL,	NULL),
(896,	495,	NULL,	NULL,	NULL,	729,	NULL,	NULL),
(897,	506,	NULL,	NULL,	NULL,	754,	NULL,	NULL),
(897,	507,	NULL,	NULL,	NULL,	773,	NULL,	NULL),
(897,	508,	NULL,	NULL,	NULL,	755,	NULL,	NULL),
(897,	495,	NULL,	NULL,	NULL,	729,	NULL,	NULL),
(898,	506,	NULL,	NULL,	NULL,	754,	NULL,	NULL),
(898,	507,	NULL,	NULL,	NULL,	773,	NULL,	NULL),
(898,	508,	NULL,	NULL,	NULL,	755,	NULL,	NULL),
(898,	495,	NULL,	NULL,	NULL,	729,	NULL,	NULL),
(902,	507,	NULL,	NULL,	NULL,	624,	NULL,	NULL),
(902,	495,	NULL,	NULL,	NULL,	695,	NULL,	NULL),
(902,	511,	NULL,	NULL,	NULL,	797,	NULL,	NULL),
(903,	507,	NULL,	NULL,	NULL,	773,	NULL,	NULL),
(903,	495,	NULL,	NULL,	NULL,	720,	NULL,	NULL),
(903,	511,	NULL,	NULL,	NULL,	797,	NULL,	NULL),
(904,	507,	NULL,	NULL,	NULL,	624,	NULL,	NULL),
(904,	495,	NULL,	NULL,	NULL,	700,	NULL,	NULL),
(904,	511,	NULL,	NULL,	NULL,	801,	NULL,	NULL),
(905,	507,	NULL,	NULL,	NULL,	773,	NULL,	NULL),
(905,	495,	NULL,	NULL,	NULL,	785,	NULL,	NULL),
(905,	511,	NULL,	NULL,	NULL,	807,	NULL,	NULL),
(906,	507,	NULL,	NULL,	NULL,	750,	NULL,	NULL),
(906,	495,	NULL,	NULL,	NULL,	785,	NULL,	NULL),
(906,	511,	NULL,	NULL,	NULL,	807,	NULL,	NULL),
(907,	507,	NULL,	NULL,	NULL,	624,	NULL,	NULL),
(907,	495,	NULL,	NULL,	NULL,	738,	NULL,	NULL),
(907,	511,	NULL,	NULL,	NULL,	626,	NULL,	NULL),
(908,	507,	NULL,	NULL,	NULL,	624,	NULL,	NULL),
(908,	495,	NULL,	NULL,	NULL,	625,	NULL,	NULL),
(908,	511,	NULL,	NULL,	NULL,	626,	NULL,	NULL),
(909,	264,	NULL,	NULL,	NULL,	651,	NULL,	NULL),
(913,	264,	NULL,	NULL,	NULL,	651,	NULL,	NULL),
(916,	264,	NULL,	NULL,	NULL,	651,	NULL,	NULL),
(917,	264,	NULL,	NULL,	NULL,	651,	NULL,	NULL),
(922,	65,	NULL,	NULL,	NULL,	184,	NULL,	NULL),
(923,	70,	NULL,	NULL,	NULL,	186,	NULL,	NULL),
(933,	65,	NULL,	NULL,	NULL,	184,	NULL,	NULL),
(934,	70,	NULL,	NULL,	NULL,	186,	NULL,	NULL),
(935,	65,	NULL,	NULL,	NULL,	184,	NULL,	NULL),
(937,	65,	NULL,	NULL,	NULL,	184,	NULL,	NULL),
(938,	70,	NULL,	NULL,	NULL,	186,	NULL,	NULL),
(939,	70,	NULL,	NULL,	NULL,	207,	NULL,	NULL),
(940,	70,	NULL,	NULL,	NULL,	207,	NULL,	NULL),
(941,	70,	NULL,	NULL,	NULL,	207,	NULL,	NULL),
(942,	70,	NULL,	NULL,	NULL,	209,	NULL,	NULL),
(943,	70,	NULL,	NULL,	NULL,	207,	NULL,	NULL),
(944,	70,	NULL,	NULL,	NULL,	209,	NULL,	NULL),
(945,	70,	NULL,	NULL,	NULL,	207,	NULL,	NULL),
(946,	70,	NULL,	NULL,	NULL,	209,	NULL,	NULL),
(947,	70,	NULL,	NULL,	NULL,	207,	NULL,	NULL),
(948,	70,	NULL,	NULL,	NULL,	209,	NULL,	NULL),
(949,	70,	NULL,	NULL,	NULL,	210,	NULL,	NULL),
(950,	70,	NULL,	NULL,	NULL,	208,	NULL,	NULL),
(951,	70,	NULL,	NULL,	NULL,	207,	NULL,	NULL),
(952,	70,	NULL,	NULL,	NULL,	209,	NULL,	NULL),
(952,	359,	NULL,	NULL,	NULL,	619,	NULL,	NULL),
(952,	359,	NULL,	NULL,	NULL,	181,	NULL,	NULL),
(953,	70,	NULL,	NULL,	NULL,	210,	NULL,	NULL),
(953,	237,	NULL,	NULL,	NULL,	182,	NULL,	NULL),
(954,	70,	NULL,	NULL,	NULL,	208,	NULL,	NULL),
(955,	70,	NULL,	NULL,	NULL,	206,	NULL,	NULL),
(212,	63,	NULL,	NULL,	NULL,	180,	NULL,	NULL),
(212,	63,	NULL,	NULL,	NULL,	183,	NULL,	NULL),
(956,	70,	NULL,	NULL,	NULL,	209,	NULL,	NULL),
(957,	70,	NULL,	NULL,	NULL,	208,	NULL,	NULL),
(958,	80,	NULL,	NULL,	NULL,	10,	NULL,	NULL),
(959,	115,	NULL,	NULL,	NULL,	213,	NULL,	NULL),
(961,	437,	NULL,	NULL,	NULL,	960,	NULL,	NULL),
(963,	437,	NULL,	NULL,	NULL,	960,	NULL,	NULL),
(964,	437,	NULL,	NULL,	NULL,	960,	NULL,	NULL),
(965,	305,	NULL,	NULL,	NULL,	637,	NULL,	NULL),
(986,	99,	NULL,	NULL,	NULL,	NULL,	86,	NULL),
(987,	99,	NULL,	NULL,	NULL,	NULL,	58,	NULL),
(988,	99,	NULL,	NULL,	NULL,	NULL,	62,	NULL),
(989,	144,	NULL,	NULL,	NULL,	986,	NULL,	NULL),
(989,	144,	NULL,	NULL,	NULL,	987,	NULL,	NULL),
(989,	144,	NULL,	NULL,	NULL,	988,	NULL,	NULL),
(989,	148,	NULL,	NULL,	NULL,	182,	NULL,	NULL),
(989,	151,	NULL,	NULL,	NULL,	194,	NULL,	NULL),
(989,	175,	NULL,	NULL,	NULL,	632,	NULL,	NULL),
(989,	181,	NULL,	NULL,	NULL,	633,	NULL,	NULL),
(989,	184,	NULL,	NULL,	NULL,	623,	NULL,	NULL),
(990,	99,	NULL,	NULL,	NULL,	NULL,	1,	NULL),
(991,	99,	NULL,	NULL,	NULL,	NULL,	86,	NULL),
(992,	99,	NULL,	NULL,	NULL,	NULL,	85,	NULL),
(993,	99,	NULL,	NULL,	NULL,	NULL,	68,	NULL),
(994,	144,	NULL,	NULL,	NULL,	990,	NULL,	NULL),
(994,	144,	NULL,	NULL,	NULL,	991,	NULL,	NULL),
(994,	144,	NULL,	NULL,	NULL,	992,	NULL,	NULL),
(994,	144,	NULL,	NULL,	NULL,	993,	NULL,	NULL),
(994,	148,	NULL,	NULL,	NULL,	182,	NULL,	NULL),
(994,	151,	NULL,	NULL,	NULL,	197,	NULL,	NULL),
(994,	175,	NULL,	NULL,	NULL,	632,	NULL,	NULL),
(994,	177,	NULL,	NULL,	NULL,	202,	NULL,	NULL),
(994,	184,	NULL,	NULL,	NULL,	623,	NULL,	NULL),
(995,	99,	NULL,	NULL,	NULL,	NULL,	85,	NULL),
(996,	99,	NULL,	NULL,	NULL,	NULL,	119,	NULL),
(997,	99,	NULL,	NULL,	NULL,	NULL,	1,	NULL),
(998,	99,	NULL,	NULL,	NULL,	NULL,	115,	NULL),
(999,	99,	NULL,	NULL,	NULL,	NULL,	125,	NULL),
(1000,	99,	NULL,	NULL,	NULL,	NULL,	123,	NULL),
(1001,	99,	NULL,	NULL,	NULL,	NULL,	114,	NULL),
(1002,	144,	NULL,	NULL,	NULL,	995,	NULL,	NULL),
(1002,	144,	NULL,	NULL,	NULL,	996,	NULL,	NULL),
(1002,	144,	NULL,	NULL,	NULL,	997,	NULL,	NULL),
(1002,	144,	NULL,	NULL,	NULL,	998,	NULL,	NULL),
(1002,	144,	NULL,	NULL,	NULL,	999,	NULL,	NULL),
(1002,	144,	NULL,	NULL,	NULL,	1000,	NULL,	NULL),
(1002,	144,	NULL,	NULL,	NULL,	1001,	NULL,	NULL),
(1002,	148,	NULL,	NULL,	NULL,	182,	NULL,	NULL),
(1002,	151,	NULL,	NULL,	NULL,	193,	NULL,	NULL),
(1002,	175,	NULL,	NULL,	NULL,	632,	NULL,	NULL),
(1002,	181,	NULL,	NULL,	NULL,	633,	NULL,	NULL),
(1002,	184,	NULL,	NULL,	NULL,	623,	NULL,	NULL),
(1003,	99,	NULL,	NULL,	NULL,	NULL,	54,	NULL),
(1004,	144,	NULL,	NULL,	NULL,	1003,	NULL,	NULL),
(1004,	148,	NULL,	NULL,	NULL,	182,	NULL,	NULL),
(1004,	151,	NULL,	NULL,	NULL,	195,	NULL,	NULL),
(1004,	175,	NULL,	NULL,	NULL,	632,	NULL,	NULL),
(1004,	181,	NULL,	NULL,	NULL,	633,	NULL,	NULL),
(1004,	184,	NULL,	NULL,	NULL,	623,	NULL,	NULL),
(1005,	99,	NULL,	NULL,	NULL,	NULL,	58,	NULL),
(1006,	144,	NULL,	NULL,	NULL,	1005,	NULL,	NULL),
(1006,	148,	NULL,	NULL,	NULL,	182,	NULL,	NULL),
(1006,	151,	NULL,	NULL,	NULL,	198,	NULL,	NULL),
(1006,	175,	NULL,	NULL,	NULL,	632,	NULL,	NULL),
(1006,	177,	NULL,	NULL,	NULL,	202,	NULL,	NULL),
(1006,	184,	NULL,	NULL,	NULL,	623,	NULL,	NULL),
(1008,	99,	NULL,	NULL,	NULL,	NULL,	85,	NULL),
(1009,	99,	NULL,	NULL,	NULL,	NULL,	55,	NULL),
(1010,	99,	NULL,	NULL,	NULL,	NULL,	55,	NULL),
(1011,	99,	NULL,	NULL,	NULL,	NULL,	55,	NULL),
(1012,	99,	NULL,	NULL,	NULL,	NULL,	55,	NULL),
(1013,	99,	NULL,	NULL,	NULL,	NULL,	58,	NULL),
(1014,	99,	NULL,	NULL,	NULL,	NULL,	60,	NULL),
(1015,	99,	NULL,	NULL,	NULL,	NULL,	54,	NULL),
(1016,	99,	NULL,	NULL,	NULL,	NULL,	85,	NULL),
(1017,	99,	NULL,	NULL,	NULL,	NULL,	62,	NULL),
(1018,	99,	NULL,	NULL,	NULL,	NULL,	1,	NULL),
(1019,	99,	NULL,	NULL,	NULL,	NULL,	76,	NULL),
(1020,	99,	NULL,	NULL,	NULL,	NULL,	1,	NULL),
(1021,	144,	NULL,	NULL,	NULL,	1020,	NULL,	NULL),
(1021,	148,	NULL,	NULL,	NULL,	182,	NULL,	NULL),
(1023,	99,	NULL,	NULL,	NULL,	NULL,	55,	NULL),
(1024,	99,	NULL,	NULL,	NULL,	NULL,	55,	NULL),
(1025,	99,	NULL,	NULL,	NULL,	NULL,	68,	NULL),
(1026,	99,	NULL,	NULL,	NULL,	NULL,	52,	NULL),
(1027,	99,	NULL,	NULL,	NULL,	NULL,	1,	NULL),
(1028,	144,	NULL,	NULL,	NULL,	1027,	NULL,	NULL),
(1028,	148,	NULL,	NULL,	NULL,	182,	NULL,	NULL),
(1028,	151,	NULL,	NULL,	NULL,	196,	NULL,	NULL),
(1028,	175,	NULL,	NULL,	NULL,	632,	NULL,	NULL),
(1028,	184,	NULL,	NULL,	NULL,	623,	NULL,	NULL),
(1029,	99,	NULL,	NULL,	NULL,	NULL,	53,	NULL),
(1030,	144,	NULL,	NULL,	NULL,	1029,	NULL,	NULL),
(1030,	148,	NULL,	NULL,	NULL,	182,	NULL,	NULL),
(1030,	151,	NULL,	NULL,	NULL,	196,	NULL,	NULL),
(1030,	175,	NULL,	NULL,	NULL,	632,	NULL,	NULL),
(1030,	184,	NULL,	NULL,	NULL,	623,	NULL,	NULL),
(1033,	305,	NULL,	NULL,	NULL,	659,	NULL,	NULL),
(1036,	99,	NULL,	NULL,	NULL,	NULL,	62,	NULL),
(1037,	144,	NULL,	NULL,	NULL,	1036,	NULL,	NULL),
(1037,	148,	NULL,	NULL,	NULL,	1038,	NULL,	NULL),
(1039,	148,	NULL,	NULL,	NULL,	1040,	NULL,	NULL),
(1041,	99,	NULL,	NULL,	NULL,	NULL,	1,	NULL),
(1042,	144,	NULL,	NULL,	NULL,	1041,	NULL,	NULL),
(1042,	148,	NULL,	NULL,	NULL,	1043,	NULL,	NULL),
(1044,	99,	NULL,	NULL,	NULL,	NULL,	85,	NULL),
(1045,	144,	NULL,	NULL,	NULL,	1044,	NULL,	NULL),
(1045,	148,	NULL,	NULL,	NULL,	1046,	NULL,	NULL),
(1047,	99,	NULL,	NULL,	NULL,	NULL,	94,	NULL),
(1050,	99,	NULL,	NULL,	NULL,	NULL,	1,	NULL),
(1051,	144,	NULL,	NULL,	NULL,	1050,	NULL,	NULL),
(1051,	148,	NULL,	NULL,	NULL,	1052,	NULL,	NULL),
(1053,	99,	NULL,	NULL,	NULL,	NULL,	62,	NULL),
(1054,	144,	NULL,	NULL,	NULL,	1053,	NULL,	NULL),
(1054,	148,	NULL,	NULL,	NULL,	1055,	NULL,	NULL),
(1056,	99,	NULL,	NULL,	NULL,	NULL,	119,	NULL),
(1057,	144,	NULL,	NULL,	NULL,	1056,	NULL,	NULL),
(1057,	148,	NULL,	NULL,	NULL,	1058,	NULL,	NULL),
(1059,	99,	NULL,	NULL,	NULL,	NULL,	68,	NULL),
(1060,	144,	NULL,	NULL,	NULL,	1059,	NULL,	NULL),
(1060,	148,	NULL,	NULL,	NULL,	1061,	NULL,	NULL),
(1062,	99,	NULL,	NULL,	NULL,	NULL,	125,	NULL),
(1063,	144,	NULL,	NULL,	NULL,	1062,	NULL,	NULL),
(1063,	148,	NULL,	NULL,	NULL,	1064,	NULL,	NULL),
(1065,	99,	NULL,	NULL,	NULL,	NULL,	85,	NULL),
(1066,	144,	NULL,	NULL,	NULL,	1065,	NULL,	NULL),
(1066,	148,	NULL,	NULL,	NULL,	1067,	NULL,	NULL),
(1068,	99,	NULL,	NULL,	NULL,	NULL,	58,	NULL),
(1069,	144,	NULL,	NULL,	NULL,	1068,	NULL,	NULL),
(1069,	148,	NULL,	NULL,	NULL,	1070,	NULL,	NULL),
(1071,	99,	NULL,	NULL,	NULL,	NULL,	86,	NULL),
(1072,	144,	NULL,	NULL,	NULL,	1071,	NULL,	NULL),
(1072,	148,	NULL,	NULL,	NULL,	1073,	NULL,	NULL),
(1074,	99,	NULL,	NULL,	NULL,	NULL,	94,	NULL),
(1075,	144,	NULL,	NULL,	NULL,	1074,	NULL,	NULL),
(1075,	148,	NULL,	NULL,	NULL,	1076,	NULL,	NULL),
(1077,	99,	NULL,	NULL,	NULL,	NULL,	68,	NULL),
(1078,	144,	NULL,	NULL,	NULL,	1077,	NULL,	NULL),
(1078,	148,	NULL,	NULL,	NULL,	1079,	NULL,	NULL),
(1080,	99,	NULL,	NULL,	NULL,	NULL,	1,	NULL),
(1081,	144,	NULL,	NULL,	NULL,	1080,	NULL,	NULL),
(1081,	148,	NULL,	NULL,	NULL,	1082,	NULL,	NULL),
(1083,	99,	NULL,	NULL,	NULL,	NULL,	125,	NULL),
(1084,	144,	NULL,	NULL,	NULL,	1083,	NULL,	NULL),
(1084,	148,	NULL,	NULL,	NULL,	1085,	NULL,	NULL),
(1086,	99,	NULL,	NULL,	NULL,	NULL,	62,	NULL),
(1087,	144,	NULL,	NULL,	NULL,	1086,	NULL,	NULL),
(1087,	148,	NULL,	NULL,	NULL,	1088,	NULL,	NULL),
(1089,	99,	NULL,	NULL,	NULL,	NULL,	86,	NULL),
(1090,	144,	NULL,	NULL,	NULL,	1089,	NULL,	NULL),
(1090,	148,	NULL,	NULL,	NULL,	1091,	NULL,	NULL),
(1092,	99,	NULL,	NULL,	NULL,	NULL,	58,	NULL),
(1093,	144,	NULL,	NULL,	NULL,	1092,	NULL,	NULL),
(1093,	148,	NULL,	NULL,	NULL,	1094,	NULL,	NULL),
(1095,	99,	NULL,	NULL,	NULL,	NULL,	125,	NULL),
(1096,	144,	NULL,	NULL,	NULL,	1095,	NULL,	NULL),
(1096,	148,	NULL,	NULL,	NULL,	1097,	NULL,	NULL),
(1098,	99,	NULL,	NULL,	NULL,	NULL,	58,	NULL),
(1099,	144,	NULL,	NULL,	NULL,	1098,	NULL,	NULL),
(1099,	148,	NULL,	NULL,	NULL,	1100,	NULL,	NULL),
(1101,	99,	NULL,	NULL,	NULL,	NULL,	85,	NULL),
(1102,	144,	NULL,	NULL,	NULL,	1101,	NULL,	NULL),
(1102,	148,	NULL,	NULL,	NULL,	1103,	NULL,	NULL),
(1104,	99,	NULL,	NULL,	NULL,	NULL,	85,	NULL),
(1105,	144,	NULL,	NULL,	NULL,	1104,	NULL,	NULL),
(1105,	148,	NULL,	NULL,	NULL,	1106,	NULL,	NULL),
(1107,	99,	NULL,	NULL,	NULL,	NULL,	94,	NULL),
(1108,	144,	NULL,	NULL,	NULL,	1107,	NULL,	NULL),
(1108,	148,	NULL,	NULL,	NULL,	1109,	NULL,	NULL),
(1110,	99,	NULL,	NULL,	NULL,	NULL,	119,	NULL),
(1111,	144,	NULL,	NULL,	NULL,	1110,	NULL,	NULL),
(1111,	148,	NULL,	NULL,	NULL,	1112,	NULL,	NULL),
(1113,	99,	NULL,	NULL,	NULL,	NULL,	59,	NULL),
(1114,	144,	NULL,	NULL,	NULL,	1113,	NULL,	NULL),
(1114,	148,	NULL,	NULL,	NULL,	1115,	NULL,	NULL),
(1116,	99,	NULL,	NULL,	NULL,	NULL,	107,	NULL),
(1117,	144,	NULL,	NULL,	NULL,	1116,	NULL,	NULL),
(1117,	148,	NULL,	NULL,	NULL,	1118,	NULL,	NULL),
(1119,	99,	NULL,	NULL,	NULL,	NULL,	108,	NULL),
(1120,	144,	NULL,	NULL,	NULL,	1119,	NULL,	NULL),
(1120,	148,	NULL,	NULL,	NULL,	1121,	NULL,	NULL),
(1122,	99,	NULL,	NULL,	NULL,	NULL,	100,	NULL),
(1123,	144,	NULL,	NULL,	NULL,	1122,	NULL,	NULL),
(1123,	148,	NULL,	NULL,	NULL,	1124,	NULL,	NULL),
(1125,	99,	NULL,	NULL,	NULL,	NULL,	101,	NULL),
(1126,	144,	NULL,	NULL,	NULL,	1125,	NULL,	NULL),
(1126,	148,	NULL,	NULL,	NULL,	1127,	NULL,	NULL),
(1128,	99,	NULL,	NULL,	NULL,	NULL,	54,	NULL),
(1129,	144,	NULL,	NULL,	NULL,	1128,	NULL,	NULL),
(1129,	148,	NULL,	NULL,	NULL,	1130,	NULL,	NULL),
(1131,	99,	NULL,	NULL,	NULL,	NULL,	52,	NULL),
(1132,	144,	NULL,	NULL,	NULL,	1131,	NULL,	NULL),
(1132,	148,	NULL,	NULL,	NULL,	1133,	NULL,	NULL),
(1134,	99,	NULL,	NULL,	NULL,	NULL,	57,	NULL),
(1135,	144,	NULL,	NULL,	NULL,	1134,	NULL,	NULL),
(1135,	148,	NULL,	NULL,	NULL,	1136,	NULL,	NULL),
(1137,	99,	NULL,	NULL,	NULL,	NULL,	53,	NULL),
(1138,	144,	NULL,	NULL,	NULL,	1137,	NULL,	NULL),
(1138,	148,	NULL,	NULL,	NULL,	1139,	NULL,	NULL),
(1140,	99,	NULL,	NULL,	NULL,	NULL,	102,	NULL),
(1141,	144,	NULL,	NULL,	NULL,	1140,	NULL,	NULL),
(1141,	148,	NULL,	NULL,	NULL,	1142,	NULL,	NULL),
(1143,	99,	NULL,	NULL,	NULL,	NULL,	56,	NULL),
(1144,	144,	NULL,	NULL,	NULL,	1143,	NULL,	NULL),
(1144,	148,	NULL,	NULL,	NULL,	1145,	NULL,	NULL),
(1146,	99,	NULL,	NULL,	NULL,	NULL,	55,	NULL),
(1147,	144,	NULL,	NULL,	NULL,	1146,	NULL,	NULL),
(1147,	148,	NULL,	NULL,	NULL,	1148,	NULL,	NULL),
(1149,	99,	NULL,	NULL,	NULL,	NULL,	60,	NULL),
(1150,	144,	NULL,	NULL,	NULL,	1149,	NULL,	NULL),
(1150,	148,	NULL,	NULL,	NULL,	1151,	NULL,	NULL),
(1152,	99,	NULL,	NULL,	NULL,	NULL,	74,	NULL),
(1153,	144,	NULL,	NULL,	NULL,	1152,	NULL,	NULL),
(1153,	148,	NULL,	NULL,	NULL,	1154,	NULL,	NULL),
(1155,	99,	NULL,	NULL,	NULL,	NULL,	73,	NULL),
(1156,	144,	NULL,	NULL,	NULL,	1155,	NULL,	NULL),
(1156,	148,	NULL,	NULL,	NULL,	1157,	NULL,	NULL),
(1158,	99,	NULL,	NULL,	NULL,	NULL,	72,	NULL),
(1159,	144,	NULL,	NULL,	NULL,	1158,	NULL,	NULL),
(1159,	148,	NULL,	NULL,	NULL,	1160,	NULL,	NULL),
(1161,	99,	NULL,	NULL,	NULL,	NULL,	124,	NULL),
(1162,	144,	NULL,	NULL,	NULL,	1161,	NULL,	NULL),
(1162,	148,	NULL,	NULL,	NULL,	1163,	NULL,	NULL),
(1164,	99,	NULL,	NULL,	NULL,	NULL,	123,	NULL),
(1165,	144,	NULL,	NULL,	NULL,	1164,	NULL,	NULL),
(1165,	148,	NULL,	NULL,	NULL,	1166,	NULL,	NULL),
(1167,	99,	NULL,	NULL,	NULL,	NULL,	115,	NULL),
(1168,	144,	NULL,	NULL,	NULL,	1167,	NULL,	NULL),
(1168,	148,	NULL,	NULL,	NULL,	1169,	NULL,	NULL),
(1170,	99,	NULL,	NULL,	NULL,	NULL,	114,	NULL),
(1171,	144,	NULL,	NULL,	NULL,	1170,	NULL,	NULL),
(1171,	148,	NULL,	NULL,	NULL,	1172,	NULL,	NULL),
(1173,	99,	NULL,	NULL,	NULL,	NULL,	83,	NULL),
(1174,	144,	NULL,	NULL,	NULL,	1173,	NULL,	NULL),
(1174,	148,	NULL,	NULL,	NULL,	1175,	NULL,	NULL),
(1176,	99,	NULL,	NULL,	NULL,	NULL,	84,	NULL),
(1177,	144,	NULL,	NULL,	NULL,	1176,	NULL,	NULL),
(1177,	148,	NULL,	NULL,	NULL,	1178,	NULL,	NULL),
(1179,	99,	NULL,	NULL,	NULL,	NULL,	97,	NULL),
(1180,	144,	NULL,	NULL,	NULL,	1179,	NULL,	NULL),
(1180,	148,	NULL,	NULL,	NULL,	1181,	NULL,	NULL),
(1182,	99,	NULL,	NULL,	NULL,	NULL,	92,	NULL),
(1183,	144,	NULL,	NULL,	NULL,	1182,	NULL,	NULL),
(1183,	148,	NULL,	NULL,	NULL,	1184,	NULL,	NULL),
(1185,	99,	NULL,	NULL,	NULL,	NULL,	93,	NULL),
(1186,	144,	NULL,	NULL,	NULL,	1185,	NULL,	NULL),
(1186,	148,	NULL,	NULL,	NULL,	1187,	NULL,	NULL),
(1188,	99,	NULL,	NULL,	NULL,	NULL,	89,	NULL),
(1189,	144,	NULL,	NULL,	NULL,	1188,	NULL,	NULL),
(1189,	148,	NULL,	NULL,	NULL,	1190,	NULL,	NULL),
(1191,	99,	NULL,	NULL,	NULL,	NULL,	95,	NULL),
(1192,	144,	NULL,	NULL,	NULL,	1191,	NULL,	NULL),
(1192,	148,	NULL,	NULL,	NULL,	1193,	NULL,	NULL),
(1194,	99,	NULL,	NULL,	NULL,	NULL,	64,	NULL),
(1195,	144,	NULL,	NULL,	NULL,	1194,	NULL,	NULL),
(1195,	148,	NULL,	NULL,	NULL,	1196,	NULL,	NULL),
(1197,	99,	NULL,	NULL,	NULL,	NULL,	88,	NULL),
(1198,	144,	NULL,	NULL,	NULL,	1197,	NULL,	NULL),
(1198,	148,	NULL,	NULL,	NULL,	1199,	NULL,	NULL),
(1200,	99,	NULL,	NULL,	NULL,	NULL,	76,	NULL),
(1201,	144,	NULL,	NULL,	NULL,	1200,	NULL,	NULL),
(1201,	148,	NULL,	NULL,	NULL,	1202,	NULL,	NULL),
(1203,	99,	NULL,	NULL,	NULL,	NULL,	70,	NULL),
(1204,	144,	NULL,	NULL,	NULL,	1203,	NULL,	NULL),
(1204,	148,	NULL,	NULL,	NULL,	1205,	NULL,	NULL),
(1206,	99,	NULL,	NULL,	NULL,	NULL,	95,	NULL),
(1207,	144,	NULL,	NULL,	NULL,	1206,	NULL,	NULL),
(1207,	148,	NULL,	NULL,	NULL,	1208,	NULL,	NULL),
(1209,	99,	NULL,	NULL,	NULL,	NULL,	52,	NULL),
(1210,	144,	NULL,	NULL,	NULL,	1209,	NULL,	NULL),
(1210,	148,	NULL,	NULL,	NULL,	1211,	NULL,	NULL),
(1212,	99,	NULL,	NULL,	NULL,	NULL,	53,	NULL),
(1213,	144,	NULL,	NULL,	NULL,	1212,	NULL,	NULL),
(1213,	148,	NULL,	NULL,	NULL,	1214,	NULL,	NULL),
(1215,	99,	NULL,	NULL,	NULL,	NULL,	107,	NULL),
(1216,	144,	NULL,	NULL,	NULL,	1215,	NULL,	NULL),
(1216,	148,	NULL,	NULL,	NULL,	1217,	NULL,	NULL),
(1218,	99,	NULL,	NULL,	NULL,	NULL,	59,	NULL),
(1219,	144,	NULL,	NULL,	NULL,	1218,	NULL,	NULL),
(1219,	148,	NULL,	NULL,	NULL,	1220,	NULL,	NULL),
(1221,	99,	NULL,	NULL,	NULL,	NULL,	56,	NULL),
(1222,	144,	NULL,	NULL,	NULL,	1221,	NULL,	NULL),
(1222,	148,	NULL,	NULL,	NULL,	1223,	NULL,	NULL),
(1224,	99,	NULL,	NULL,	NULL,	NULL,	108,	NULL),
(1225,	144,	NULL,	NULL,	NULL,	1224,	NULL,	NULL),
(1225,	148,	NULL,	NULL,	NULL,	1226,	NULL,	NULL),
(1227,	99,	NULL,	NULL,	NULL,	NULL,	60,	NULL),
(1228,	144,	NULL,	NULL,	NULL,	1227,	NULL,	NULL),
(1228,	148,	NULL,	NULL,	NULL,	1229,	NULL,	NULL),
(1230,	99,	NULL,	NULL,	NULL,	NULL,	73,	NULL),
(1231,	144,	NULL,	NULL,	NULL,	1230,	NULL,	NULL),
(1231,	148,	NULL,	NULL,	NULL,	1232,	NULL,	NULL),
(1233,	99,	NULL,	NULL,	NULL,	NULL,	55,	NULL),
(1234,	144,	NULL,	NULL,	NULL,	1233,	NULL,	NULL),
(1234,	148,	NULL,	NULL,	NULL,	1235,	NULL,	NULL),
(1236,	99,	NULL,	NULL,	NULL,	NULL,	74,	NULL),
(1237,	144,	NULL,	NULL,	NULL,	1236,	NULL,	NULL),
(1237,	148,	NULL,	NULL,	NULL,	1238,	NULL,	NULL),
(1239,	99,	NULL,	NULL,	NULL,	NULL,	72,	NULL),
(1240,	144,	NULL,	NULL,	NULL,	1239,	NULL,	NULL),
(1240,	148,	NULL,	NULL,	NULL,	1241,	NULL,	NULL),
(1242,	99,	NULL,	NULL,	NULL,	NULL,	124,	NULL),
(1243,	144,	NULL,	NULL,	NULL,	1242,	NULL,	NULL),
(1243,	148,	NULL,	NULL,	NULL,	1244,	NULL,	NULL),
(1245,	99,	NULL,	NULL,	NULL,	NULL,	123,	NULL),
(1246,	144,	NULL,	NULL,	NULL,	1245,	NULL,	NULL),
(1246,	148,	NULL,	NULL,	NULL,	1247,	NULL,	NULL),
(1248,	99,	NULL,	NULL,	NULL,	NULL,	97,	NULL),
(1249,	144,	NULL,	NULL,	NULL,	1248,	NULL,	NULL),
(1249,	148,	NULL,	NULL,	NULL,	1250,	NULL,	NULL),
(1251,	99,	NULL,	NULL,	NULL,	NULL,	84,	NULL),
(1252,	144,	NULL,	NULL,	NULL,	1251,	NULL,	NULL),
(1252,	148,	NULL,	NULL,	NULL,	1253,	NULL,	NULL),
(1254,	99,	NULL,	NULL,	NULL,	NULL,	83,	NULL),
(1255,	144,	NULL,	NULL,	NULL,	1254,	NULL,	NULL),
(1255,	148,	NULL,	NULL,	NULL,	1256,	NULL,	NULL),
(1257,	99,	NULL,	NULL,	NULL,	NULL,	57,	NULL),
(1258,	144,	NULL,	NULL,	NULL,	1257,	NULL,	NULL),
(1258,	148,	NULL,	NULL,	NULL,	1259,	NULL,	NULL),
(1260,	99,	NULL,	NULL,	NULL,	NULL,	54,	NULL),
(1261,	144,	NULL,	NULL,	NULL,	1260,	NULL,	NULL),
(1261,	148,	NULL,	NULL,	NULL,	1262,	NULL,	NULL),
(1263,	99,	NULL,	NULL,	NULL,	NULL,	76,	NULL),
(1264,	144,	NULL,	NULL,	NULL,	1263,	NULL,	NULL),
(1264,	148,	NULL,	NULL,	NULL,	1265,	NULL,	NULL),
(1266,	99,	NULL,	NULL,	NULL,	NULL,	70,	NULL),
(1267,	144,	NULL,	NULL,	NULL,	1266,	NULL,	NULL),
(1267,	148,	NULL,	NULL,	NULL,	1268,	NULL,	NULL),
(1269,	99,	NULL,	NULL,	NULL,	NULL,	88,	NULL),
(1270,	144,	NULL,	NULL,	NULL,	1269,	NULL,	NULL),
(1270,	148,	NULL,	NULL,	NULL,	1271,	NULL,	NULL),
(1272,	99,	NULL,	NULL,	NULL,	NULL,	89,	NULL),
(1273,	144,	NULL,	NULL,	NULL,	1272,	NULL,	NULL),
(1273,	148,	NULL,	NULL,	NULL,	1274,	NULL,	NULL),
(1275,	99,	NULL,	NULL,	NULL,	NULL,	64,	NULL),
(1276,	144,	NULL,	NULL,	NULL,	1275,	NULL,	NULL),
(1276,	148,	NULL,	NULL,	NULL,	1277,	NULL,	NULL),
(1278,	99,	NULL,	NULL,	NULL,	NULL,	92,	NULL),
(1279,	144,	NULL,	NULL,	NULL,	1278,	NULL,	NULL),
(1279,	148,	NULL,	NULL,	NULL,	1280,	NULL,	NULL),
(1281,	99,	NULL,	NULL,	NULL,	NULL,	95,	NULL),
(1282,	144,	NULL,	NULL,	NULL,	1281,	NULL,	NULL),
(1282,	148,	NULL,	NULL,	NULL,	1283,	NULL,	NULL),
(1284,	99,	NULL,	NULL,	NULL,	NULL,	93,	NULL),
(1285,	144,	NULL,	NULL,	NULL,	1284,	NULL,	NULL),
(1285,	148,	NULL,	NULL,	NULL,	1286,	NULL,	NULL),
(1287,	99,	NULL,	NULL,	NULL,	NULL,	100,	NULL),
(1288,	144,	NULL,	NULL,	NULL,	1287,	NULL,	NULL),
(1288,	148,	NULL,	NULL,	NULL,	1289,	NULL,	NULL),
(1290,	99,	NULL,	NULL,	NULL,	NULL,	101,	NULL),
(1291,	144,	NULL,	NULL,	NULL,	1290,	NULL,	NULL),
(1291,	148,	NULL,	NULL,	NULL,	1292,	NULL,	NULL),
(1293,	99,	NULL,	NULL,	NULL,	NULL,	102,	NULL),
(1294,	144,	NULL,	NULL,	NULL,	1293,	NULL,	NULL),
(1294,	148,	NULL,	NULL,	NULL,	1295,	NULL,	NULL),
(1296,	99,	NULL,	NULL,	NULL,	NULL,	115,	NULL),
(1297,	144,	NULL,	NULL,	NULL,	1296,	NULL,	NULL),
(1297,	148,	NULL,	NULL,	NULL,	1298,	NULL,	NULL),
(1299,	99,	NULL,	NULL,	NULL,	NULL,	114,	NULL),
(1300,	144,	NULL,	NULL,	NULL,	1299,	NULL,	NULL),
(1300,	148,	NULL,	NULL,	NULL,	1301,	NULL,	NULL),
(1303,	437,	NULL,	NULL,	NULL,	1302,	NULL,	NULL),
(1304,	437,	NULL,	NULL,	NULL,	1302,	NULL,	NULL),
(1305,	437,	NULL,	NULL,	NULL,	1302,	NULL,	NULL),
(1306,	115,	NULL,	NULL,	NULL,	253,	NULL,	NULL),
(1308,	136,	NULL,	NULL,	NULL,	189,	NULL,	NULL),
(1309,	136,	NULL,	NULL,	NULL,	189,	NULL,	NULL),
(1310,	99,	NULL,	NULL,	NULL,	NULL,	133,	NULL),
(1311,	99,	NULL,	NULL,	NULL,	NULL,	58,	NULL),
(1312,	99,	NULL,	NULL,	NULL,	NULL,	140,	NULL),
(1313,	99,	NULL,	NULL,	NULL,	NULL,	121,	NULL),
(1314,	144,	NULL,	NULL,	NULL,	1310,	NULL,	NULL),
(1314,	144,	NULL,	NULL,	NULL,	1311,	NULL,	NULL),
(1314,	144,	NULL,	NULL,	NULL,	1312,	NULL,	NULL),
(1314,	144,	NULL,	NULL,	NULL,	1313,	NULL,	NULL),
(1314,	148,	NULL,	NULL,	NULL,	1315,	NULL,	NULL),
(1316,	99,	NULL,	NULL,	NULL,	NULL,	99,	NULL),
(1317,	99,	NULL,	NULL,	NULL,	NULL,	120,	NULL),
(1318,	99,	NULL,	NULL,	NULL,	NULL,	62,	NULL),
(1319,	144,	NULL,	NULL,	NULL,	1316,	NULL,	NULL),
(1319,	144,	NULL,	NULL,	NULL,	1317,	NULL,	NULL),
(1319,	144,	NULL,	NULL,	NULL,	1318,	NULL,	NULL),
(1319,	148,	NULL,	NULL,	NULL,	1320,	NULL,	NULL),
(1321,	99,	NULL,	NULL,	NULL,	NULL,	127,	NULL),
(1322,	99,	NULL,	NULL,	NULL,	NULL,	121,	NULL),
(1323,	144,	NULL,	NULL,	NULL,	1321,	NULL,	NULL),
(1323,	144,	NULL,	NULL,	NULL,	1322,	NULL,	NULL),
(1323,	148,	NULL,	NULL,	NULL,	1324,	NULL,	NULL),
(1325,	99,	NULL,	NULL,	NULL,	NULL,	112,	NULL),
(1327,	99,	NULL,	NULL,	NULL,	NULL,	120,	NULL),
(1328,	99,	NULL,	NULL,	NULL,	NULL,	111,	NULL),
(1329,	99,	NULL,	NULL,	NULL,	NULL,	110,	NULL),
(1330,	99,	NULL,	NULL,	NULL,	NULL,	98,	NULL),
(628,	339,	15,	NULL,	NULL,	627,	NULL,	1),
(182,	220,	NULL,	NULL,	NULL,	634,	NULL,	1),
(699,	339,	15,	NULL,	NULL,	627,	NULL,	1),
(702,	339,	15,	NULL,	NULL,	701,	NULL,	1),
(704,	339,	12,	NULL,	NULL,	627,	NULL,	1),
(708,	491,	1,	NULL,	NULL,	705,	NULL,	1000),
(708,	491,	1,	NULL,	NULL,	706,	NULL,	122),
(708,	491,	1,	NULL,	NULL,	707,	NULL,	500),
(708,	339,	12,	NULL,	NULL,	701,	NULL,	1),
(710,	339,	15,	NULL,	NULL,	627,	NULL,	1),
(711,	339,	15,	NULL,	NULL,	627,	NULL,	1),
(712,	339,	13,	NULL,	NULL,	627,	NULL,	1),
(713,	339,	15,	NULL,	NULL,	627,	NULL,	1),
(714,	339,	3,	NULL,	NULL,	627,	NULL,	1),
(718,	339,	11,	NULL,	NULL,	717,	NULL,	1),
(719,	491,	1,	NULL,	NULL,	707,	NULL,	507),
(726,	339,	21,	NULL,	NULL,	627,	NULL,	1),
(727,	491,	1,	NULL,	NULL,	705,	NULL,	235),
(727,	491,	1,	NULL,	NULL,	706,	NULL,	555),
(728,	491,	1,	NULL,	NULL,	707,	NULL,	235),
(730,	491,	1,	NULL,	NULL,	705,	NULL,	568),
(730,	339,	25,	NULL,	NULL,	627,	NULL,	1),
(731,	339,	123,	NULL,	NULL,	701,	NULL,	1),
(732,	339,	3,	NULL,	NULL,	717,	NULL,	1),
(733,	339,	223,	NULL,	NULL,	701,	NULL,	1),
(735,	339,	6,	NULL,	NULL,	701,	NULL,	1),
(736,	339,	9,	NULL,	NULL,	701,	NULL,	1),
(737,	339,	11,	NULL,	NULL,	717,	NULL,	1),
(739,	339,	6,	NULL,	NULL,	701,	NULL,	1),
(740,	339,	22,	NULL,	NULL,	701,	NULL,	1),
(741,	339,	9,	NULL,	NULL,	701,	NULL,	1),
(741,	339,	5,	NULL,	NULL,	185,	NULL,	1),
(742,	339,	55,	NULL,	NULL,	717,	NULL,	1),
(744,	491,	1,	NULL,	NULL,	743,	NULL,	325),
(744,	491,	1,	NULL,	NULL,	707,	NULL,	556),
(744,	491,	1,	NULL,	NULL,	705,	NULL,	515),
(744,	339,	6,	NULL,	NULL,	701,	NULL,	1),
(746,	339,	9,	NULL,	NULL,	701,	NULL,	1),
(746,	339,	65,	NULL,	NULL,	627,	NULL,	1),
(747,	339,	11,	NULL,	NULL,	717,	NULL,	1),
(748,	339,	55,	NULL,	NULL,	701,	NULL,	1),
(748,	339,	NULL,	NULL,	NULL,	717,	NULL,	1),
(753,	491,	1,	NULL,	NULL,	743,	NULL,	1000),
(753,	491,	1,	NULL,	NULL,	707,	NULL,	122),
(753,	510,	1,	NULL,	NULL,	752,	NULL,	100),
(753,	339,	93,	NULL,	NULL,	701,	NULL,	1),
(756,	339,	12,	NULL,	NULL,	701,	NULL,	1),
(759,	339,	65,	NULL,	NULL,	701,	NULL,	1),
(762,	339,	35,	NULL,	NULL,	627,	NULL,	1),
(765,	491,	1,	NULL,	NULL,	743,	NULL,	535),
(765,	491,	1,	NULL,	NULL,	707,	NULL,	325),
(765,	491,	1,	NULL,	NULL,	707,	NULL,	555),
(766,	339,	87,	NULL,	NULL,	717,	NULL,	1),
(767,	339,	32,	NULL,	NULL,	701,	NULL,	1),
(769,	339,	54,	NULL,	NULL,	185,	NULL,	1),
(771,	491,	1,	NULL,	NULL,	743,	NULL,	24),
(771,	510,	1,	NULL,	NULL,	752,	NULL,	55),
(771,	339,	33,	NULL,	NULL,	701,	NULL,	1),
(772,	339,	53,	NULL,	NULL,	717,	NULL,	1),
(774,	339,	82,	NULL,	NULL,	185,	NULL,	1),
(775,	339,	12,	NULL,	NULL,	627,	NULL,	1),
(776,	339,	24,	NULL,	NULL,	701,	NULL,	1),
(777,	339,	53,	NULL,	NULL,	717,	NULL,	1),
(777,	339,	23,	NULL,	NULL,	627,	NULL,	1),
(778,	339,	123,	NULL,	NULL,	185,	NULL,	1),
(779,	510,	1,	NULL,	NULL,	752,	NULL,	534),
(779,	339,	24,	NULL,	NULL,	701,	NULL,	1),
(779,	339,	42,	NULL,	NULL,	717,	NULL,	1),
(780,	491,	1,	NULL,	NULL,	706,	NULL,	525),
(782,	339,	15,	NULL,	NULL,	701,	NULL,	1),
(783,	339,	15,	NULL,	NULL,	627,	NULL,	1),
(784,	339,	15,	NULL,	NULL,	627,	NULL,	1),
(786,	491,	1,	NULL,	NULL,	743,	NULL,	232),
(786,	339,	15,	NULL,	NULL,	701,	NULL,	1),
(787,	339,	5,	NULL,	NULL,	627,	NULL,	1),
(788,	491,	1,	NULL,	NULL,	743,	NULL,	24),
(788,	339,	15,	NULL,	NULL,	627,	NULL,	1),
(789,	339,	15,	NULL,	NULL,	701,	NULL,	1),
(790,	339,	15,	NULL,	NULL,	627,	NULL,	1),
(791,	339,	15,	NULL,	NULL,	701,	NULL,	1),
(792,	339,	15,	NULL,	NULL,	627,	NULL,	1),
(793,	491,	1,	NULL,	NULL,	705,	NULL,	778),
(793,	339,	2,	NULL,	NULL,	627,	NULL,	1),
(793,	339,	1,	NULL,	NULL,	717,	NULL,	1),
(794,	339,	12,	NULL,	NULL,	627,	NULL,	1),
(794,	339,	12,	NULL,	NULL,	185,	NULL,	1),
(796,	491,	1,	NULL,	NULL,	707,	NULL,	545),
(796,	491,	1,	NULL,	NULL,	705,	NULL,	252),
(796,	339,	24,	NULL,	NULL,	627,	NULL,	1),
(798,	339,	15,	NULL,	NULL,	627,	NULL,	1),
(799,	339,	15,	NULL,	NULL,	627,	NULL,	1),
(800,	491,	1,	NULL,	NULL,	705,	NULL,	234),
(800,	339,	5,	NULL,	NULL,	717,	NULL,	1),
(802,	491,	1,	NULL,	NULL,	707,	NULL,	322),
(802,	491,	1,	NULL,	NULL,	706,	NULL,	555),
(802,	339,	556,	NULL,	NULL,	627,	NULL,	1),
(804,	339,	15,	NULL,	NULL,	627,	NULL,	1),
(806,	339,	42,	NULL,	NULL,	627,	NULL,	1),
(806,	339,	10,	NULL,	NULL,	717,	NULL,	1),
(808,	491,	1,	NULL,	NULL,	705,	NULL,	343),
(808,	491,	1,	NULL,	NULL,	707,	NULL,	553),
(808,	339,	15,	NULL,	NULL,	627,	NULL,	1),
(809,	339,	15,	NULL,	NULL,	627,	NULL,	1),
(810,	339,	15,	NULL,	NULL,	627,	NULL,	1),
(811,	339,	15,	NULL,	NULL,	627,	NULL,	1),
(813,	491,	1,	NULL,	NULL,	705,	NULL,	355),
(813,	339,	32,	NULL,	NULL,	627,	NULL,	1),
(813,	339,	55,	NULL,	NULL,	717,	NULL,	1),
(819,	339,	11,	NULL,	NULL,	717,	NULL,	1),
(821,	339,	11,	NULL,	NULL,	717,	NULL,	1),
(822,	339,	123,	NULL,	NULL,	701,	NULL,	1),
(823,	339,	456,	NULL,	NULL,	717,	NULL,	1),
(825,	491,	1,	NULL,	NULL,	706,	NULL,	342),
(825,	339,	55,	NULL,	NULL,	701,	NULL,	1),
(825,	339,	21,	NULL,	NULL,	185,	NULL,	1),
(826,	339,	11,	NULL,	NULL,	717,	NULL,	1),
(853,	491,	1,	NULL,	NULL,	705,	NULL,	1000),
(853,	491,	1,	NULL,	NULL,	706,	NULL,	122),
(853,	491,	1,	NULL,	NULL,	707,	NULL,	500),
(893,	491,	1,	NULL,	NULL,	743,	NULL,	1000),
(893,	491,	1,	NULL,	NULL,	707,	NULL,	122),
(893,	510,	1,	NULL,	NULL,	752,	NULL,	100),
(1038,	345,	NULL,	NULL,	NULL,	1037,	NULL,	1),
(1040,	345,	NULL,	NULL,	NULL,	1039,	NULL,	1),
(1043,	345,	NULL,	NULL,	NULL,	1042,	NULL,	1),
(1046,	345,	NULL,	NULL,	NULL,	1045,	NULL,	1),
(1052,	345,	NULL,	NULL,	NULL,	1051,	NULL,	1),
(1055,	345,	NULL,	NULL,	NULL,	1054,	NULL,	1),
(1058,	345,	NULL,	NULL,	NULL,	1057,	NULL,	1),
(1061,	345,	NULL,	NULL,	NULL,	1060,	NULL,	1),
(1064,	345,	NULL,	NULL,	NULL,	1063,	NULL,	1),
(1067,	345,	NULL,	NULL,	NULL,	1066,	NULL,	1),
(1070,	345,	NULL,	NULL,	NULL,	1069,	NULL,	1),
(1073,	345,	NULL,	NULL,	NULL,	1072,	NULL,	1),
(1076,	345,	NULL,	NULL,	NULL,	1075,	NULL,	1),
(1079,	345,	NULL,	NULL,	NULL,	1078,	NULL,	1),
(1082,	345,	NULL,	NULL,	NULL,	1081,	NULL,	1),
(1085,	345,	NULL,	NULL,	NULL,	1084,	NULL,	1),
(1088,	345,	NULL,	NULL,	NULL,	1087,	NULL,	1),
(1091,	345,	NULL,	NULL,	NULL,	1090,	NULL,	1),
(1094,	345,	NULL,	NULL,	NULL,	1093,	NULL,	1),
(1097,	345,	NULL,	NULL,	NULL,	1096,	NULL,	1),
(1100,	345,	NULL,	NULL,	NULL,	1099,	NULL,	1),
(1103,	345,	NULL,	NULL,	NULL,	1102,	NULL,	1),
(1106,	345,	NULL,	NULL,	NULL,	1105,	NULL,	1),
(1109,	345,	NULL,	NULL,	NULL,	1108,	NULL,	1),
(1112,	345,	NULL,	NULL,	NULL,	1111,	NULL,	1),
(1115,	345,	NULL,	NULL,	NULL,	1114,	NULL,	1),
(1118,	345,	NULL,	NULL,	NULL,	1117,	NULL,	1),
(1121,	345,	NULL,	NULL,	NULL,	1120,	NULL,	1),
(1124,	345,	NULL,	NULL,	NULL,	1123,	NULL,	1),
(1127,	345,	NULL,	NULL,	NULL,	1126,	NULL,	1),
(1130,	345,	NULL,	NULL,	NULL,	1129,	NULL,	1),
(1133,	345,	NULL,	NULL,	NULL,	1132,	NULL,	1),
(1136,	345,	NULL,	NULL,	NULL,	1135,	NULL,	1),
(1139,	345,	NULL,	NULL,	NULL,	1138,	NULL,	1),
(1142,	345,	NULL,	NULL,	NULL,	1141,	NULL,	1),
(1145,	345,	NULL,	NULL,	NULL,	1144,	NULL,	1),
(1148,	345,	NULL,	NULL,	NULL,	1147,	NULL,	1),
(1151,	345,	NULL,	NULL,	NULL,	1150,	NULL,	1),
(1154,	345,	NULL,	NULL,	NULL,	1153,	NULL,	1),
(1157,	345,	NULL,	NULL,	NULL,	1156,	NULL,	1),
(1160,	345,	NULL,	NULL,	NULL,	1159,	NULL,	1),
(1163,	345,	NULL,	NULL,	NULL,	1162,	NULL,	1),
(1166,	345,	NULL,	NULL,	NULL,	1165,	NULL,	1),
(1169,	345,	NULL,	NULL,	NULL,	1168,	NULL,	1),
(1172,	345,	NULL,	NULL,	NULL,	1171,	NULL,	1),
(1175,	345,	NULL,	NULL,	NULL,	1174,	NULL,	1),
(1178,	345,	NULL,	NULL,	NULL,	1177,	NULL,	1),
(1181,	345,	NULL,	NULL,	NULL,	1180,	NULL,	1),
(1184,	345,	NULL,	NULL,	NULL,	1183,	NULL,	1),
(1187,	345,	NULL,	NULL,	NULL,	1186,	NULL,	1),
(1190,	345,	NULL,	NULL,	NULL,	1189,	NULL,	1),
(1193,	345,	NULL,	NULL,	NULL,	1192,	NULL,	1),
(1196,	345,	NULL,	NULL,	NULL,	1195,	NULL,	1),
(1199,	345,	NULL,	NULL,	NULL,	1198,	NULL,	1),
(1202,	345,	NULL,	NULL,	NULL,	1201,	NULL,	1),
(1205,	345,	NULL,	NULL,	NULL,	1204,	NULL,	1),
(1208,	345,	NULL,	NULL,	NULL,	1207,	NULL,	1),
(1211,	345,	NULL,	NULL,	NULL,	1210,	NULL,	1),
(1214,	345,	NULL,	NULL,	NULL,	1213,	NULL,	1),
(1217,	345,	NULL,	NULL,	NULL,	1216,	NULL,	1),
(1220,	345,	NULL,	NULL,	NULL,	1219,	NULL,	1),
(1223,	345,	NULL,	NULL,	NULL,	1222,	NULL,	1),
(1226,	345,	NULL,	NULL,	NULL,	1225,	NULL,	1),
(1229,	345,	NULL,	NULL,	NULL,	1228,	NULL,	1),
(1232,	345,	NULL,	NULL,	NULL,	1231,	NULL,	1),
(1235,	345,	NULL,	NULL,	NULL,	1234,	NULL,	1),
(1238,	345,	NULL,	NULL,	NULL,	1237,	NULL,	1),
(1241,	345,	NULL,	NULL,	NULL,	1240,	NULL,	1),
(1244,	345,	NULL,	NULL,	NULL,	1243,	NULL,	1),
(1247,	345,	NULL,	NULL,	NULL,	1246,	NULL,	1),
(1250,	345,	NULL,	NULL,	NULL,	1249,	NULL,	1),
(1253,	345,	NULL,	NULL,	NULL,	1252,	NULL,	1),
(1256,	345,	NULL,	NULL,	NULL,	1255,	NULL,	1),
(1259,	345,	NULL,	NULL,	NULL,	1258,	NULL,	1),
(1262,	345,	NULL,	NULL,	NULL,	1261,	NULL,	1),
(1265,	345,	NULL,	NULL,	NULL,	1264,	NULL,	1),
(1268,	345,	NULL,	NULL,	NULL,	1267,	NULL,	1),
(1271,	345,	NULL,	NULL,	NULL,	1270,	NULL,	1),
(1274,	345,	NULL,	NULL,	NULL,	1273,	NULL,	1),
(1277,	345,	NULL,	NULL,	NULL,	1276,	NULL,	1),
(1280,	345,	NULL,	NULL,	NULL,	1279,	NULL,	1),
(1283,	345,	NULL,	NULL,	NULL,	1282,	NULL,	1),
(1286,	345,	NULL,	NULL,	NULL,	1285,	NULL,	1),
(1289,	345,	NULL,	NULL,	NULL,	1288,	NULL,	1),
(1292,	345,	NULL,	NULL,	NULL,	1291,	NULL,	1),
(1295,	345,	NULL,	NULL,	NULL,	1294,	NULL,	1),
(1298,	345,	NULL,	NULL,	NULL,	1297,	NULL,	1),
(1301,	345,	NULL,	NULL,	NULL,	1300,	NULL,	1),
(1315,	345,	NULL,	NULL,	NULL,	1314,	NULL,	1),
(1320,	345,	NULL,	NULL,	NULL,	1319,	NULL,	1),
(1324,	345,	NULL,	NULL,	NULL,	1323,	NULL,	1),
(1565,	2,	NULL,	'Запись на прием',	NULL,	NULL,	NULL,	NULL),
(182,	232,	NULL,	'88123090315',	NULL,	NULL,	NULL,	NULL),
(1566,	136,	NULL,	NULL,	NULL,	307,	NULL,	NULL),
(1566,	364,	NULL,	'test',	NULL,	NULL,	NULL,	NULL),
(1566,	365,	NULL,	'test',	NULL,	NULL,	NULL,	NULL),
(1566,	366,	1,	NULL,	NULL,	NULL,	NULL,	NULL),
(1566,	367,	1,	NULL,	NULL,	NULL,	NULL,	NULL),
(1566,	368,	NULL,	'[\"a1\", \"b2cpl\", \"boxberry\", \"cdek\", \"dpd\", \"hermes\", \"iml\", \"maxi\", \"pickpoint\", \"pony\", \"spsr\"]',	NULL,	NULL,	NULL,	NULL),
(1566,	369,	NULL,	'[\"1\",\"2\"]',	NULL,	NULL,	NULL,	NULL),
(1566,	370,	NULL,	'[\"1\",\"2\"]',	NULL,	NULL,	NULL,	NULL),
(713,	494,	NULL,	NULL,	NULL,	NULL,	NULL,	500),
(809,	494,	NULL,	NULL,	NULL,	NULL,	NULL,	500),
(772,	494,	NULL,	NULL,	NULL,	NULL,	NULL,	500),
(718,	494,	NULL,	NULL,	NULL,	NULL,	NULL,	500),
(798,	494,	NULL,	NULL,	NULL,	NULL,	NULL,	500),
(753,	494,	NULL,	NULL,	NULL,	NULL,	NULL,	500),
(699,	494,	NULL,	NULL,	NULL,	NULL,	NULL,	500),
(782,	494,	NULL,	NULL,	NULL,	NULL,	NULL,	500),
(759,	494,	NULL,	NULL,	NULL,	NULL,	NULL,	500),
(704,	494,	NULL,	NULL,	NULL,	NULL,	NULL,	500),
(708,	494,	NULL,	NULL,	NULL,	NULL,	NULL,	500),
(804,	494,	NULL,	NULL,	NULL,	NULL,	NULL,	500),
(735,	494,	NULL,	NULL,	NULL,	NULL,	NULL,	500),
(767,	494,	NULL,	NULL,	NULL,	NULL,	NULL,	500),
(790,	494,	NULL,	NULL,	NULL,	NULL,	NULL,	500),
(810,	494,	NULL,	NULL,	NULL,	NULL,	NULL,	500),
(774,	494,	NULL,	NULL,	NULL,	NULL,	NULL,	500),
(628,	494,	NULL,	NULL,	NULL,	NULL,	NULL,	500),
(799,	494,	NULL,	NULL,	NULL,	NULL,	NULL,	500),
(731,	494,	NULL,	NULL,	NULL,	NULL,	NULL,	500),
(756,	494,	NULL,	NULL,	NULL,	NULL,	NULL,	500),
(702,	494,	NULL,	NULL,	NULL,	NULL,	NULL,	500),
(783,	494,	NULL,	NULL,	NULL,	NULL,	NULL,	500),
(762,	494,	NULL,	NULL,	NULL,	NULL,	NULL,	500),
(711,	494,	NULL,	NULL,	NULL,	NULL,	NULL,	500),
(736,	494,	NULL,	NULL,	NULL,	NULL,	NULL,	500),
(712,	494,	NULL,	NULL,	NULL,	NULL,	NULL,	500),
(714,	494,	NULL,	NULL,	NULL,	NULL,	NULL,	500),
(791,	494,	NULL,	NULL,	NULL,	NULL,	NULL,	500),
(811,	494,	NULL,	NULL,	NULL,	NULL,	NULL,	500),
(775,	494,	NULL,	NULL,	NULL,	NULL,	NULL,	500),
(778,	494,	NULL,	NULL,	NULL,	NULL,	NULL,	500),
(784,	494,	NULL,	NULL,	NULL,	NULL,	NULL,	500),
(710,	494,	NULL,	NULL,	NULL,	NULL,	NULL,	500),
(737,	494,	NULL,	NULL,	NULL,	NULL,	NULL,	500),
(716,	494,	NULL,	NULL,	NULL,	NULL,	NULL,	500),
(776,	494,	NULL,	NULL,	NULL,	NULL,	NULL,	500),
(719,	494,	NULL,	NULL,	NULL,	NULL,	NULL,	500),
(727,	494,	NULL,	NULL,	NULL,	NULL,	NULL,	500),
(728,	494,	NULL,	NULL,	NULL,	NULL,	NULL,	500),
(730,	494,	NULL,	NULL,	NULL,	NULL,	NULL,	500),
(732,	494,	NULL,	NULL,	NULL,	NULL,	NULL,	500),
(734,	494,	NULL,	NULL,	NULL,	NULL,	NULL,	500),
(726,	494,	NULL,	NULL,	NULL,	NULL,	NULL,	500),
(740,	494,	NULL,	NULL,	NULL,	NULL,	NULL,	500),
(733,	494,	NULL,	NULL,	NULL,	NULL,	NULL,	500),
(766,	494,	NULL,	NULL,	NULL,	NULL,	NULL,	500),
(739,	494,	NULL,	NULL,	NULL,	NULL,	NULL,	500),
(741,	494,	NULL,	NULL,	NULL,	NULL,	NULL,	500),
(742,	494,	NULL,	NULL,	NULL,	NULL,	NULL,	500),
(744,	494,	NULL,	NULL,	NULL,	NULL,	NULL,	500),
(746,	494,	NULL,	NULL,	NULL,	NULL,	NULL,	500),
(747,	494,	NULL,	NULL,	NULL,	NULL,	NULL,	500),
(748,	494,	NULL,	NULL,	NULL,	NULL,	NULL,	500),
(819,	494,	NULL,	NULL,	NULL,	NULL,	NULL,	500),
(820,	494,	NULL,	NULL,	NULL,	NULL,	NULL,	500),
(821,	494,	NULL,	NULL,	NULL,	NULL,	NULL,	500),
(822,	494,	NULL,	NULL,	NULL,	NULL,	NULL,	500),
(823,	494,	NULL,	NULL,	NULL,	NULL,	NULL,	500),
(824,	494,	NULL,	NULL,	NULL,	NULL,	NULL,	500),
(826,	494,	NULL,	NULL,	NULL,	NULL,	NULL,	500),
(825,	494,	NULL,	NULL,	NULL,	NULL,	NULL,	500),
(788,	494,	NULL,	NULL,	NULL,	NULL,	NULL,	500),
(789,	494,	NULL,	NULL,	NULL,	NULL,	NULL,	500),
(794,	494,	NULL,	NULL,	NULL,	NULL,	NULL,	500),
(795,	494,	NULL,	NULL,	NULL,	NULL,	NULL,	500),
(796,	494,	NULL,	NULL,	NULL,	NULL,	NULL,	500),
(792,	494,	NULL,	NULL,	NULL,	NULL,	NULL,	500),
(793,	494,	NULL,	NULL,	NULL,	NULL,	NULL,	500),
(786,	494,	NULL,	NULL,	NULL,	NULL,	NULL,	500),
(787,	494,	NULL,	NULL,	NULL,	NULL,	NULL,	500),
(779,	494,	NULL,	NULL,	NULL,	NULL,	NULL,	500),
(780,	494,	NULL,	NULL,	NULL,	NULL,	NULL,	500),
(765,	494,	NULL,	NULL,	NULL,	NULL,	NULL,	500),
(769,	494,	NULL,	NULL,	NULL,	NULL,	NULL,	500),
(771,	494,	NULL,	NULL,	NULL,	NULL,	NULL,	500),
(777,	494,	NULL,	NULL,	NULL,	NULL,	NULL,	500),
(800,	494,	NULL,	NULL,	NULL,	NULL,	NULL,	500),
(802,	494,	NULL,	NULL,	NULL,	NULL,	NULL,	500),
(803,	494,	NULL,	NULL,	NULL,	NULL,	NULL,	500),
(812,	494,	NULL,	NULL,	NULL,	NULL,	NULL,	500),
(813,	494,	NULL,	NULL,	NULL,	NULL,	NULL,	500),
(805,	494,	NULL,	NULL,	NULL,	NULL,	NULL,	500),
(806,	494,	NULL,	NULL,	NULL,	NULL,	NULL,	500),
(808,	494,	NULL,	NULL,	NULL,	NULL,	NULL,	500),
(1035,	239,	NULL,	NULL,	'[{\"rel\":42,\"link\":\"\\/shop\\/televizory\\/port_televi\",\"name\":\"\\u041e \\u043c\\u0430\\u0433\\u0430\\u0437\\u0438\\u043d\\u0435\",\"isactive\":1,\"isdeleted\":0},{\"rel\":38,\"link\":\"\\/shop\\/mobil_naya_svyaz\",\"name\":\"\\u0414\\u043e\\u0441\\u0442\\u0430\\u0432\\u043a\\u0430 \\u0438 \\u043e\\u043f\\u043b\\u0430\\u0442\\u0430\",\"isactive\":1,\"isdeleted\":0},{\"rel\":39,\"link\":\"\\/shop\\/dvd_tehnika\\/dvd_pleery\",\"name\":\"\\u041f\\u043e\\u043c\\u043e\\u0449\\u044c\",\"isactive\":1,\"isdeleted\":0},{\"rel\":40,\"link\":\"\\/shop\\/dvd_tehnika\\/dvd_rekordery\",\"name\":\"\\u041a\\u043e\\u043d\\u0442\\u0430\\u043a\\u0442\\u043d\\u0430\\u044f \\u0438\\u043d\\u0444\\u043e\\u0440\\u043c\\u0430\\u0446\\u0438\\u044f\",\"isactive\":1,\"isdeleted\":0}]',	NULL,	NULL,	NULL),
(1048,	297,	NULL,	'143',	NULL,	NULL,	NULL,	NULL),
(636,	329,	4,	NULL,	NULL,	NULL,	NULL,	NULL),
(636,	330,	NULL,	NULL,	NULL,	NULL,	NULL,	100),
(636,	331,	1566304144,	NULL,	NULL,	NULL,	NULL,	NULL),
(692,	329,	4,	NULL,	NULL,	NULL,	NULL,	NULL),
(693,	329,	4,	NULL,	NULL,	NULL,	NULL,	NULL),
(678,	329,	4,	NULL,	NULL,	NULL,	NULL,	NULL),
(682,	329,	4,	NULL,	NULL,	NULL,	NULL,	NULL),
(683,	329,	4,	NULL,	NULL,	NULL,	NULL,	NULL),
(690,	329,	4,	NULL,	NULL,	NULL,	NULL,	NULL),
(691,	329,	4,	NULL,	NULL,	NULL,	NULL,	NULL),
(694,	329,	4,	NULL,	NULL,	NULL,	NULL,	NULL),
(629,	329,	4,	NULL,	NULL,	NULL,	NULL,	NULL),
(689,	329,	4,	NULL,	NULL,	NULL,	NULL,	NULL),
(684,	329,	4,	NULL,	NULL,	NULL,	NULL,	NULL),
(688,	329,	4,	NULL,	NULL,	NULL,	NULL,	NULL),
(680,	329,	4,	NULL,	NULL,	NULL,	NULL,	NULL),
(679,	329,	4,	NULL,	NULL,	NULL,	NULL,	NULL),
(681,	329,	4,	NULL,	NULL,	NULL,	NULL,	NULL),
(687,	329,	4,	NULL,	NULL,	NULL,	NULL,	NULL),
(685,	329,	4,	NULL,	NULL,	NULL,	NULL,	NULL),
(686,	329,	4,	NULL,	NULL,	NULL,	NULL,	NULL),
(182,	203,	NULL,	'sv',	NULL,	NULL,	NULL,	NULL),
(182,	204,	NULL,	'c4ca4238a0b923820dcc509a6f75849b',	NULL,	NULL,	NULL,	NULL),
(182,	205,	NULL,	'ab@umisoft.ru',	NULL,	NULL,	NULL,	NULL),
(182,	229,	NULL,	'Бабейкин',	NULL,	NULL,	NULL,	NULL),
(182,	230,	NULL,	'Артем',	NULL,	NULL,	NULL,	NULL),
(182,	231,	NULL,	'Александрович',	NULL,	NULL,	NULL,	NULL),
(682,	15,	1,	NULL,	NULL,	NULL,	NULL,	NULL),
(682,	16,	5,	NULL,	NULL,	NULL,	NULL,	NULL),
(961,	430,	1476,	NULL,	NULL,	NULL,	NULL,	NULL),
(964,	430,	746,	NULL,	NULL,	NULL,	NULL,	NULL);

DROP TABLE IF EXISTS `cms3_object_content_cnt`;
CREATE TABLE `cms3_object_content_cnt` (
  `obj_id` int(10) unsigned DEFAULT NULL,
  `field_id` int(10) unsigned DEFAULT NULL,
  `cnt` int(10) DEFAULT 0,
  KEY `FK_Contents_Counters to object relation` (`obj_id`),
  KEY `FK_Contents_Counters field id relation` (`field_id`),
  CONSTRAINT `FK_Contents_Counters field id relation` FOREIGN KEY (`field_id`) REFERENCES `cms3_object_fields` (`id`) ON DELETE CASCADE ON UPDATE CASCADE,
  CONSTRAINT `FK_Contents_Counters to object relation` FOREIGN KEY (`obj_id`) REFERENCES `cms3_objects` (`id`) ON DELETE CASCADE ON UPDATE CASCADE
) ENGINE=InnoDB DEFAULT CHARSET=utf8;


DROP TABLE IF EXISTS `cms3_object_domain_id_list`;
CREATE TABLE `cms3_object_domain_id_list` (
  `id` int(10) unsigned NOT NULL AUTO_INCREMENT,
  `obj_id` int(10) unsigned DEFAULT NULL,
  `field_id` int(10) unsigned DEFAULT NULL,
  `domain_id` int(10) unsigned DEFAULT NULL,
  PRIMARY KEY (`id`),
  KEY `cms3_object_domain_id_list load field value` (`obj_id`,`field_id`),
  KEY `cms3_object_domain_id_list field_id` (`field_id`),
  KEY `cms3_object_domain_id_list obj_id` (`obj_id`),
  KEY `cms3_object_domain_id_list domain_id` (`domain_id`),
  CONSTRAINT `cms3_object_domain_id_list domain id` FOREIGN KEY (`domain_id`) REFERENCES `cms3_domains` (`id`) ON DELETE CASCADE,
  CONSTRAINT `cms3_object_domain_id_list field id` FOREIGN KEY (`field_id`) REFERENCES `cms3_object_fields` (`id`) ON DELETE CASCADE,
  CONSTRAINT `cms3_object_domain_id_list object id` FOREIGN KEY (`obj_id`) REFERENCES `cms3_objects` (`id`) ON DELETE CASCADE
) ENGINE=InnoDB DEFAULT CHARSET=utf8;

INSERT INTO `cms3_object_domain_id_list` (`id`, `obj_id`, `field_id`, `domain_id`) VALUES
(1,	634,	149,	1),
(2,	989,	149,	1),
(3,	994,	149,	1),
(4,	1002,	149,	1),
(5,	1004,	149,	1),
(6,	1006,	149,	1),
(7,	1007,	149,	1),
(8,	1028,	149,	1),
(9,	1030,	149,	1),
(10,	1037,	149,	1),
(11,	1039,	149,	1),
(12,	1042,	149,	1),
(13,	1045,	149,	1),
(14,	1051,	149,	1),
(15,	1054,	149,	1),
(16,	1057,	149,	1),
(17,	1060,	149,	1),
(18,	1063,	149,	1),
(19,	1066,	149,	1),
(20,	1069,	149,	1),
(21,	1072,	149,	1),
(22,	1075,	149,	1),
(23,	1078,	149,	1),
(24,	1081,	149,	1),
(25,	1084,	149,	1),
(26,	1087,	149,	1),
(27,	1090,	149,	1),
(28,	1093,	149,	1),
(29,	1096,	149,	1),
(30,	1099,	149,	1),
(31,	1102,	149,	1),
(32,	1105,	149,	1),
(33,	1108,	149,	1),
(34,	1111,	149,	1),
(35,	1114,	149,	1),
(36,	1117,	149,	1),
(37,	1120,	149,	1),
(38,	1123,	149,	1),
(39,	1126,	149,	1),
(40,	1129,	149,	1),
(41,	1132,	149,	1),
(42,	1135,	149,	1),
(43,	1138,	149,	1),
(44,	1141,	149,	1),
(45,	1144,	149,	1),
(46,	1147,	149,	1),
(47,	1150,	149,	1),
(48,	1153,	149,	1),
(49,	1156,	149,	1),
(50,	1159,	149,	1),
(51,	1162,	149,	1),
(52,	1165,	149,	1),
(53,	1168,	149,	1),
(54,	1171,	149,	1),
(55,	1174,	149,	1),
(56,	1177,	149,	1),
(57,	1180,	149,	1),
(58,	1183,	149,	1),
(59,	1186,	149,	1),
(60,	1189,	149,	1),
(61,	1192,	149,	1),
(62,	1195,	149,	1),
(63,	1198,	149,	1),
(64,	1201,	149,	1),
(65,	1204,	149,	1),
(66,	1207,	149,	1),
(67,	1210,	149,	1),
(68,	1213,	149,	1),
(69,	1216,	149,	1),
(70,	1219,	149,	1),
(71,	1222,	149,	1),
(72,	1225,	149,	1),
(73,	1228,	149,	1),
(74,	1231,	149,	1),
(75,	1234,	149,	1),
(76,	1237,	149,	1),
(77,	1240,	149,	1),
(78,	1243,	149,	1),
(79,	1246,	149,	1),
(80,	1249,	149,	1),
(81,	1252,	149,	1),
(82,	1255,	149,	1),
(83,	1258,	149,	1),
(84,	1261,	149,	1),
(85,	1264,	149,	1),
(86,	1267,	149,	1),
(87,	1270,	149,	1),
(88,	1273,	149,	1),
(89,	1276,	149,	1),
(90,	1279,	149,	1),
(91,	1282,	149,	1),
(92,	1285,	149,	1),
(93,	1288,	149,	1),
(94,	1291,	149,	1),
(95,	1294,	149,	1),
(96,	1297,	149,	1),
(97,	1300,	149,	1),
(98,	1314,	149,	1),
(99,	1319,	149,	1),
(100,	1323,	149,	1),
(101,	1,	75,	1),
(102,	1566,	140,	1),
(103,	983,	149,	1),
(104,	1021,	149,	1);

DROP TABLE IF EXISTS `cms3_object_fields`;
CREATE TABLE `cms3_object_fields` (
  `id` int(10) unsigned NOT NULL AUTO_INCREMENT,
  `name` varchar(64) DEFAULT NULL,
  `title` varchar(255) DEFAULT NULL,
  `is_locked` tinyint(1) DEFAULT 0,
  `field_type_id` int(10) unsigned DEFAULT NULL,
  `is_inheritable` tinyint(1) DEFAULT 0,
  `is_visible` tinyint(1) DEFAULT 1,
  `guide_id` int(10) unsigned DEFAULT NULL,
  `in_search` tinyint(1) DEFAULT 1,
  `in_filter` tinyint(1) DEFAULT 1,
  `tip` varchar(255) DEFAULT NULL,
  `is_required` tinyint(1) DEFAULT NULL,
  `restriction_id` int(10) unsigned DEFAULT NULL,
  `sortable` tinyint(4) DEFAULT 0,
  `is_system` tinyint(1) DEFAULT 0,
  `is_important` tinyint(1) DEFAULT 0,
  PRIMARY KEY (`id`),
  KEY `Field to field type relation_FK` (`field_type_id`),
  KEY `FK_Reference_25` (`guide_id`),
  KEY `name` (`name`),
  KEY `title` (`title`),
  KEY `is_locked` (`is_locked`),
  KEY `is_inheritable` (`is_inheritable`),
  KEY `is_visible` (`is_visible`),
  KEY `in_search` (`in_search`),
  KEY `in_filter` (`in_filter`),
  KEY `tip` (`tip`),
  KEY `is_required` (`is_required`),
  KEY `restriction_id` (`restriction_id`),
  KEY `sortable` (`sortable`),
  KEY `is_system` (`is_system`),
  KEY `is_important` (`is_important`),
  CONSTRAINT `FK_Field to field guide relation` FOREIGN KEY (`guide_id`) REFERENCES `cms3_object_types` (`id`) ON DELETE SET NULL ON UPDATE CASCADE,
  CONSTRAINT `FK_Field to field type relation` FOREIGN KEY (`field_type_id`) REFERENCES `cms3_object_field_types` (`id`) ON DELETE CASCADE ON UPDATE CASCADE,
  CONSTRAINT `FK_Field to restriction relation` FOREIGN KEY (`restriction_id`) REFERENCES `cms3_object_fields_restrictions` (`id`) ON DELETE CASCADE ON UPDATE CASCADE
) ENGINE=InnoDB DEFAULT CHARSET=utf8;

INSERT INTO `cms3_object_fields` (`id`, `name`, `title`, `is_locked`, `field_type_id`, `is_inheritable`, `is_visible`, `guide_id`, `in_search`, `in_filter`, `tip`, `is_required`, `restriction_id`, `sortable`, `is_system`, `is_important`) VALUES
(1,	'publish_status_id',	'i18n::field-publish_status_id',	1,	20,	0,	1,	NULL,	0,	0,	'',	0,	NULL,	0,	0,	0),
(2,	'title',	'i18n::field-title',	1,	20,	1,	1,	NULL,	1,	0,	'',	0,	NULL,	0,	0,	0),
(3,	'h1',	'i18n::field-h1',	1,	20,	1,	1,	NULL,	1,	0,	'',	0,	NULL,	0,	0,	1),
(4,	'content',	'i18n::field-content',	1,	26,	0,	1,	NULL,	1,	0,	'',	0,	NULL,	0,	0,	1),
(5,	'meta_descriptions',	'i18n::field-meta_descriptions',	1,	20,	1,	1,	NULL,	1,	0,	'',	0,	NULL,	0,	0,	0),
(6,	'meta_keywords',	'i18n::field-meta_keywords',	1,	20,	1,	1,	NULL,	1,	0,	'',	0,	NULL,	0,	0,	0),
(7,	'tags',	'i18n::field-tags',	1,	23,	0,	1,	NULL,	0,	0,	'',	0,	NULL,	0,	0,	0),
(8,	'menu_pic_ua',	'i18n::field-menu_pic_ua',	1,	9,	0,	1,	NULL,	0,	0,	'',	0,	NULL,	0,	0,	0),
(9,	'menu_pic_a',	'i18n::field-menu_pic_a',	1,	9,	0,	1,	NULL,	0,	0,	'',	0,	NULL,	0,	0,	0),
(10,	'header_pic',	'i18n::field-header_pic',	1,	9,	0,	1,	NULL,	0,	0,	'',	0,	NULL,	0,	0,	0),
(11,	'robots_deny',	'i18n::field-robots_deny',	1,	1,	1,	1,	NULL,	0,	0,	'',	0,	NULL,	0,	0,	0),
(12,	'show_submenu',	'i18n::field-show_submenu',	1,	1,	1,	1,	NULL,	0,	0,	'',	0,	NULL,	0,	0,	0),
(13,	'is_expanded',	'i18n::field-is_expanded',	1,	1,	1,	1,	NULL,	0,	0,	'',	0,	NULL,	0,	0,	0),
(14,	'is_unindexed',	'i18n::field-is_unindexed',	1,	1,	1,	1,	NULL,	0,	0,	'',	0,	NULL,	0,	0,	0),
(15,	'rate_voters',	'i18n::field-rate_voters',	1,	10,	0,	0,	NULL,	0,	0,	'',	0,	NULL,	0,	1,	0),
(16,	'rate_sum',	'i18n::field-rate_sum',	1,	10,	0,	0,	NULL,	0,	0,	'',	0,	NULL,	0,	1,	0),
(17,	'expiration_date',	'i18n::field-expiration_date',	1,	4,	0,	1,	NULL,	0,	0,	'',	0,	NULL,	0,	0,	0),
(18,	'notification_date',	'i18n::field-notification_date',	1,	4,	0,	1,	NULL,	0,	0,	'',	0,	NULL,	0,	0,	0),
(19,	'publish_comments',	'i18n::field-publish_comments',	1,	24,	0,	1,	NULL,	0,	0,	'',	0,	NULL,	0,	0,	0),
(20,	'publish_status',	'i18n::field-publish-status',	1,	18,	0,	1,	2,	0,	0,	'',	0,	NULL,	0,	0,	0),
(21,	'locktime',	'i18n::field-locktime',	1,	4,	0,	1,	NULL,	0,	0,	'',	0,	NULL,	0,	1,	0),
(22,	'lockuser',	'i18n::field-lockuser',	1,	10,	0,	1,	NULL,	0,	0,	'',	0,	NULL,	0,	1,	0),
(23,	'charset',	'i18n::field-rss-source-charset',	0,	20,	0,	0,	NULL,	0,	0,	'',	0,	NULL,	0,	0,	0),
(24,	'readme',	'i18n::field-description',	1,	24,	0,	1,	NULL,	0,	0,	'',	0,	NULL,	0,	0,	0),
(25,	'rss_type',	'i18n::field-rss_type',	1,	18,	0,	1,	5,	0,	0,	'',	0,	NULL,	0,	0,	0),
(26,	'url',	'i18n::field-url',	1,	20,	0,	1,	NULL,	0,	0,	'',	0,	NULL,	0,	0,	1),
(27,	'charset_id',	'i18n::field-rss-source-charset-relation',	0,	18,	0,	1,	6,	0,	0,	'',	0,	NULL,	0,	0,	0),
(28,	'news_rubric',	'i18n::field-news_rubric',	1,	19,	0,	1,	7,	0,	0,	'',	0,	NULL,	0,	0,	0),
(29,	'quality_value',	'i18n::field-quality_value',	1,	20,	0,	1,	NULL,	0,	0,	'',	0,	NULL,	0,	0,	0),
(30,	'country_iso_code',	'i18n::field-country_code',	1,	20,	0,	1,	NULL,	0,	0,	'Страна в формате ISO 3166-1 alpha-2',	0,	NULL,	0,	0,	0),
(31,	'identifier',	'i18n::field-sid',	0,	10,	0,	1,	NULL,	0,	0,	'',	1,	NULL,	0,	0,	1),
(32,	'number',	'i18n::field-index_number',	0,	10,	0,	0,	NULL,	0,	0,	'Порядковый номер дня недели (1 (Понедельник) - 7 (Воскресение))',	0,	NULL,	0,	0,	0),
(33,	'social_id',	'i18n::field-social_id',	1,	10,	0,	1,	NULL,	0,	0,	'',	1,	NULL,	0,	0,	0),
(34,	'codename',	'i18n::field-string_id',	0,	20,	0,	1,	NULL,	0,	0,	'',	1,	NULL,	0,	0,	1),
(35,	'codename',	'i18n::field-currency_id',	0,	20,	0,	1,	NULL,	0,	0,	'',	1,	NULL,	0,	0,	1),
(36,	'nominal',	'i18n::field-nominal',	0,	10,	0,	1,	NULL,	0,	0,	'',	1,	NULL,	0,	0,	1),
(37,	'rate',	'i18n::field-rate',	0,	8,	0,	1,	NULL,	0,	0,	'',	1,	NULL,	0,	0,	1),
(38,	'prefix',	'i18n::field-prefix',	0,	20,	0,	1,	NULL,	0,	0,	'',	0,	NULL,	0,	0,	0),
(39,	'suffix',	'i18n::field-suffix',	0,	20,	0,	1,	NULL,	0,	0,	'',	0,	NULL,	0,	0,	0),
(40,	'codename',	'i18n::field-status_code',	0,	20,	0,	1,	21,	0,	0,	'',	1,	NULL,	0,	0,	1),
(41,	'platform_identificator',	'i18n::field-emarket-mobile-platform_identificator',	1,	20,	0,	1,	NULL,	0,	0,	'',	1,	NULL,	0,	0,	0),
(42,	'active',	'i18n::field-emarket-mobile-device-active',	0,	1,	0,	1,	NULL,	0,	0,	'',	0,	NULL,	0,	0,	0),
(43,	'domain_id',	'i18n::field-domain_name',	1,	5,	0,	1,	NULL,	0,	0,	'',	0,	NULL,	0,	0,	0),
(44,	'token',	'i18n::field-emarket-mobile-device-token',	0,	20,	0,	1,	NULL,	0,	0,	'',	0,	NULL,	0,	0,	0),
(45,	'platform',	'i18n::field-emarket-mobile-platform',	0,	18,	0,	1,	23,	0,	0,	'',	0,	NULL,	0,	0,	0),
(46,	'lname',	'i18n::field-lname',	0,	20,	0,	1,	NULL,	0,	0,	'',	1,	NULL,	0,	0,	1),
(47,	'fname',	'i18n::field-fname',	0,	20,	0,	1,	NULL,	0,	0,	'',	1,	NULL,	0,	0,	1),
(48,	'father_name',	'i18n::field-father_name',	0,	20,	0,	1,	NULL,	0,	0,	'',	0,	NULL,	0,	0,	0),
(49,	'email',	'i18n::field-e-mail',	0,	20,	0,	1,	NULL,	0,	0,	'',	1,	3,	0,	0,	1),
(50,	'phone',	'i18n::field-phone_n',	0,	20,	0,	1,	NULL,	0,	0,	'',	1,	NULL,	0,	0,	1),
(51,	'yandex_id',	'i18n::field-id-for-yandex-kassa',	1,	10,	0,	1,	NULL,	0,	0,	'',	1,	NULL,	0,	1,	1),
(52,	'payonline_id',	'i18n::field-id-for-payonline',	1,	20,	0,	1,	NULL,	0,	0,	'',	1,	NULL,	0,	1,	1),
(53,	'robokassa_id',	'i18n::field-id-for-robokassa',	1,	20,	0,	1,	NULL,	0,	0,	'',	1,	NULL,	0,	1,	1),
(54,	'payanyway_id',	'i18n::field-id-for-payanyway',	1,	10,	0,	1,	NULL,	0,	0,	'',	1,	NULL,	0,	1,	1),
(55,	'sberbank_id',	'i18n::field-id-for-sberbank',	1,	10,	0,	1,	NULL,	0,	0,	'',	1,	NULL,	0,	1,	1),
(56,	'tax',	'i18n::field-tax',	1,	20,	0,	1,	NULL,	0,	0,	'',	0,	NULL,	0,	1,	1),
(57,	'yandex_id',	'i18n::field-id-for-yandex-kassa',	1,	20,	0,	1,	NULL,	0,	0,	'',	1,	NULL,	0,	1,	1),
(58,	'payanyway_id',	'i18n::field-id-for-payanyway',	1,	20,	0,	1,	NULL,	0,	0,	'',	1,	NULL,	0,	1,	1),
(59,	'payonline_id',	'i18n::field-id-for-payonline',	1,	10,	0,	1,	NULL,	0,	0,	'',	1,	NULL,	0,	1,	1),
(60,	'description',	'i18n::field-description',	0,	20,	0,	1,	NULL,	0,	0,	'',	0,	NULL,	0,	0,	1),
(61,	'modificator_codename',	'i18n::field-sid',	0,	20,	0,	1,	NULL,	0,	0,	'',	1,	NULL,	0,	0,	1),
(62,	'modificator_type_id',	'i18n::field-modificator_type_id',	0,	11,	0,	1,	NULL,	0,	0,	'',	0,	NULL,	0,	0,	1),
(63,	'modificator_discount_types',	'i18n::field-modificator_discount_types',	0,	19,	0,	1,	30,	0,	0,	'',	0,	NULL,	0,	0,	1),
(64,	'modificator_type_guid',	'i18n::field-delivery_type_guid',	0,	20,	0,	1,	NULL,	0,	0,	'',	0,	NULL,	0,	0,	1),
(65,	'modificator_type_id',	'i18n::field-modificator_type',	0,	18,	0,	1,	31,	0,	0,	'',	1,	NULL,	0,	0,	1),
(66,	'rule_codename',	'i18n::field-sid',	0,	20,	0,	1,	NULL,	0,	0,	'',	1,	NULL,	0,	0,	1),
(67,	'rule_type_id',	'i18n::field-modificator_type_id',	0,	11,	0,	1,	NULL,	0,	0,	'',	0,	NULL,	0,	0,	1),
(68,	'rule_discount_types',	'i18n::field-modificator_discount_types',	0,	19,	0,	1,	30,	0,	0,	'',	1,	NULL,	0,	0,	1),
(69,	'rule_type_guid',	'i18n::field-delivery_type_guid',	0,	20,	0,	1,	NULL,	0,	0,	'',	0,	NULL,	0,	0,	1),
(70,	'rule_type_id',	'i18n::field-rule_type',	0,	18,	0,	1,	33,	0,	0,	'',	1,	NULL,	0,	0,	1),
(71,	'sid',	'i18n::field-sid',	0,	20,	0,	0,	NULL,	0,	0,	'Служит для связи с обработчиками, заполняется разработчиком импотрера',	1,	NULL,	0,	0,	1),
(72,	'sid',	'i18n::field-sid',	0,	20,	0,	0,	NULL,	0,	0,	'Служит для связи с обработчиками, заполняется разработчиком импотрера',	1,	NULL,	0,	0,	1),
(73,	'social_id',	'i18n::field-social_network_id',	0,	20,	0,	1,	NULL,	0,	0,	'',	1,	NULL,	0,	1,	0),
(74,	'template_id',	'i18n::field-template_id',	1,	10,	0,	0,	NULL,	0,	0,	'',	0,	NULL,	0,	1,	0),
(75,	'domain_id',	'i18n::field-domain_name',	1,	5,	0,	0,	NULL,	0,	0,	'',	0,	NULL,	0,	1,	0),
(76,	'nazvanie_sajta',	'i18n::field-site_name',	0,	20,	0,	1,	NULL,	0,	0,	'',	1,	NULL,	0,	0,	0),
(77,	'is_iframe_enabled',	'i18n::field-is_iframe_enabled',	1,	1,	0,	1,	NULL,	0,	0,	'',	0,	NULL,	0,	0,	0),
(78,	'iframe_pages',	'i18n::field-iframe_pages',	1,	22,	0,	0,	NULL,	0,	0,	'Здесь в дополнение к разделам каталога, можно выбрать, какие страницы нужно показывать в социальной сети',	0,	NULL,	0,	0,	0),
(79,	'nazvanie',	'i18n::field-name',	1,	20,	0,	0,	NULL,	0,	0,	'',	0,	NULL,	0,	0,	1),
(80,	'country',	'i18n::field-country',	0,	18,	0,	1,	10,	0,	0,	'',	1,	NULL,	0,	0,	0),
(81,	'index',	'i18n::field-post_index',	0,	10,	0,	1,	NULL,	0,	0,	'',	1,	NULL,	0,	0,	1),
(82,	'region',	'i18n::field-geographic_area',	0,	20,	0,	1,	NULL,	0,	0,	'',	0,	NULL,	0,	0,	0),
(83,	'city',	'i18n::field-city',	0,	20,	0,	1,	NULL,	0,	0,	'',	1,	NULL,	0,	0,	1),
(84,	'street',	'i18n::field-street',	0,	20,	0,	1,	NULL,	0,	0,	'',	1,	NULL,	0,	0,	1),
(85,	'house',	'i18n::field-house',	0,	20,	0,	1,	NULL,	0,	0,	'',	1,	NULL,	0,	0,	1),
(86,	'flat',	'i18n::field-appartment',	0,	20,	0,	1,	NULL,	0,	0,	'',	0,	NULL,	0,	0,	1),
(87,	'class_name',	'i18n::field-item_type_id',	0,	20,	0,	1,	NULL,	0,	0,	'',	1,	NULL,	0,	0,	1),
(88,	'discount_type_id',	'i18n::field-discount_type',	0,	18,	0,	1,	30,	0,	0,	'Определяет область применения скидки',	1,	NULL,	0,	0,	1),
(89,	'discount_modificator_id',	'i18n::field-price_modificator',	0,	18,	0,	1,	12,	0,	0,	'Определяет, по какому принципу будет пересчитываться цена',	0,	NULL,	0,	0,	1),
(90,	'discount_rules_id',	'i18n::field-validation_rules',	0,	19,	0,	1,	13,	0,	0,	'Определяют ограничения по применению скидки',	0,	NULL,	0,	0,	1),
(91,	'is_active',	'i18n::field-is_active',	1,	1,	0,	1,	NULL,	0,	0,	'',	0,	NULL,	0,	0,	1),
(92,	'description',	'i18n::field-description',	0,	24,	0,	1,	NULL,	0,	0,	'',	0,	NULL,	0,	0,	1),
(93,	'item_amount',	'i18n::field-item_amount',	0,	10,	0,	1,	NULL,	0,	0,	'',	0,	NULL,	0,	0,	1),
(94,	'item_price',	'i18n::field-item_price',	0,	8,	0,	1,	NULL,	0,	0,	'',	0,	NULL,	0,	0,	1),
(95,	'item_total_original_price',	'i18n::field-item_total_original_price',	0,	17,	0,	1,	NULL,	0,	0,	'',	0,	NULL,	0,	0,	1),
(96,	'item_actual_price',	'i18n::field-item_actual_price',	0,	8,	0,	1,	NULL,	0,	0,	'',	0,	NULL,	0,	0,	1),
(97,	'item_total_price',	'i18n::field-item_total_price',	0,	17,	0,	1,	NULL,	0,	0,	'',	0,	NULL,	0,	0,	1),
(98,	'item_type_id',	'i18n::field-item_type',	0,	18,	0,	1,	41,	0,	0,	'',	0,	NULL,	0,	0,	1),
(99,	'item_link',	'i18n::field-item_link',	0,	22,	0,	1,	NULL,	0,	0,	'',	0,	NULL,	0,	0,	1),
(100,	'item_discount_id',	'i18n::field-catalog_object_discount',	0,	18,	0,	1,	42,	0,	0,	'',	0,	NULL,	0,	0,	1),
(101,	'item_discount_value',	'i18n::field-order-item-discount-value',	1,	17,	0,	1,	NULL,	0,	0,	'i18n::field-order-item-discount-value',	0,	NULL,	0,	0,	1),
(102,	'weight',	'i18n::field-weight',	1,	8,	0,	1,	NULL,	0,	0,	'',	0,	NULL,	0,	0,	1),
(103,	'width',	'i18n::field-width',	1,	8,	0,	1,	NULL,	0,	0,	'',	0,	NULL,	0,	0,	1),
(104,	'height',	'i18n::field-height',	1,	8,	0,	1,	NULL,	0,	0,	'',	0,	NULL,	0,	0,	1),
(105,	'length',	'i18n::field-order-item-length',	1,	8,	0,	1,	NULL,	0,	0,	'',	0,	NULL,	0,	0,	1),
(106,	'tax_rate_id',	'i18n::field-tax-rate-id',	1,	18,	0,	1,	27,	0,	0,	'',	0,	NULL,	0,	0,	1),
(107,	'payment_mode',	'i18n::field-payment_mode',	1,	18,	0,	1,	29,	0,	0,	'',	0,	NULL,	0,	0,	1),
(108,	'payment_subject',	'i18n::field-payment_subject',	1,	18,	0,	1,	28,	0,	0,	'',	0,	NULL,	0,	0,	1),
(109,	'options',	'i18n::field-item_options',	0,	15,	0,	1,	43,	0,	0,	'',	0,	NULL,	0,	0,	1),
(110,	'trade_offer',	'i18n::field-trade-offer',	1,	13,	0,	0,	NULL,	0,	0,	'',	0,	NULL,	0,	0,	1),
(111,	'priority',	'i18n::field-order-status-priority',	0,	10,	0,	0,	NULL,	0,	0,	'',	0,	NULL,	0,	0,	0),
(112,	'class_name',	'i18n::field-payment_type_id',	0,	20,	0,	1,	NULL,	0,	0,	'',	1,	NULL,	0,	0,	1),
(113,	'payment_type_id',	'i18n::field-modificator_type_id',	0,	11,	0,	1,	NULL,	0,	0,	'',	0,	NULL,	0,	0,	1),
(114,	'payment_type_guid',	'i18n::field-delivery_type_guid',	0,	20,	0,	1,	NULL,	0,	0,	'',	0,	NULL,	0,	0,	1),
(115,	'payment_type_id',	'i18n::field-payment_type',	1,	18,	0,	1,	46,	0,	0,	'',	1,	NULL,	0,	0,	1),
(116,	'disabled',	'i18n::field-disabled',	1,	1,	0,	0,	NULL,	0,	0,	'Если установлено - не будет отображаться на сайте',	0,	NULL,	0,	0,	1),
(117,	'domain_id_list',	'i18n::field-valid-domain-list',	1,	6,	0,	1,	NULL,	0,	0,	'Если применимо для всех доменов - оставьте список пустым',	0,	NULL,	0,	0,	1),
(118,	'contact_person',	'i18n::field-contact_person',	0,	20,	0,	1,	NULL,	0,	0,	'',	0,	NULL,	0,	0,	1),
(119,	'phone_number',	'i18n::field-phone_number',	0,	20,	0,	1,	NULL,	0,	0,	'',	0,	NULL,	0,	0,	1),
(120,	'fax',	'i18n::field-fax',	0,	20,	0,	1,	NULL,	0,	0,	'',	0,	NULL,	0,	0,	1),
(121,	'name',	'i18n::field-organisation_name',	0,	20,	0,	1,	NULL,	0,	0,	'',	1,	NULL,	0,	0,	1),
(122,	'legal_address',	'i18n::field-legal_address',	0,	20,	0,	1,	NULL,	0,	0,	'',	0,	NULL,	0,	0,	1),
(123,	'defacto_address',	'i18n::field-defacto_address',	0,	20,	0,	1,	NULL,	0,	0,	'',	0,	NULL,	0,	0,	1),
(124,	'post_address',	'i18n::field-post_address',	0,	20,	0,	1,	NULL,	0,	0,	'',	0,	NULL,	0,	0,	1),
(125,	'inn',	'i18n::field-TIN',	0,	20,	0,	1,	NULL,	0,	0,	'',	0,	NULL,	0,	0,	1),
(126,	'account',	'i18n::field-account',	0,	20,	0,	1,	NULL,	0,	0,	'',	0,	NULL,	0,	0,	1),
(127,	'bank',	'i18n::field-bank',	0,	20,	0,	1,	NULL,	0,	0,	'',	0,	NULL,	0,	0,	0),
(128,	'bank_account',	'i18n::field-bank_account',	0,	20,	0,	1,	NULL,	0,	0,	'',	0,	NULL,	0,	0,	0),
(129,	'bik',	'i18n::field-bik',	0,	20,	0,	1,	NULL,	0,	0,	'',	0,	NULL,	0,	0,	1),
(130,	'ogrn',	'i18n::field-ogrn',	0,	20,	0,	1,	NULL,	0,	0,	'',	0,	NULL,	0,	0,	1),
(131,	'kpp',	'i18n::field-RRC',	0,	20,	0,	1,	NULL,	0,	0,	'',	0,	NULL,	0,	0,	1),
(132,	'class_name',	'i18n::field-delivery_type_id',	0,	20,	0,	1,	NULL,	0,	0,	'',	1,	NULL,	0,	0,	1),
(133,	'delivery_type_id',	'i18n::field-modificator_type_id',	0,	11,	0,	1,	NULL,	0,	0,	'',	0,	NULL,	0,	0,	1),
(134,	'delivery_type_guid',	'i18n::field-delivery_type_guid',	0,	20,	0,	1,	NULL,	0,	0,	'',	0,	NULL,	0,	0,	1),
(135,	'description',	'i18n::field-delivery_description',	0,	24,	0,	1,	NULL,	0,	0,	'',	0,	NULL,	0,	0,	1),
(136,	'delivery_type_id',	'i18n::field-delivery_type',	0,	18,	0,	0,	50,	0,	0,	'',	1,	NULL,	0,	0,	1),
(137,	'price',	'i18n::field-delivery_price',	0,	17,	0,	1,	NULL,	0,	0,	'',	0,	NULL,	0,	0,	1),
(138,	'tax_rate_id',	'i18n::field-tax-rate-id',	1,	18,	0,	1,	27,	0,	0,	'',	0,	NULL,	0,	0,	1),
(139,	'disabled',	'i18n::field-disabled',	1,	1,	0,	0,	NULL,	0,	0,	'Если установлено - не будет отображаться на сайте',	0,	NULL,	0,	0,	1),
(140,	'domain_id_list',	'i18n::field-valid-domain-list',	1,	6,	0,	1,	NULL,	0,	0,	'Если применимо для всех доменов - оставьте список пустым',	0,	NULL,	0,	0,	1),
(141,	'payment_mode',	'i18n::field-payment_mode',	1,	18,	0,	1,	29,	0,	0,	'',	0,	NULL,	0,	0,	1),
(142,	'payment_subject',	'i18n::field-payment_subject',	1,	18,	0,	1,	28,	0,	0,	'',	0,	NULL,	0,	0,	1),
(143,	'disabled_types_of_payment',	'i18n::field-disabled_types_of_payment',	1,	19,	0,	1,	47,	0,	0,	'',	0,	NULL,	0,	0,	1),
(144,	'order_items',	'i18n::field-order_items',	0,	19,	0,	1,	44,	0,	0,	'',	0,	NULL,	0,	0,	1),
(145,	'number',	'i18n::field-order_number',	0,	10,	0,	1,	NULL,	0,	0,	'',	0,	NULL,	0,	0,	1),
(146,	'social_order_id',	'i18n::field-social_order_id',	1,	10,	0,	1,	NULL,	0,	0,	'',	0,	NULL,	0,	0,	0),
(147,	'yandex_order_id',	'i18n::field-yandex_order_id',	1,	10,	0,	1,	NULL,	0,	0,	'',	0,	NULL,	0,	0,	0),
(148,	'customer_id',	'i18n::field-customer',	0,	18,	0,	1,	54,	0,	0,	'',	0,	NULL,	0,	0,	1),
(149,	'domain_id',	'i18n::field-domain_name',	0,	5,	0,	1,	NULL,	0,	0,	'',	0,	NULL,	0,	0,	0),
(150,	'manager_id',	'i18n::field-manager',	0,	18,	0,	1,	54,	0,	0,	'',	0,	NULL,	0,	0,	1),
(151,	'status_id',	'i18n::field-order_status',	0,	18,	0,	1,	45,	0,	0,	'',	0,	NULL,	0,	0,	1),
(152,	'total_original_price',	'i18n::field-order_original_price',	0,	17,	0,	1,	NULL,	0,	0,	'',	0,	NULL,	0,	0,	1),
(153,	'total_price',	'i18n::field-total_price',	0,	17,	0,	1,	NULL,	0,	0,	'',	0,	NULL,	0,	0,	1),
(154,	'total_amount',	'i18n::field-total_amount',	0,	10,	0,	1,	NULL,	0,	0,	'',	0,	NULL,	0,	0,	1),
(155,	'status_change_date',	'i18n::field-status_change_date',	0,	4,	0,	1,	NULL,	0,	0,	'Выставляется автоматически, когда происходит изменение статуса заказа',	0,	NULL,	0,	0,	0),
(156,	'order_date',	'i18n::field-order_date',	0,	4,	0,	1,	NULL,	0,	0,	'Дата, когда заказ был оформлен покупателем',	0,	NULL,	0,	0,	1),
(157,	'order_discount_value',	'i18n::field-order-discount-value',	1,	17,	0,	1,	NULL,	0,	0,	'i18n::field-order-discount-value',	0,	NULL,	0,	0,	1),
(158,	'is_reserved',	'i18n::field-is_reserved',	0,	1,	0,	0,	NULL,	0,	0,	'',	0,	NULL,	0,	1,	0),
(159,	'service_info',	'i18n::field-order_service_info',	0,	24,	0,	1,	NULL,	0,	0,	'',	0,	NULL,	0,	0,	0),
(160,	'credit-status',	'i18n::field-kvk-CreditStatus',	0,	18,	0,	1,	22,	0,	1,	'',	0,	NULL,	0,	0,	0),
(161,	'contractsigningdeadline',	'i18n::field-kvk-ContractSigningDeadline',	0,	4,	0,	1,	NULL,	0,	1,	'',	0,	NULL,	0,	0,	0),
(162,	'contractdeliverydeadline',	'i18n::field-kvk-ContractDeliveryDeadline',	0,	4,	0,	1,	NULL,	0,	1,	'',	0,	NULL,	0,	0,	0),
(163,	'banksigningappointmenttime',	'i18n::field-kvk-BankSigningAppointmentTime',	0,	4,	0,	1,	NULL,	0,	1,	'',	0,	NULL,	0,	0,	0),
(164,	'isconfirmed',	'i18n::field-kvk-IsConfirmed',	0,	1,	0,	1,	NULL,	0,	1,	'',	0,	NULL,	0,	0,	0),
(165,	'signingtype',	'i18n::field-kvk-SigningType',	0,	18,	0,	1,	20,	0,	1,	'',	0,	NULL,	0,	0,	0),
(166,	'beingprocessed',	'i18n::field-kvk-BeingProcessed',	0,	1,	0,	1,	NULL,	0,	1,	'',	0,	NULL,	0,	1,	0),
(167,	'http_referer',	'i18n::field-referer',	0,	24,	0,	1,	NULL,	0,	0,	'',	0,	NULL,	0,	0,	0),
(168,	'http_target',	'i18n::field-target',	0,	24,	0,	1,	NULL,	0,	0,	'',	0,	NULL,	0,	0,	0),
(169,	'source_domain',	'i18n::field-source_domain',	1,	20,	0,	0,	NULL,	0,	0,	'',	0,	NULL,	0,	0,	0),
(170,	'utm_medium',	'i18n::field-utm_medium',	1,	20,	0,	0,	NULL,	0,	0,	'',	0,	NULL,	0,	0,	0),
(171,	'utm_term',	'i18n::field-utm_term',	1,	20,	0,	0,	NULL,	0,	0,	'',	0,	NULL,	0,	0,	0),
(172,	'utm_campaign',	'i18n::field-utm_campaign',	1,	20,	0,	0,	NULL,	0,	0,	'',	0,	NULL,	0,	0,	0),
(173,	'utm_content',	'i18n::field-utm_content',	1,	20,	0,	0,	NULL,	0,	0,	'',	0,	NULL,	0,	0,	0),
(174,	'order_create_date',	'i18n::field-order_create_date',	1,	4,	0,	0,	NULL,	0,	0,	'',	0,	NULL,	0,	0,	0),
(175,	'payment_id',	'i18n::field-payment_id',	0,	18,	0,	1,	47,	0,	0,	'',	0,	NULL,	0,	0,	1),
(176,	'payment_name',	'i18n::field-payment-name',	1,	20,	0,	1,	NULL,	0,	0,	'',	0,	NULL,	0,	0,	1),
(177,	'payment_status_id',	'i18n::field-payment_status',	0,	18,	0,	1,	48,	0,	0,	'',	0,	NULL,	0,	0,	1),
(178,	'payment_date',	'i18n::field-payment_date',	0,	4,	0,	1,	NULL,	0,	0,	'Дата успешной оплаты заказа',	0,	NULL,	0,	0,	0),
(179,	'payment_document_num',	'i18n::field-payment_document_number',	0,	20,	0,	1,	NULL,	0,	0,	'Заполняется системой автоматически',	0,	NULL,	0,	0,	0),
(180,	'legal_person',	'i18n::field-legal-body',	1,	18,	0,	1,	49,	0,	0,	'',	0,	NULL,	0,	0,	1),
(181,	'delivery_id',	'i18n::field-delivery_id',	0,	18,	0,	1,	51,	0,	0,	'',	0,	NULL,	0,	0,	1),
(182,	'delivery_name',	'i18n::field-delivery-name',	1,	20,	0,	1,	NULL,	0,	0,	'',	0,	NULL,	0,	0,	1),
(183,	'delivery_status_id',	'i18n::field-delivery_status',	0,	18,	0,	1,	52,	0,	0,	'',	0,	NULL,	0,	0,	1),
(184,	'delivery_address',	'i18n::field-destination_address',	0,	18,	0,	1,	40,	0,	0,	'',	0,	NULL,	0,	0,	1),
(185,	'delivery_date',	'i18n::field-delivery-date',	1,	4,	0,	1,	NULL,	0,	0,	'Дата, когда товар будет доставлен клиенту или на пункт выдачи',	0,	NULL,	0,	0,	1),
(186,	'pickup_date',	'i18n::field-pickup-date',	1,	4,	0,	1,	NULL,	0,	0,	'Дата, когда товар будет доставлен на пункт приема или когда нужно его забрать со склада',	0,	NULL,	0,	0,	1),
(187,	'delivery_provider',	'i18n::field-delivery-provider',	1,	20,	0,	1,	NULL,	0,	0,	'i18n::field-delivery-provider',	0,	NULL,	0,	0,	1),
(188,	'delivery_tariff',	'i18n::field-delivery-tariff',	1,	20,	0,	1,	NULL,	0,	0,	'i18n::field-delivery-tariff',	0,	NULL,	0,	0,	1),
(189,	'delivery_type',	'i18n::field-delivery-type',	1,	20,	0,	1,	NULL,	0,	0,	'Тип доставки товара клиенту',	0,	NULL,	0,	0,	1),
(190,	'pickup_type',	'i18n::field-pickup-type',	1,	20,	0,	1,	NULL,	0,	0,	'Тип доставки товара поставщику',	0,	NULL,	0,	0,	1),
(191,	'delivery_price',	'i18n::field-delivery_price',	0,	17,	0,	1,	NULL,	0,	0,	'',	0,	NULL,	0,	0,	1),
(192,	'delivery_point_in',	'i18n::field-delivery-point-in-id',	1,	20,	0,	1,	NULL,	0,	0,	'Точка приема товара',	0,	NULL,	0,	0,	1),
(193,	'delivery_point_out',	'i18n::field-delivery-point-out-id',	1,	20,	0,	1,	NULL,	0,	0,	'Точка выдачи товара',	0,	NULL,	0,	0,	1),
(194,	'total_weight',	'i18n::field-order-total-weight',	1,	8,	0,	1,	NULL,	0,	0,	'field-order-total-weight-tip',	0,	NULL,	0,	0,	1),
(195,	'total_width',	'i18n::field-order-book-total-width',	1,	8,	0,	1,	NULL,	0,	0,	'field-order-book-total-width-tip',	0,	NULL,	0,	0,	0),
(196,	'total_height',	'i18n::field-order-total-height',	1,	8,	0,	1,	NULL,	0,	0,	'field-order-total-height-tip',	0,	NULL,	0,	0,	0),
(197,	'total_length',	'i18n::field-order-total-length',	1,	8,	0,	1,	NULL,	0,	0,	'field-order-total-length-tip',	0,	NULL,	0,	0,	0),
(198,	'delivery_allow_date',	'i18n::field-delivery_allow_date',	0,	4,	0,	1,	NULL,	0,	0,	'Заполняется системой автоматически, когда возможна доставка и заказ успешно оплачен',	0,	NULL,	0,	0,	0),
(199,	'order_discount_id',	'i18n::field-order_discount',	0,	18,	0,	1,	42,	0,	0,	'',	0,	NULL,	0,	0,	1),
(200,	'bonus',	'i18n::field-spent_bonus',	1,	17,	0,	0,	NULL,	0,	0,	'',	0,	NULL,	0,	0,	0),
(201,	'need_export',	'i18n::field-export_1C',	0,	1,	0,	1,	NULL,	0,	0,	'Выставляется системой автоматически, когда заказ необходимо выгрузить в 1С',	0,	NULL,	0,	0,	0),
(202,	'purchaser_one_click',	'i18n::field-customer',	1,	18,	0,	1,	25,	0,	0,	'',	0,	NULL,	0,	0,	1),
(203,	'login',	'i18n::field-login',	1,	20,	0,	1,	NULL,	0,	0,	'',	1,	NULL,	0,	0,	1),
(204,	'password',	'i18n::field-password',	1,	16,	0,	1,	NULL,	0,	0,	'',	0,	NULL,	0,	0,	0),
(205,	'e-mail',	'i18n::field-e-mail',	1,	20,	0,	1,	NULL,	0,	0,	'',	1,	NULL,	0,	0,	1),
(206,	'groups',	'i18n::field-groups',	1,	19,	0,	0,	39,	0,	0,	'',	0,	NULL,	0,	0,	1),
(207,	'activate_code',	'i18n::field-activate_code',	1,	20,	0,	0,	NULL,	0,	0,	'',	0,	NULL,	0,	1,	0),
(208,	'loginza',	'i18n::field-loginza',	1,	20,	0,	1,	NULL,	0,	0,	'Адрес сервиса',	0,	NULL,	0,	0,	0),
(209,	'is_activated',	'i18n::field-is_activated',	1,	1,	0,	0,	NULL,	0,	0,	'',	0,	NULL,	0,	0,	1),
(210,	'last_request_time',	'i18n::field-last_request_time',	1,	10,	0,	0,	NULL,	0,	0,	'',	0,	NULL,	0,	1,	0),
(211,	'subscribed_pages',	'i18n::field-subscribed_pages',	1,	22,	0,	0,	NULL,	0,	0,	'',	0,	NULL,	0,	1,	0),
(212,	'rated_pages',	'i18n::field-rated_pages',	1,	22,	0,	0,	NULL,	0,	0,	'',	0,	NULL,	0,	1,	0),
(213,	'is_online',	'i18n::field-is_online',	1,	1,	0,	0,	NULL,	0,	0,	'',	0,	NULL,	0,	1,	0),
(214,	'messages_count',	'i18n::field-messages_count',	1,	10,	0,	0,	NULL,	0,	0,	'',	0,	NULL,	0,	1,	0),
(215,	'orders_refs',	'i18n::field-orders_refs',	1,	19,	0,	0,	NULL,	0,	0,	'',	0,	NULL,	0,	1,	0),
(216,	'delivery_addresses',	'i18n::field-delivery_addresses',	1,	19,	0,	1,	40,	0,	0,	'',	0,	NULL,	0,	1,	0),
(217,	'user_dock',	'i18n::field-user_dock',	1,	20,	0,	0,	NULL,	0,	0,	'',	0,	NULL,	0,	1,	0),
(218,	'preffered_currency',	'i18n::field-preffered_currency',	1,	18,	0,	0,	21,	0,	0,	'',	0,	NULL,	0,	0,	0),
(219,	'user_settings_data',	'i18n::field-user_settings_data',	1,	24,	0,	0,	NULL,	0,	0,	'',	0,	NULL,	0,	1,	0),
(220,	'last_order',	'i18n::field-last_order',	1,	15,	0,	0,	53,	0,	0,	'',	0,	NULL,	0,	1,	0),
(221,	'bonus',	'i18n::field-bonus',	1,	17,	0,	0,	NULL,	0,	0,	'',	0,	NULL,	0,	0,	0),
(222,	'legal_persons',	'i18n::field-legal_persons',	1,	19,	0,	1,	49,	0,	0,	'',	0,	NULL,	0,	1,	1),
(223,	'spent_bonus',	'i18n::field-spent_bonus',	1,	17,	0,	0,	NULL,	0,	0,	'',	0,	NULL,	0,	0,	0),
(224,	'filemanager_directory',	'i18n::field-filemanager-directory',	1,	20,	0,	0,	126,	0,	0,	'Список доступных пользователю директорий. В качестве разделителя используется запятая - например: /image/cms, /files.',	0,	NULL,	0,	0,	0),
(225,	'appended_file_extensions',	'i18n::field-appended-file-extensions',	1,	20,	0,	0,	NULL,	0,	0,	'Список дополнительных расширений файлов, которые пользователь может загружать на сервер. В качестве разделителя используется запятая - например: cdr, mid, midi.',	0,	NULL,	0,	0,	0),
(226,	'register_date',	'i18n::field-register_date',	0,	4,	0,	0,	NULL,	0,	0,	'',	0,	NULL,	0,	0,	0),
(227,	'tickets_color',	'i18n::field-tickets_color',	0,	2,	0,	0,	NULL,	0,	0,	'Фоновый цвет заметок',	0,	NULL,	0,	0,	0),
(228,	'favorite_domain_list',	'i18n::field-favorite_domain_list',	0,	6,	0,	0,	NULL,	0,	0,	'Если заполнено - для пользователя будут выводиться только эти домены в административной панели во вкладке \"Структура сайта\".',	0,	NULL,	0,	0,	0),
(229,	'lname',	'i18n::field-lname',	1,	20,	0,	1,	NULL,	0,	0,	'',	0,	NULL,	0,	0,	1),
(230,	'fname',	'i18n::field-fname',	1,	20,	0,	1,	NULL,	0,	0,	'Это поле содержит Имя пользователя. Оно отображается в характеристиках пользователя и может быть изменено самим пользователем.',	1,	NULL,	0,	0,	1),
(231,	'father_name',	'i18n::field-father_name',	1,	20,	0,	1,	NULL,	0,	0,	'',	0,	NULL,	0,	0,	0),
(232,	'phone',	'i18n::field-phone_n',	1,	20,	0,	1,	NULL,	0,	0,	'',	0,	NULL,	0,	0,	1),
(233,	'referer',	'i18n::field-referer',	0,	24,	0,	0,	NULL,	0,	0,	'',	0,	NULL,	0,	0,	0),
(234,	'target',	'i18n::field-target',	0,	24,	0,	0,	NULL,	0,	0,	'',	0,	NULL,	0,	0,	0),
(235,	'primary',	'i18n::field-primary_store',	0,	1,	0,	1,	NULL,	0,	0,	'Основной склад, с которого будут списываться товары при покупке, и с которым будет синхронизироваться 1C',	0,	NULL,	0,	0,	1),
(236,	'proc',	'i18n::field-proc',	0,	8,	0,	1,	NULL,	0,	0,	'',	1,	NULL,	0,	0,	1),
(237,	'users',	'i18n::field-users',	0,	19,	0,	1,	54,	0,	0,	'Пользователи, которым будет доступна скидка',	1,	NULL,	0,	0,	1),
(238,	'menu_id',	'i18n::field-sid',	0,	20,	0,	1,	NULL,	0,	0,	'',	0,	NULL,	0,	0,	1),
(239,	'menuhierarchy',	'i18n::field-menuhierarchy',	0,	24,	0,	1,	NULL,	0,	0,	'',	0,	NULL,	0,	0,	1),
(240,	'anons',	'i18n::field-anons',	1,	26,	0,	1,	NULL,	1,	0,	'',	0,	NULL,	0,	0,	1),
(241,	'source',	'i18n::field-source',	1,	20,	0,	1,	NULL,	0,	0,	'',	0,	NULL,	0,	0,	0),
(242,	'source_url',	'i18n::field-source_url',	1,	20,	0,	1,	NULL,	0,	0,	'',	0,	NULL,	0,	0,	0),
(243,	'publish_time',	'i18n::field-publish_time',	1,	4,	0,	1,	NULL,	0,	1,	'',	0,	NULL,	0,	0,	1),
(244,	'begin_time',	'i18n::field-begin_time',	1,	4,	0,	1,	NULL,	0,	0,	'',	0,	NULL,	0,	0,	0),
(245,	'end_time',	'i18n::field-end_time',	1,	4,	0,	1,	NULL,	0,	0,	'',	0,	NULL,	0,	0,	0),
(246,	'anons_pic',	'i18n::field-anons_pic',	1,	9,	0,	1,	NULL,	0,	0,	'',	0,	NULL,	0,	0,	1),
(247,	'publish_pic',	'i18n::field-publish_pic',	1,	9,	0,	1,	NULL,	0,	0,	'',	0,	NULL,	0,	0,	1),
(248,	'subjects',	'i18n::field-subjects',	1,	19,	0,	1,	59,	0,	0,	'',	0,	NULL,	0,	0,	0),
(249,	'user_id',	'i18n::field-user_id',	1,	18,	0,	1,	54,	0,	0,	'',	0,	NULL,	0,	1,	0),
(250,	'message',	'i18n::field-message',	1,	24,	0,	1,	NULL,	1,	0,	'',	0,	NULL,	0,	0,	1),
(251,	'x',	'i18n::field-x',	1,	10,	0,	1,	NULL,	0,	0,	'',	0,	NULL,	0,	1,	0),
(252,	'y',	'i18n::field-y',	1,	10,	0,	1,	NULL,	0,	0,	'',	0,	NULL,	0,	1,	0),
(253,	'width',	'i18n::field-width',	1,	10,	0,	1,	NULL,	0,	0,	'',	0,	NULL,	0,	1,	0),
(254,	'height',	'i18n::field-height',	1,	10,	0,	1,	NULL,	0,	0,	'',	0,	NULL,	0,	1,	0),
(255,	'create_time',	'i18n::field-gen_time',	1,	4,	0,	1,	NULL,	0,	0,	'',	0,	NULL,	0,	1,	0),
(256,	'url',	'i18n::field-url',	1,	20,	0,	1,	NULL,	0,	0,	'',	0,	NULL,	0,	1,	1),
(257,	'description',	'i18n::field-description',	1,	20,	0,	1,	NULL,	0,	1,	'',	0,	NULL,	0,	0,	1),
(258,	'friendlist',	'i18n::field-friendlist',	1,	19,	0,	1,	54,	0,	1,	'',	0,	NULL,	0,	0,	0),
(259,	'is_registrated',	'i18n::field-is_registrated',	1,	1,	0,	1,	NULL,	0,	0,	'',	0,	NULL,	0,	0,	0),
(260,	'user_id',	'i18n::field-user_id',	1,	18,	0,	1,	54,	0,	0,	'',	0,	NULL,	0,	0,	0),
(261,	'nickname',	'i18n::field-nickname',	1,	20,	0,	1,	NULL,	0,	0,	'',	0,	NULL,	0,	0,	1),
(262,	'email',	'i18n::field-e-mail',	1,	20,	0,	1,	NULL,	0,	0,	'',	0,	NULL,	0,	0,	1),
(263,	'ip',	'i18n::field-ip',	1,	20,	0,	1,	NULL,	0,	0,	'',	0,	NULL,	0,	0,	0),
(264,	'author_id',	'i18n::field-author',	1,	18,	1,	0,	64,	0,	1,	'Идентификатор автора комментария',	0,	NULL,	0,	0,	0),
(265,	'is_spam',	'i18n::field-is_spam',	0,	1,	0,	1,	NULL,	0,	0,	'',	0,	NULL,	0,	0,	1),
(266,	'only_for_friends',	'i18n::field-only_for_friends',	1,	1,	0,	1,	NULL,	0,	1,	'',	0,	NULL,	0,	0,	0),
(267,	'descr',	'i18n::field-description',	1,	26,	0,	1,	NULL,	1,	0,	'',	0,	NULL,	0,	0,	1),
(268,	'topics_count',	'i18n::field-topics_count',	1,	10,	0,	0,	NULL,	0,	0,	'',	0,	NULL,	0,	0,	0),
(269,	'messages_count',	'i18n::field-messages_count',	1,	10,	0,	0,	NULL,	0,	0,	'',	0,	NULL,	0,	0,	0),
(270,	'last_message',	'i18n::field-last_message',	1,	22,	0,	0,	NULL,	0,	0,	'',	0,	NULL,	0,	0,	0),
(271,	'last_post_time',	'i18n::field-last_post_time',	1,	10,	0,	0,	NULL,	0,	0,	'',	0,	NULL,	0,	0,	0),
(272,	'message',	'i18n::field-message',	1,	24,	0,	1,	NULL,	1,	0,	'',	0,	NULL,	0,	0,	1),
(273,	'count',	'i18n::field-count',	1,	10,	0,	1,	NULL,	0,	0,	'',	0,	NULL,	0,	0,	0),
(274,	'poll_rel',	'i18n::field-poll_rel',	1,	18,	0,	0,	72,	0,	0,	'',	0,	NULL,	0,	0,	0),
(275,	'is_closed',	'i18n::field-is_closed',	1,	1,	0,	1,	NULL,	0,	0,	'',	0,	NULL,	0,	0,	1),
(276,	'question',	'i18n::field-question',	1,	24,	0,	1,	NULL,	1,	0,	'Вопрос пользователя',	0,	NULL,	0,	0,	1),
(277,	'answers',	'i18n::field-answers',	1,	19,	0,	1,	71,	0,	0,	'',	0,	NULL,	0,	0,	1),
(278,	'total_count',	'i18n::field-total_count',	1,	10,	0,	1,	NULL,	0,	0,	'',	0,	NULL,	0,	0,	1),
(279,	'form_id',	'i18n::field-form_id',	1,	11,	0,	0,	NULL,	0,	1,	'',	0,	NULL,	0,	0,	1),
(280,	'destination_address',	'i18n::field-destination_address',	1,	20,	0,	0,	NULL,	0,	0,	'',	0,	NULL,	0,	0,	1),
(281,	'sender_ip',	'i18n::field-sender_ip',	1,	20,	0,	0,	NULL,	0,	0,	'',	0,	NULL,	0,	0,	0),
(282,	'sending_time',	'i18n::field-sending_time',	1,	4,	0,	0,	NULL,	0,	0,	'',	0,	NULL,	0,	0,	0),
(283,	'wf_message',	'option-message',	0,	26,	0,	1,	NULL,	0,	0,	'',	0,	5,	0,	0,	0),
(284,	'from_email_template',	'i18n::field-from_email_template',	1,	20,	0,	1,	NULL,	0,	0,	'',	0,	NULL,	0,	0,	1),
(285,	'from_template',	'i18n::field-from_template',	1,	20,	0,	1,	NULL,	0,	0,	'',	0,	NULL,	0,	0,	1),
(286,	'subject_template',	'i18n::field-subject_template',	1,	20,	0,	1,	NULL,	0,	0,	'',	0,	NULL,	0,	0,	1),
(287,	'master_template',	'i18n::field-master_template',	1,	26,	0,	1,	NULL,	0,	0,	'',	0,	NULL,	0,	0,	1),
(288,	'autoreply_from_email_template',	'i18n::field-autoreply_from_email_template',	1,	20,	0,	1,	NULL,	0,	0,	'',	0,	NULL,	0,	0,	1),
(289,	'autoreply_from_template',	'i18n::field-autoreply_from_template',	1,	20,	0,	1,	NULL,	0,	0,	'',	0,	NULL,	0,	0,	1),
(290,	'autoreply_subject_template',	'i18n::field-autoreply_subject_template',	1,	20,	0,	1,	NULL,	0,	0,	'',	0,	NULL,	0,	0,	1),
(291,	'autoreply_email_recipient',	'i18n::field-autoreply_email_recipient',	0,	20,	0,	1,	NULL,	0,	0,	'',	0,	NULL,	0,	0,	1),
(292,	'autoreply_template',	'i18n::field-autoreply_template',	1,	26,	0,	1,	NULL,	0,	0,	'',	0,	NULL,	0,	0,	1),
(293,	'posted_message',	'i18n::field-message_sent',	1,	26,	0,	1,	NULL,	0,	0,	'',	0,	NULL,	0,	0,	0),
(294,	'form_id',	'i18n::field-form_id',	1,	11,	0,	0,	NULL,	0,	0,	'',	0,	NULL,	0,	0,	1),
(295,	'address_description',	'i18n::field-description',	1,	20,	0,	1,	NULL,	0,	0,	'',	1,	NULL,	0,	0,	0),
(296,	'address_list',	'i18n::field-address_list',	1,	20,	0,	1,	NULL,	0,	0,	'',	1,	NULL,	0,	0,	1),
(297,	'form_id',	'i18n::field-form_id',	1,	20,	0,	0,	NULL,	0,	0,	'',	0,	NULL,	0,	1,	1),
(298,	'create_time',	'i18n::field-gen_time',	1,	4,	0,	1,	NULL,	0,	0,	'',	0,	NULL,	0,	0,	0),
(299,	'user_id',	'i18n::field-user_id',	1,	18,	0,	0,	54,	0,	0,	'',	0,	NULL,	0,	0,	0),
(300,	'photo',	'i18n::field-photo',	1,	9,	0,	1,	NULL,	0,	0,	'',	0,	NULL,	0,	0,	1),
(301,	'answer',	'i18n::field-answer',	1,	24,	0,	1,	NULL,	0,	0,	'',	0,	NULL,	0,	0,	1),
(302,	'disp_last_release',	'i18n::field-disp_last_release',	1,	4,	0,	1,	NULL,	0,	1,	'',	0,	NULL,	0,	0,	1),
(303,	'disp_description',	'i18n::field-description',	1,	24,	0,	1,	NULL,	0,	0,	'',	0,	NULL,	0,	0,	0),
(304,	'forced_subscribers',	'i18n::field-forced_subscribers',	1,	22,	0,	1,	NULL,	0,	1,	'',	0,	NULL,	0,	0,	1),
(305,	'news_relation',	'i18n::field-news_relation',	1,	18,	0,	1,	7,	0,	1,	'',	0,	NULL,	0,	0,	0),
(306,	'is_active',	'i18n::field-is_active',	1,	1,	0,	1,	NULL,	0,	0,	'',	0,	NULL,	0,	0,	1),
(307,	'load_from_forum',	'i18n::field-load_from_forum',	0,	1,	0,	1,	NULL,	0,	0,	'Может быть установлено только для одной рассылки одновременно',	0,	NULL,	0,	0,	0),
(308,	'days',	'i18n::field-days',	0,	19,	0,	0,	17,	0,	0,	'Дни недели, в которые будет происходить автоматическая рассылка',	0,	NULL,	0,	0,	0),
(309,	'hours',	'i18n::field-hours',	0,	19,	0,	0,	16,	0,	0,	'Часы, в которые будет происходить автоматическая рассылка',	0,	NULL,	0,	0,	0),
(310,	'status',	'i18n::field-status',	1,	1,	0,	1,	NULL,	0,	1,	'',	0,	NULL,	0,	0,	1),
(311,	'date',	'i18n::field-date',	1,	4,	0,	1,	NULL,	0,	1,	'',	0,	NULL,	0,	0,	1),
(312,	'disp_reference',	'i18n::field-disp_reference',	1,	10,	0,	0,	NULL,	0,	1,	'',	0,	NULL,	0,	0,	0),
(313,	'header',	'i18n::field-header',	1,	20,	0,	0,	NULL,	1,	0,	'',	0,	NULL,	0,	0,	1),
(314,	'body',	'i18n::field-body',	1,	26,	0,	1,	NULL,	0,	0,	'',	0,	NULL,	0,	0,	1),
(315,	'release_reference',	'i18n::field-release_reference',	1,	10,	0,	0,	NULL,	0,	1,	'',	0,	NULL,	0,	0,	0),
(316,	'attach_file',	'i18n::field-attach_file',	1,	7,	0,	1,	NULL,	0,	0,	'',	0,	NULL,	0,	0,	0),
(317,	'msg_date',	'i18n::field-msg_date',	1,	4,	0,	1,	NULL,	0,	1,	'',	0,	NULL,	0,	0,	0),
(318,	'short_body',	'i18n::field-short_body',	1,	26,	0,	1,	NULL,	0,	1,	'',	0,	NULL,	0,	0,	1),
(319,	'new_relation',	'i18n::field-new_relation',	1,	22,	0,	0,	NULL,	0,	1,	'',	0,	NULL,	0,	0,	0),
(320,	'lname',	'i18n::field-lname',	1,	20,	0,	1,	NULL,	0,	0,	'',	0,	NULL,	0,	0,	1),
(321,	'fname',	'i18n::field-fname',	1,	20,	0,	1,	NULL,	0,	0,	'',	0,	NULL,	0,	0,	1),
(322,	'father_name',	'i18n::field-father_name',	1,	20,	0,	1,	NULL,	0,	0,	'',	0,	NULL,	0,	0,	0),
(323,	'gender',	'i18n::field-gender',	1,	18,	0,	1,	4,	0,	0,	'',	0,	NULL,	0,	0,	0),
(324,	'uid',	'i18n::field-uid',	1,	18,	0,	0,	54,	0,	1,	'',	0,	NULL,	0,	0,	0),
(325,	'subscriber_dispatches',	'i18n::field-subscriber_dispatches',	1,	19,	0,	1,	82,	0,	1,	'',	0,	NULL,	0,	0,	1),
(326,	'sent_release_list',	'i18n::field-sent_release_list',	1,	19,	0,	1,	83,	0,	0,	'',	0,	NULL,	0,	0,	1),
(327,	'subscribe_date',	'i18n::field-subscribe_date',	1,	4,	0,	0,	NULL,	0,	0,	'',	0,	NULL,	0,	0,	0),
(328,	'social_category_vkontakte',	'i18n::field-social_categories_vkontakte',	1,	18,	0,	1,	19,	0,	0,	'',	0,	NULL,	0,	0,	0),
(329,	'index_source',	'i18n::field-index_source',	0,	10,	0,	1,	NULL,	0,	0,	'',	0,	NULL,	0,	1,	0),
(330,	'index_state',	'i18n::field-index_state',	0,	8,	0,	1,	NULL,	0,	0,	'',	0,	NULL,	0,	1,	0),
(331,	'index_date',	'i18n::field-index_date',	0,	4,	0,	1,	NULL,	0,	0,	'',	0,	NULL,	0,	1,	0),
(332,	'index_choose',	'i18n::field-index_choose',	0,	1,	0,	1,	NULL,	0,	0,	'',	0,	NULL,	0,	1,	0),
(333,	'index_level',	'i18n::field-index_level',	0,	10,	0,	1,	NULL,	0,	0,	'',	0,	NULL,	0,	1,	0),
(334,	'date_create_object',	'i18n::field-date_create_object',	1,	4,	0,	0,	NULL,	0,	0,	'',	0,	NULL,	0,	0,	0),
(335,	'tax_rate_id',	'i18n::field-tax-rate-id',	1,	18,	0,	1,	27,	0,	0,	'',	0,	NULL,	0,	0,	1),
(336,	'price',	'i18n::field-cena',	1,	17,	0,	1,	NULL,	0,	1,	'',	0,	NULL,	0,	0,	1),
(337,	'payment_mode',	'i18n::field-payment_mode',	1,	18,	0,	1,	29,	0,	0,	'',	0,	NULL,	0,	0,	1),
(338,	'payment_subject',	'i18n::field-payment_subject',	1,	18,	0,	1,	28,	0,	0,	'',	0,	NULL,	0,	0,	1),
(339,	'stores_state',	'i18n::field-stores_state',	0,	15,	0,	1,	55,	0,	0,	'',	0,	NULL,	0,	0,	1),
(340,	'reserved',	'i18n::field-reserved',	0,	10,	0,	0,	NULL,	0,	0,	'i18n::field-tip-number-reserved-items',	0,	NULL,	0,	1,	0),
(341,	'common_quantity',	'i18n::field-common-quantity',	0,	10,	0,	1,	NULL,	0,	0,	'',	1,	NULL,	0,	0,	0),
(342,	'trade_offer_image',	'i18n::field-izobrazhenie',	1,	9,	0,	1,	NULL,	0,	0,	'',	0,	NULL,	0,	0,	1),
(343,	'trade_offer_list',	'i18n::field-trade-offer-list',	1,	14,	0,	0,	NULL,	0,	0,	'',	0,	NULL,	0,	0,	1),
(344,	'preffered_currency',	'i18n::field-preffered_currency',	0,	18,	0,	0,	21,	0,	0,	'',	0,	NULL,	0,	0,	0),
(345,	'last_order',	'i18n::field-last_order',	1,	15,	0,	0,	53,	0,	0,	'',	0,	NULL,	0,	1,	0),
(346,	'bonus',	'i18n::field-bonus',	1,	17,	0,	0,	NULL,	0,	0,	'',	0,	NULL,	0,	0,	0),
(347,	'spent_bonus',	'i18n::field-spent_bonus',	1,	17,	0,	0,	NULL,	0,	0,	'',	0,	NULL,	0,	0,	0),
(348,	'ip',	'i18n::field-ip_address',	0,	20,	0,	0,	NULL,	0,	0,	'',	0,	NULL,	0,	0,	0),
(349,	'delivery_addresses',	'i18n::field-delivery_addresses',	0,	19,	0,	1,	40,	0,	0,	'',	0,	NULL,	0,	0,	1),
(350,	'legal_persons',	'i18n::field-legal_persons',	1,	19,	0,	1,	49,	0,	0,	'',	0,	NULL,	0,	0,	1),
(351,	'size',	'i18n::field-discount_size',	0,	8,	0,	1,	NULL,	0,	0,	'Размер скидки, который будет вычтен из стоимости заказа',	1,	NULL,	0,	0,	1),
(352,	'catalog_items',	'i18n::field-goods',	0,	22,	0,	1,	NULL,	0,	0,	'',	0,	NULL,	0,	0,	1),
(353,	'start_date',	'i18n::field-discount_start',	0,	4,	0,	1,	NULL,	0,	0,	'Определяет, с какого момента скидка будет действительна',	0,	NULL,	0,	0,	0),
(354,	'end_date',	'i18n::field-discount_end',	0,	4,	0,	1,	NULL,	0,	0,	'Определяет, когда заканчивается срок действия скидки',	0,	NULL,	0,	0,	0),
(355,	'minimum',	'i18n::field-minimal_order_price',	0,	8,	0,	1,	NULL,	0,	0,	'Минимальная стоимость заказа, когда действует скидка',	0,	NULL,	0,	0,	1),
(356,	'maximum',	'i18n::field-maximal_order_price',	0,	8,	0,	1,	NULL,	0,	0,	'Максимальная стоимость заказа, когда действует скидка',	0,	NULL,	0,	0,	1),
(357,	'minimal',	'i18n::field-minimal_summ',	0,	8,	0,	1,	NULL,	0,	0,	'Минимальная сумма стоимости заказов действия скидки',	0,	NULL,	0,	0,	1),
(358,	'maximum',	'i18n::field-maximal_summ',	0,	8,	0,	1,	NULL,	0,	0,	'Максимальная сумма стоимости заказов действия скидки',	0,	NULL,	0,	0,	1),
(359,	'user_groups',	'i18n::field-groups',	0,	19,	0,	1,	39,	0,	0,	'Список групп пользователей, которым будет доступна эта скидка',	1,	NULL,	0,	0,	1),
(360,	'related_items',	'i18n::field-connected_items',	0,	22,	0,	1,	NULL,	0,	0,	'Список товаров, которые должен положить в корзину пользователь, чтобы пойдействовала скидка',	1,	NULL,	0,	0,	1),
(361,	'order_min_price',	'i18n::field-order_min_price',	0,	8,	0,	1,	NULL,	0,	0,	'Стоимость заказа, после которой доставка производится бесплатно',	0,	NULL,	0,	0,	1),
(362,	'viewpost',	'i18n::field-viewpost',	0,	18,	0,	1,	14,	0,	0,	'',	1,	NULL,	0,	0,	0),
(363,	'zip_code',	'i18n::field-departure_city_zip_code',	0,	20,	0,	1,	NULL,	0,	0,	'',	1,	NULL,	0,	0,	0),
(364,	'login',	'i18n::field-login',	1,	20,	0,	1,	NULL,	0,	0,	'',	0,	NULL,	0,	0,	1),
(365,	'password',	'i18n::field-password',	1,	16,	0,	1,	NULL,	0,	0,	'',	0,	NULL,	0,	0,	1),
(366,	'dev_mode',	'i18n::field-apiship-dev-mode',	1,	1,	0,	1,	NULL,	0,	0,	'',	0,	NULL,	0,	0,	1),
(367,	'keep_log',	'i18n::field-keep-log',	1,	1,	0,	1,	NULL,	0,	0,	'',	0,	NULL,	0,	0,	1),
(368,	'providers',	'i18n::field-apiship-providers',	1,	20,	0,	1,	NULL,	0,	0,	'',	0,	NULL,	0,	0,	1),
(369,	'delivery_types',	'Типы доставки',	1,	20,	0,	1,	NULL,	0,	0,	'',	0,	NULL,	0,	0,	1),
(370,	'pickup_types',	'i18n::field-apiship-pickup-types',	1,	20,	0,	1,	NULL,	0,	0,	'',	0,	NULL,	0,	0,	1),
(371,	'settings',	'i18n::field-apiship-settings',	1,	24,	0,	1,	NULL,	0,	0,	'',	0,	NULL,	0,	0,	1),
(372,	'reciever',	'i18n::field-reciever',	0,	20,	0,	1,	NULL,	0,	0,	'',	1,	NULL,	0,	0,	0),
(373,	'reciever_inn',	'i18n::field-reciever_inn',	0,	20,	0,	1,	NULL,	0,	0,	'',	1,	NULL,	0,	0,	1),
(374,	'reciever_account',	'i18n::field-reciever_account',	0,	20,	0,	1,	NULL,	0,	0,	'',	1,	NULL,	0,	0,	1),
(375,	'reciever_bank',	'i18n::field-reciever_bank',	0,	20,	0,	1,	NULL,	0,	0,	'',	1,	NULL,	0,	0,	1),
(376,	'bik',	'i18n::field-bik',	0,	20,	0,	1,	NULL,	0,	0,	'',	0,	NULL,	0,	0,	1),
(377,	'reciever_bank_account',	'i18n::field-reciever_bank_account',	0,	20,	0,	1,	NULL,	0,	0,	'',	1,	NULL,	0,	0,	0),
(378,	'merchant_id',	'i18n::field-merchant_id',	0,	20,	0,	1,	NULL,	0,	0,	'Выдается при регистрации в PayOnline System',	1,	NULL,	0,	0,	0),
(379,	'private_key',	'i18n::field-secret-key',	0,	20,	0,	1,	NULL,	0,	0,	'Выдается при регистрации в PayOnline System',	1,	NULL,	0,	0,	0),
(380,	'receipt_data_send_enable',	'i18n::field-receipt-data-send-enable',	1,	1,	0,	1,	NULL,	0,	0,	'Используется для реализации ФЗ-54, требует заполнения ставки НДС у товаров и доставок',	0,	NULL,	0,	0,	1),
(381,	'keep_log',	'i18n::field-keep-log',	1,	1,	0,	1,	NULL,	0,	0,	'',	0,	NULL,	0,	0,	1),
(382,	'login',	'i18n::field-login',	0,	20,	0,	1,	NULL,	0,	0,	'',	1,	NULL,	0,	0,	1),
(383,	'password1',	'i18n::field-password1',	0,	20,	0,	1,	NULL,	0,	0,	'используется интерфейсом инициализации оплаты',	1,	NULL,	0,	0,	0),
(384,	'password2',	'i18n::field-password2',	0,	20,	0,	1,	NULL,	0,	0,	'используется интерфейсом оповещения о платеже, XML-интерфейсах',	1,	NULL,	0,	0,	0),
(385,	'test_mode',	'i18n::field-test_mode',	1,	1,	0,	1,	NULL,	0,	0,	'',	0,	NULL,	0,	0,	1),
(386,	'eshopid',	'i18n::field-eshopid',	0,	20,	0,	1,	NULL,	0,	0,	'Номер сайта продавца, на который покупатель должен совершить платеж',	1,	NULL,	0,	0,	0),
(387,	'secretkey',	'i18n::field-secret-key',	0,	20,	0,	1,	NULL,	0,	0,	'Строка символов, добавляемая к реквизитам платежа, высылаемым продавцу вместе с оповещением',	1,	NULL,	0,	0,	0),
(388,	'name',	'i18n::field-name',	0,	20,	0,	1,	NULL,	0,	0,	'',	1,	NULL,	0,	0,	1),
(389,	'legal_address',	'i18n::field-legal_address',	0,	20,	0,	1,	NULL,	0,	0,	'',	0,	NULL,	0,	0,	1),
(390,	'phone_number',	'i18n::field-phone_number',	0,	20,	0,	1,	NULL,	0,	0,	'',	0,	NULL,	0,	0,	1),
(391,	'inn',	'i18n::field-TIN',	0,	20,	0,	1,	NULL,	0,	0,	'',	0,	NULL,	0,	0,	1),
(392,	'kpp',	'i18n::field-RRC',	0,	20,	0,	1,	NULL,	0,	0,	'',	0,	NULL,	0,	0,	1),
(393,	'account',	'i18n::field-account',	0,	20,	0,	1,	NULL,	0,	0,	'',	0,	NULL,	0,	0,	0),
(394,	'bank',	'i18n::field-receiver_bank',	0,	20,	0,	1,	NULL,	0,	0,	'',	0,	NULL,	0,	0,	0),
(395,	'bank_account',	'i18n::field-bank_account_number',	0,	20,	0,	1,	NULL,	0,	0,	'',	0,	NULL,	0,	0,	0),
(396,	'sign_image',	'i18n::field-sign_image',	0,	9,	0,	1,	NULL,	0,	0,	'',	0,	NULL,	0,	0,	0),
(397,	'mnt_system_url',	'i18n::field-mnt_system_url',	1,	20,	0,	1,	NULL,	0,	0,	'Введите demo.moneta.ru, если у вас включен тестовый режим, либо www.payanyway.ru, если включен боевой режим.',	1,	NULL,	0,	0,	1),
(398,	'mnt_id',	'i18n::field-mnt_id',	1,	20,	0,	1,	NULL,	0,	0,	'',	1,	NULL,	0,	0,	1),
(399,	'mnt_success_url',	'i18n::field-successful_pay_url',	1,	20,	0,	1,	NULL,	0,	0,	'',	1,	NULL,	0,	0,	1),
(400,	'mnt_fail_url',	'i18n::field-failed_pay_url',	1,	20,	0,	1,	NULL,	0,	0,	'',	0,	NULL,	0,	0,	1),
(401,	'mnt_data_integrity_code',	'i18n::field-data_integrity_code',	1,	20,	0,	1,	NULL,	0,	0,	'',	1,	NULL,	0,	0,	1),
(402,	'mnt_test_mode',	'i18n::field-test_mode',	1,	1,	0,	1,	NULL,	0,	0,	'',	0,	NULL,	0,	0,	1),
(403,	'project',	'i18n::field-project-id',	1,	20,	0,	1,	NULL,	0,	0,	'',	1,	NULL,	0,	0,	0),
(404,	'key',	'i18n::field-secret-key',	1,	20,	0,	1,	NULL,	0,	0,	'',	1,	NULL,	0,	0,	0),
(405,	'source',	'i18n::field-owner-id',	1,	20,	0,	1,	NULL,	0,	0,	'',	1,	NULL,	0,	0,	0),
(406,	'partnerid',	'i18n::field-mnt_id',	0,	20,	0,	1,	NULL,	0,	0,	'',	1,	NULL,	0,	0,	0),
(407,	'apikey',	'i18n::field-kvk-apiKey',	0,	20,	0,	1,	NULL,	0,	0,	'',	1,	NULL,	0,	0,	0),
(408,	'demo_mode',	'i18n::field-demo_mode',	0,	1,	0,	1,	NULL,	0,	0,	'Включить демо-режим',	0,	NULL,	0,	0,	0),
(409,	'merchant_id',	'i18n::field-emarket-id',	0,	20,	0,	1,	NULL,	0,	0,	'i18n::field-emarket-id',	1,	NULL,	0,	0,	0),
(410,	'product_id',	'i18n::field-product_id',	0,	20,	0,	1,	NULL,	0,	0,	'i18n::field-product_id',	1,	NULL,	0,	0,	0),
(411,	'ok_url',	'i18n::field-successful_pay_url',	0,	20,	0,	1,	NULL,	0,	0,	'i18n::field-successful_pay_url',	0,	NULL,	0,	0,	0),
(412,	'secret_word',	'i18n::field-secret_word',	0,	20,	0,	1,	NULL,	0,	0,	'i18n::field-secret_word',	1,	NULL,	0,	0,	0),
(413,	'ko_url',	'i18n::field-failed_pay_url',	0,	20,	0,	1,	NULL,	0,	0,	'i18n::field-failed_pay_url',	0,	NULL,	0,	0,	0),
(414,	'shop_id',	'i18n::field-shop_id',	0,	20,	0,	1,	NULL,	0,	0,	'Номер магазина в ЦПП. Выдается ЦПП',	1,	NULL,	0,	0,	0),
(415,	'scid',	'i18n::field-scid',	0,	20,	0,	1,	NULL,	0,	0,	'Номер витрины магазина в ЦПП. Выдается ЦПП',	1,	NULL,	0,	0,	0),
(416,	'bank_id',	'i18n::field-bank_id',	0,	20,	0,	1,	NULL,	0,	0,	'Код процессингового центра \"Яндекс.Деньги\"',	0,	NULL,	0,	0,	0),
(417,	'shop_password',	'i18n::field-shop_password',	0,	20,	0,	1,	NULL,	0,	0,	'Секретный пароль (20 случайных символов), указывается при заключении договора',	1,	NULL,	0,	0,	0),
(418,	'paypalemail',	'i18n::field-paypalemail',	1,	20,	0,	1,	NULL,	0,	0,	'',	1,	NULL,	0,	0,	0),
(419,	'return_success',	'i18n::field-successful_pay_url',	1,	20,	0,	1,	NULL,	0,	0,	'',	1,	NULL,	0,	0,	0),
(420,	'cancel_return',	'i18n::field-failed_pay_url',	1,	20,	0,	1,	NULL,	0,	0,	'',	1,	NULL,	0,	0,	0),
(421,	'shop_id',	'i18n::field-mnt_id',	1,	20,	0,	1,	NULL,	0,	0,	'Идентификатор вашего магазина в Яндекс.Кассе',	1,	NULL,	0,	0,	1),
(422,	'secret_key',	'i18n::field-secret-key',	1,	20,	0,	1,	NULL,	0,	0,	'Выпустить секретный ключ можно в личном кабинете Яндекс.Кассы, в разделе \"Настройки\"',	1,	NULL,	0,	0,	1),
(423,	'id',	'i18n::field-id',	1,	20,	0,	1,	NULL,	0,	0,	'',	0,	NULL,	0,	0,	1),
(424,	'descr',	'i18n::field-description',	1,	24,	0,	1,	NULL,	0,	0,	'',	0,	NULL,	0,	0,	1),
(425,	'is_show_rand_banner',	'i18n::field-is_show_rand_banner',	1,	1,	0,	1,	NULL,	0,	1,	'',	0,	NULL,	0,	0,	1),
(426,	'is_active',	'i18n::field-is_active',	1,	1,	0,	1,	NULL,	0,	0,	'',	0,	NULL,	0,	0,	1),
(427,	'tags',	'i18n::field-tags',	1,	23,	0,	1,	NULL,	0,	0,	'',	0,	NULL,	0,	0,	0),
(428,	'url',	'i18n::field-url',	1,	20,	0,	1,	NULL,	0,	0,	'',	0,	NULL,	0,	0,	1),
(429,	'open_in_new_window',	'i18n::field-open_in_new_window',	1,	1,	0,	1,	NULL,	0,	0,	'',	0,	NULL,	0,	0,	0),
(430,	'views_count',	'i18n::field-views_count',	1,	10,	0,	1,	NULL,	0,	0,	'',	0,	NULL,	0,	0,	0),
(431,	'clicks_count',	'i18n::field-clicks_count',	1,	10,	0,	1,	NULL,	0,	0,	'',	0,	NULL,	0,	0,	0),
(432,	'max_views',	'i18n::field-max_views',	1,	10,	0,	1,	NULL,	0,	0,	'',	0,	NULL,	0,	0,	0),
(433,	'show_start_date',	'i18n::field-show_start_date',	1,	4,	1,	1,	NULL,	0,	1,	'',	0,	NULL,	0,	0,	0),
(434,	'show_till_date',	'i18n::field-show_till_date',	1,	4,	1,	1,	NULL,	0,	0,	'',	0,	NULL,	0,	0,	0),
(435,	'user_tags',	'i18n::field-user_tags',	1,	23,	0,	1,	NULL,	0,	0,	'',	0,	NULL,	0,	0,	0),
(436,	'view_pages',	'i18n::field-view_pages',	1,	22,	0,	1,	NULL,	0,	0,	'',	0,	NULL,	0,	0,	0),
(437,	'place',	'i18n::field-place',	1,	19,	0,	1,	113,	0,	0,	'',	0,	NULL,	0,	0,	1),
(438,	'not_view_pages',	'i18n::field-not_view_pages',	1,	22,	0,	1,	NULL,	0,	0,	'',	0,	NULL,	0,	0,	0),
(439,	'time_targeting_by_month_days',	'i18n::field-time_targeting_by_month_days',	1,	20,	0,	1,	NULL,	0,	0,	'',	0,	NULL,	0,	0,	0),
(440,	'time_targeting_by_month',	'i18n::field-time_targeting_by_month',	1,	20,	0,	1,	NULL,	0,	0,	'',	0,	NULL,	0,	0,	0),
(441,	'time_targeting_by_week_days',	'i18n::field-time_targeting_by_week_days',	1,	20,	0,	1,	NULL,	0,	0,	'',	0,	NULL,	0,	0,	0),
(442,	'time_targeting_by_hours',	'i18n::field-time_targeting_by_hours',	1,	20,	0,	1,	NULL,	0,	0,	'',	0,	NULL,	0,	0,	0),
(443,	'time_targeting_is_active',	'i18n::field-time_targeting_is_active',	1,	1,	1,	1,	NULL,	0,	0,	'',	0,	NULL,	0,	0,	0),
(444,	'city_targeting_city',	'i18n::field-city',	1,	18,	0,	1,	11,	0,	0,	'',	0,	NULL,	0,	0,	0),
(445,	'city_targeting_is_active',	'i18n::field-city_targeting_is_active',	1,	1,	0,	1,	NULL,	0,	0,	'',	0,	NULL,	0,	0,	0),
(446,	'priority',	'i18n::field-order-status-priority',	0,	10,	0,	1,	NULL,	0,	0,	'',	0,	NULL,	0,	0,	0),
(447,	'image',	'i18n::field-izobrazhenie',	1,	9,	0,	1,	NULL,	0,	0,	'',	0,	NULL,	0,	0,	1),
(448,	'width',	'i18n::field-width',	1,	10,	0,	1,	NULL,	0,	0,	'',	0,	NULL,	0,	0,	0),
(449,	'height',	'i18n::field-height',	1,	10,	0,	1,	NULL,	0,	0,	'',	0,	NULL,	0,	0,	0),
(450,	'alt',	'i18n::field-alt',	1,	20,	0,	1,	NULL,	0,	0,	'',	0,	NULL,	0,	0,	0),
(451,	'swf',	'i18n::field-swf',	1,	21,	0,	1,	NULL,	0,	0,	'',	0,	NULL,	0,	0,	1),
(452,	'swf_quality',	'i18n::field-swf_quality',	1,	18,	0,	1,	9,	0,	0,	'',	0,	NULL,	0,	0,	0),
(453,	'html_content',	'i18n::field-html_content',	1,	26,	0,	1,	NULL,	0,	0,	'',	0,	NULL,	0,	0,	1),
(454,	'picture',	'i18n::field-picture',	0,	9,	0,	1,	NULL,	0,	0,	'',	0,	NULL,	0,	0,	1),
(455,	'is_hidden',	'i18n::field-is_hidden',	0,	1,	0,	1,	NULL,	0,	0,	'',	0,	NULL,	0,	0,	0),
(456,	'format',	'i18n::field-export_format',	0,	18,	0,	0,	36,	0,	0,	'Формат, в который будут перобразованы данные из UMI.CMS',	1,	NULL,	0,	0,	1),
(457,	'elements',	'i18n::field-included_site_sections',	0,	22,	0,	0,	NULL,	0,	0,	'Если формат экспорта поддерживает данную функцию, будут экспортированы только выбранные разделы',	0,	NULL,	0,	0,	1),
(458,	'excluded_elements',	'i18n::field-excluded_elements',	0,	22,	0,	0,	NULL,	0,	1,	'Если формат экспорта поддерживает данную функцию, выбранные разделы экспортированы не будут',	0,	NULL,	0,	0,	1),
(459,	'cache_time',	'i18n::field-cache_time',	0,	10,	0,	0,	NULL,	0,	0,	'Если задано, то результат будет закеширован на указанное кол-во минут',	0,	NULL,	0,	0,	0),
(460,	'source_name',	'i18n::field-source_name',	0,	20,	0,	0,	NULL,	0,	0,	'Здесь можно задать имя ресурса для обмена данными, чтобы внешние идентификаторы сущностей были привязаны к нему.',	0,	NULL,	0,	0,	0),
(461,	'encoding_export',	'i18n::field-encoding_import',	0,	18,	0,	0,	26,	0,	0,	'Кодировка, в которой будут экспортированы данные',	0,	NULL,	0,	0,	0),
(462,	'format',	'i18n::field-data_format',	0,	18,	0,	0,	35,	0,	0,	'Формат импотрируемых данных',	1,	NULL,	0,	0,	1),
(463,	'file',	'i18n::field-data_file',	0,	7,	0,	0,	NULL,	0,	0,	'',	1,	NULL,	0,	0,	1),
(464,	'elements',	'i18n::field-site_section_export',	0,	22,	0,	0,	NULL,	0,	0,	'Если формат импорта поддерживает данную функцию, данные будут импортированы в указанный раздел',	0,	NULL,	0,	0,	1),
(465,	'encoding_import',	'i18n::field-encoding_import',	0,	18,	0,	0,	26,	0,	0,	'Кодировка импортируемых данных',	0,	NULL,	0,	0,	0),
(466,	'source_name',	'i18n::field-source_name',	0,	20,	0,	0,	NULL,	0,	0,	'Здесь можно задать имя ресурса для обмена данными, чтобы внешние идентификаторы сущностей были привязаны к нему.',	0,	NULL,	0,	0,	0),
(467,	'fs_file',	'i18n::field-fs_file',	1,	7,	0,	1,	NULL,	0,	0,	'',	0,	NULL,	0,	0,	1),
(468,	'downloads_counter',	'i18n::field-downloads_counter',	1,	10,	0,	1,	NULL,	0,	0,	'',	0,	NULL,	0,	0,	0),
(469,	'custom_id',	'i18n::field-sid',	1,	20,	0,	0,	NULL,	0,	0,	'',	0,	NULL,	0,	0,	1),
(470,	'lang_id',	'i18n::field-lang_id',	1,	10,	0,	0,	NULL,	0,	0,	'',	1,	NULL,	0,	0,	1),
(471,	'domain_id',	'i18n::field-domain_name',	1,	5,	0,	0,	NULL,	0,	0,	'',	1,	NULL,	0,	0,	1),
(472,	'appoint_service_choice_title',	'i18n::field-appoint-service-choice-title',	1,	20,	0,	1,	NULL,	0,	0,	'',	0,	NULL,	0,	0,	1),
(473,	'appoint_hint_step_text',	'i18n::field-appoint-hint-step-text',	1,	20,	0,	1,	NULL,	0,	0,	'',	0,	NULL,	0,	0,	1),
(474,	'appoint_personal_step_title',	'i18n::field-appoint-personal-step-title',	1,	20,	0,	1,	NULL,	0,	0,	'',	0,	NULL,	0,	0,	1),
(475,	'appoint_personal_choice_title',	'i18n::field-appoint-personal-choice-title',	1,	20,	0,	1,	NULL,	0,	0,	'',	0,	NULL,	0,	0,	1),
(476,	'appoint_dont_care_button',	'i18n::field-appoint-dont-care-button',	1,	20,	0,	1,	NULL,	0,	0,	'',	0,	NULL,	0,	0,	1),
(477,	'appoint_dont_care_hint',	'i18n::field-appoint-dont-care-hint',	1,	20,	0,	1,	NULL,	0,	0,	'',	0,	NULL,	0,	0,	1),
(478,	'appoint_date_step_title',	'i18n::field-appoint-date-step-title',	1,	20,	0,	1,	NULL,	0,	0,	'',	0,	NULL,	0,	0,	1),
(479,	'appoint_date_choice_title',	'i18n::field-appoint-date-choice-title',	1,	20,	0,	1,	NULL,	0,	0,	'',	0,	NULL,	0,	0,	1),
(480,	'appoint_confirm_step_title',	'i18n::field-appoint-confirm-step-title',	1,	20,	0,	1,	NULL,	0,	0,	'',	0,	NULL,	0,	0,	1),
(481,	'appoint_book_time_button',	'i18n::field-appoint-book-time-button',	1,	20,	0,	1,	NULL,	0,	0,	'',	0,	NULL,	0,	0,	1),
(482,	'appoint_book_time_hint',	'i18n::field-appoint-book-time-hint',	1,	20,	0,	1,	NULL,	0,	0,	'',	0,	NULL,	0,	0,	1),
(483,	'order_comments',	'dizzy_order_comment',	0,	24,	0,	1,	NULL,	0,	0,	'',	0,	NULL,	0,	0,	0),
(484,	'fm_prefix',	'i18n::field-prefix',	1,	20,	0,	1,	NULL,	0,	0,	'',	0,	NULL,	0,	0,	0),
(485,	'filemanager',	'i18n::field-filemanager',	1,	18,	0,	0,	126,	0,	0,	'',	0,	NULL,	0,	0,	0),
(486,	'info_page',	'i18n::field-info-page',	0,	1,	0,	1,	NULL,	0,	0,	'',	0,	NULL,	0,	0,	0),
(487,	'old_price',	'Старая цена',	0,	17,	0,	1,	NULL,	0,	0,	'',	0,	NULL,	0,	0,	0),
(488,	'description',	'i18n::field-description',	0,	26,	0,	1,	NULL,	1,	0,	'',	0,	NULL,	0,	0,	1),
(489,	'recommended_items',	'i18n::field-similar-items',	0,	22,	0,	1,	NULL,	0,	0,	'',	0,	NULL,	0,	0,	0),
(490,	'photos',	'Дополнительные фотографии товара',	0,	12,	0,	1,	NULL,	0,	0,	'',	0,	NULL,	0,	0,	0),
(491,	'furnish',	'i18n::field-decoration',	0,	15,	0,	1,	127,	0,	0,	'',	0,	NULL,	0,	0,	0),
(492,	'best_offers',	'i18n::field-best-offers',	0,	1,	0,	1,	NULL,	0,	0,	'',	0,	NULL,	0,	0,	0),
(493,	'new',	'Новинка',	0,	1,	0,	1,	NULL,	0,	0,	'',	0,	NULL,	0,	0,	0),
(494,	'weight',	'i18n::field-weight',	0,	8,	0,	1,	NULL,	0,	1,	'',	0,	NULL,	0,	0,	0),
(495,	'cvet',	'i18n::field-color',	0,	18,	0,	1,	128,	0,	1,	'',	0,	NULL,	0,	0,	0),
(496,	'shirina',	'i18n::field-width',	0,	10,	0,	1,	NULL,	0,	1,	'',	0,	NULL,	0,	0,	0),
(497,	'vysota',	'i18n::field-height',	0,	10,	0,	1,	NULL,	0,	1,	'',	0,	NULL,	0,	0,	0),
(498,	'glubina',	'i18n::field-depth',	0,	10,	0,	1,	NULL,	0,	1,	'',	0,	NULL,	0,	0,	0),
(499,	'zvuk',	'i18n::field-sound',	0,	18,	0,	1,	129,	0,	1,	'',	0,	NULL,	0,	0,	0),
(500,	'kolichestvo_podklyuchenij',	'i18n::field-tv-connections-count',	0,	10,	0,	1,	NULL,	0,	1,	'',	0,	NULL,	0,	0,	0),
(501,	'nositeli',	'i18n::field-drives',	0,	19,	0,	1,	131,	0,	1,	'',	0,	NULL,	0,	0,	0),
(502,	'vozmozhnost_zapisi',	'i18n::field-record-option',	0,	1,	0,	1,	NULL,	0,	1,	'',	0,	NULL,	0,	0,	0),
(503,	'udachno_sochetaetsya_s',	'dizzy_usually_buy',	0,	22,	0,	1,	NULL,	0,	1,	'',	0,	NULL,	0,	0,	0),
(504,	'diametr_sm',	'i18n::field-diameter',	0,	10,	0,	1,	NULL,	0,	1,	'',	0,	NULL,	0,	0,	0),
(505,	'circle_square',	'i18n::field-disk-area',	0,	10,	0,	1,	NULL,	0,	0,	'',	0,	7,	0,	0,	0),
(506,	'diagonal',	'i18n::field-diagonal',	0,	18,	0,	1,	134,	0,	1,	'',	0,	NULL,	0,	0,	0),
(507,	'ekran',	'i18n::field-screen',	0,	18,	0,	1,	135,	0,	1,	'',	0,	NULL,	0,	0,	0),
(508,	'yarkost',	'i18n::field-brightness',	0,	18,	0,	1,	136,	0,	1,	'',	0,	NULL,	0,	0,	0),
(509,	'zawita_ot_detej',	'i18n::field-child-proof',	0,	1,	0,	1,	NULL,	0,	1,	'',	0,	NULL,	0,	0,	0),
(510,	'nastennoe_kreplenie',	'i18n::field-wall-mounting',	0,	15,	0,	1,	137,	0,	0,	'',	0,	NULL,	0,	0,	0),
(511,	'operacionnaya_sistema',	'i18n::field-os',	0,	18,	0,	1,	139,	0,	1,	'',	0,	NULL,	0,	0,	0),
(512,	'vremya_dejstviya_ot_akb',	'i18n::field-battery-life',	0,	10,	0,	1,	NULL,	0,	1,	'',	0,	NULL,	0,	0,	0),
(513,	'background',	'Фон сайта',	0,	9,	0,	1,	NULL,	0,	0,	'',	0,	NULL,	0,	0,	0),
(514,	'phone',	'i18n::field-store-phone',	0,	20,	0,	1,	NULL,	0,	0,	'Номер телефона, который будет отображаться на всех страницах сайта',	0,	NULL,	0,	0,	0),
(515,	'order_info_top',	'i18n::field-orders-hours',	0,	26,	0,	1,	NULL,	0,	0,	'Будет виден на каждой странице в шапке',	0,	NULL,	0,	0,	0),
(516,	'order_info_left',	'i18n::field-orders-reseption-info',	0,	26,	0,	1,	NULL,	0,	0,	'Отображается на всех страницах в левой колонке',	0,	NULL,	0,	0,	0),
(517,	'payment_info_left',	'i18n::field-payment-info',	0,	26,	0,	1,	NULL,	0,	0,	'Отображается на всех страницах в левой колонке',	0,	NULL,	0,	0,	0),
(518,	'site_logo',	'i18n::field-site-logo',	0,	9,	0,	1,	NULL,	0,	0,	'Логотип сайта, который будет виден на всех страницах в левом верхнем углу',	0,	NULL,	0,	0,	0),
(519,	'site_theme',	'i18n::field-template-theme',	0,	18,	0,	1,	141,	0,	0,	'',	0,	NULL,	0,	0,	0),
(520,	'typepost',	'field-typepost',	0,	18,	0,	1,	15,	0,	0,	'',	1,	NULL,	0,	0,	0),
(521,	'setpostvalue',	'field-setpostvalue',	0,	1,	0,	1,	NULL,	0,	0,	'',	0,	NULL,	0,	0,	0),
(522,	'departure_city',	'field-departure_city',	1,	18,	0,	1,	11,	0,	0,	'Для EMS',	0,	NULL,	0,	0,	0),
(523,	'yandex_pc',	'i18n::field-yandex_pc',	0,	1,	0,	1,	NULL,	0,	0,	'',	0,	NULL,	0,	0,	0),
(524,	'yandex_gp_svzny',	'i18n::field-yandex_gp_svzny',	0,	1,	0,	1,	NULL,	0,	0,	'',	0,	NULL,	0,	0,	0),
(525,	'yandex_ac',	'i18n::field-yandex_ac',	0,	1,	0,	1,	NULL,	0,	0,	'',	0,	NULL,	0,	0,	0),
(526,	'yandex_gp_eurst',	'i18n::field-yandex_gp_eurst',	0,	1,	0,	1,	NULL,	0,	0,	'',	0,	NULL,	0,	0,	0),
(527,	'yandex_mc',	'i18n::field-yandex_mc',	0,	1,	0,	1,	NULL,	0,	0,	'',	0,	NULL,	0,	0,	0),
(528,	'yandex_gp_other',	'i18n::field-yandex_gp_other',	0,	1,	0,	1,	NULL,	0,	0,	'',	0,	NULL,	0,	0,	0),
(529,	'name',	'i18n::field-fname',	0,	20,	0,	1,	NULL,	0,	0,	'',	1,	NULL,	0,	0,	1),
(530,	'phone',	'i18n::field-phone_n',	0,	20,	0,	1,	NULL,	0,	0,	'',	1,	NULL,	0,	0,	1),
(531,	'comment',	'Комментарий',	0,	20,	0,	1,	NULL,	0,	0,	'',	0,	NULL,	0,	0,	0);

DROP TABLE IF EXISTS `cms3_object_fields_restrictions`;
CREATE TABLE `cms3_object_fields_restrictions` (
  `id` int(10) unsigned NOT NULL AUTO_INCREMENT,
  `class_prefix` varchar(64) DEFAULT NULL,
  `title` varchar(255) DEFAULT NULL,
  `field_type_id` int(10) unsigned NOT NULL,
  PRIMARY KEY (`id`),
  KEY `Field restriction to field type relation_FK` (`field_type_id`),
  CONSTRAINT `FK_Field restriction to field type relation` FOREIGN KEY (`field_type_id`) REFERENCES `cms3_object_field_types` (`id`) ON DELETE CASCADE ON UPDATE CASCADE
) ENGINE=InnoDB DEFAULT CHARSET=utf8;

INSERT INTO `cms3_object_fields_restrictions` (`id`, `class_prefix`, `title`, `field_type_id`) VALUES
(1,	'systemDomain',	'Домен системы',	10),
(2,	'objectType',	'Тип данных',	10),
(3,	'email',	'E-mail',	20),
(4,	'httpUrl',	'Web-адрес',	20),
(5,	'webFormMessage',	'Сообщение вебформы',	26),
(6,	'discount',	'Размер скидки',	8),
(7,	'circleSquare',	'Площадь круга',	10);

DROP TABLE IF EXISTS `cms3_object_field_groups`;
CREATE TABLE `cms3_object_field_groups` (
  `id` int(10) unsigned NOT NULL AUTO_INCREMENT,
  `name` varchar(64) DEFAULT NULL,
  `title` varchar(255) DEFAULT NULL,
  `type_id` int(10) unsigned DEFAULT NULL,
  `is_active` tinyint(1) DEFAULT NULL,
  `is_visible` tinyint(1) DEFAULT NULL,
  `ord` int(11) DEFAULT NULL,
  `is_locked` tinyint(1) DEFAULT 0,
  `tip` varchar(4096) DEFAULT NULL,
  PRIMARY KEY (`id`),
  KEY `Group to type relation_FK` (`type_id`),
  KEY `ord` (`ord`),
  KEY `name` (`name`),
  KEY `title` (`title`),
  KEY `is_active` (`is_active`),
  KEY `is_visible` (`is_visible`),
  KEY `is_locked` (`is_locked`),
  CONSTRAINT `FK_Group to type relation` FOREIGN KEY (`type_id`) REFERENCES `cms3_object_types` (`id`) ON DELETE CASCADE ON UPDATE CASCADE
) ENGINE=InnoDB DEFAULT CHARSET=utf8;

INSERT INTO `cms3_object_field_groups` (`id`, `name`, `title`, `type_id`, `is_active`, `is_visible`, `ord`, `is_locked`, `tip`) VALUES
(1,	'svojstva_statusa_stranicy',	'i18n::fields-group-svojstva_statusa_stranicy',	2,	1,	1,	5,	0,	''),
(2,	'common',	'i18n::fields-group-common',	3,	1,	0,	5,	1,	'Основные настройки страницы'),
(3,	'menu_view',	'i18n::fields-group-menu_view',	3,	1,	0,	10,	1,	''),
(4,	'more_params',	'i18n::fields-group-more_params',	3,	1,	0,	15,	1,	'Настройки отображения страницы и её поисковой индексации'),
(5,	'rate_props',	'i18n::fields-group-rate_props',	3,	1,	0,	20,	1,	''),
(6,	'svojstva_publikacii',	'i18n::fields-group-svojstva_publikacii',	3,	0,	1,	25,	1,	'Управление статусом публикации'),
(7,	'locks',	'i18n::fields-group-locks',	3,	1,	1,	30,	1,	''),
(8,	'common',	'i18n::fields-group-news-rss-source-charset-common',	6,	1,	1,	5,	0,	''),
(9,	'common',	'i18n::fields-group-common',	7,	1,	0,	5,	0,	'Основные настройки ленты новостей'),
(10,	'menu_view',	'i18n::fields-group-menu_view',	7,	1,	0,	10,	0,	''),
(11,	'more_params',	'i18n::fields-group-more_params',	7,	1,	0,	15,	0,	'Настройки отображения страницы и её поисковой индексации'),
(12,	'rate_voters',	'i18n::fields-group-rate_voters',	7,	1,	0,	20,	0,	''),
(13,	'svojstva_publikacii',	'i18n::fields-group-svojstva_publikacii',	7,	0,	1,	25,	1,	'Управление статусом публикации'),
(14,	'locks',	'i18n::fields-group-locks',	7,	1,	1,	30,	1,	''),
(15,	'common',	'i18n::fields-group-common',	8,	1,	1,	5,	0,	''),
(16,	'props',	'i18n::fields-group-props',	9,	1,	1,	5,	0,	''),
(17,	'params_more',	'i18n::fields-group-dopolnitelno',	10,	1,	1,	5,	0,	'Страна в формате ISO 3166-1 alpha-2'),
(18,	'common',	'i18n::fields-group-common',	14,	1,	1,	5,	0,	''),
(19,	'common',	'i18n::fields-group-common',	15,	1,	1,	5,	0,	''),
(20,	'additional',	'i18n::fields-group-grp_disp_msg_extended',	16,	1,	1,	5,	0,	'Порядковый номер дня недели (1 (Понедельник) - 7 (Воскресение))'),
(21,	'additional',	'i18n::fields-group-grp_disp_msg_extended',	17,	1,	1,	5,	0,	'Порядковый номер дня недели (1 (Понедельник) - 7 (Воскресение))'),
(22,	'params',	'i18n::fields-group-dopolnitelno',	19,	1,	1,	5,	0,	''),
(23,	'common',	'i18n::fields-group-common',	20,	1,	1,	5,	1,	''),
(24,	'props_currency',	'i18n::fields-group-currency_props',	21,	1,	1,	5,	0,	'Общие настройки валюты'),
(25,	'credit_status_props',	'i18n::fields-group-credit-status-props',	22,	1,	1,	5,	0,	''),
(26,	'common',	'i18n::fields-group-emarket-mobile-devices-common',	23,	1,	1,	5,	1,	''),
(27,	'common',	'i18n::fields-group-emarket-mobile-devices-common',	24,	1,	1,	5,	0,	''),
(28,	'personal',	'i18n::fields-group-personal_info',	25,	1,	1,	5,	1,	''),
(29,	'common',	'i18n::fields-group-common_group',	27,	1,	1,	5,	1,	''),
(30,	'common',	'common',	28,	1,	1,	5,	0,	''),
(31,	'common',	'common',	29,	1,	1,	5,	0,	''),
(32,	'discount_type_props',	'i18n::fields-group-discount_type_props',	30,	1,	1,	5,	0,	''),
(33,	'discount_modificator_type_props',	'i18n::fields-group-discount_modificator_type_props',	31,	1,	1,	5,	0,	''),
(34,	'discount_modificator_props',	'i18n::fields-group-discount_modificator_props',	32,	1,	1,	5,	0,	''),
(35,	'discount_rule_type_props',	'i18n::fields-group-discount_rule_type_props',	33,	1,	1,	5,	0,	''),
(36,	'discount_rule_props',	'i18n::fields-group-discount_rule_props',	34,	1,	1,	5,	0,	''),
(37,	'common',	'i18n::fields-group-props',	35,	1,	1,	5,	0,	'Служит для связи с обработчиками, заполняется разработчиком импотрера'),
(38,	'common',	'i18n::fields-group-props',	36,	1,	1,	5,	0,	'Служит для связи с обработчиками, заполняется разработчиком импотрера'),
(39,	'network_system_props',	'i18n::fields-group-service-properties',	37,	1,	1,	5,	0,	''),
(40,	'props',	'i18n::fields-group-props',	38,	1,	1,	5,	1,	'Здесь в дополнение к разделам каталога, можно выбрать, какие страницы нужно показывать в социальной сети'),
(41,	'pages',	'i18n::fields-group-site_parts',	38,	1,	1,	10,	1,	'Здесь в дополнение к разделам каталога, можно выбрать, какие страницы нужно показывать в социальной сети'),
(42,	'network_system_props',	'i18n::fields-group-service-properties',	38,	1,	1,	15,	0,	'Настройки интеграции интернет-магазина с социальными сетями'),
(43,	'svojstva_gruppy_polzovatelej',	'i18n::fields-group-svojstva_gruppy_polzovatelej',	39,	1,	0,	5,	1,	'Общие настройки группы пользователей'),
(44,	'common',	'specify_delivery_address',	40,	1,	1,	5,	0,	''),
(45,	'item_type_props',	'i18n::fields-group-item_type_props',	41,	1,	1,	5,	0,	''),
(46,	'discount_props',	'i18n::fields-group-discount_props',	42,	1,	1,	5,	0,	'Определяет область применения скидки'),
(47,	'item_props',	'i18n::fields-group-order_item_props',	44,	1,	1,	5,	0,	'Размер скидки на наименование заказа'),
(48,	'item_optioned_props',	'i18n::fields-group-item_optioned_props',	44,	1,	1,	10,	0,	''),
(49,	'trade_offers',	'i18n::fields-group-trade-offers',	44,	1,	1,	15,	0,	'Торговое предложение товарного наименования'),
(50,	'order_status_props',	'i18n::fields-group-order_status_props',	45,	1,	1,	5,	0,	''),
(51,	'payment_type_props',	'i18n::fields-group-payment_type_props',	46,	1,	1,	5,	0,	''),
(52,	'payment_props',	'i18n::fields-group-payment_props',	47,	1,	1,	5,	0,	'Общие настройки способа оплаты'),
(53,	'order_status_props',	'i18n::fields-group-payment_status_props',	48,	1,	1,	5,	0,	''),
(54,	'general',	'i18n::fields-group-osnovnoe',	49,	1,	1,	5,	0,	''),
(55,	'addresses',	'i18n::fields-group-addresses',	49,	1,	1,	10,	0,	''),
(56,	'payment',	'i18n::fields-group-payment_info',	49,	1,	1,	15,	0,	''),
(57,	'delivery_type_props',	'i18n::fields-group-delivery_type_props',	50,	1,	1,	5,	0,	''),
(58,	'delivery_description_props',	'i18n::fields-group-delivery_description',	51,	1,	1,	5,	0,	'Если установлено - не будет отображаться на сайте'),
(59,	'order_status_props',	'i18n::fields-group-delivery_status_props',	52,	1,	1,	5,	0,	''),
(60,	'order_props',	'i18n::fields-group-order_props',	53,	1,	1,	5,	0,	'Дата, когда заказ был оформлен покупателем'),
(61,	'order_credit_props',	'i18n::fields-group-credit',	53,	1,	1,	10,	0,	''),
(62,	'statistic_info',	'i18n::fields-group-statistic_data',	53,	1,	1,	15,	0,	'Поведенческие данные о покупателе. Используются для анализа эффективности различных каналов продвижения. Получить общую статистику по всем заказам или сделать выборку можно в модуле «Интернет-магазин» —> вкладка «Статистика»'),
(63,	'order_payment_props',	'i18n::fields-group-order_payment_props',	53,	1,	1,	20,	0,	'Дата успешной оплаты заказа'),
(64,	'order_delivery_props',	'i18n::fields-group-order_delivery_props',	53,	1,	1,	25,	0,	'Заполняется системой автоматически, когда возможна доставка и заказ успешно оплачен'),
(65,	'order_discount_props',	'i18n::fields-group-order_discount_props',	53,	1,	1,	30,	0,	''),
(66,	'integration_date',	'i18n::fields-group-intergation_props',	53,	1,	1,	35,	0,	'Выставляется системой автоматически, когда заказ необходимо выгрузить в 1С'),
(67,	'purchase_one_click',	'i18n::fields-group-purchase_one_click',	53,	1,	1,	40,	0,	''),
(68,	'idetntify_data',	'i18n::fields-group-idetntify_data',	54,	1,	0,	5,	1,	'Адрес сервиса'),
(69,	'more_info',	'i18n::fields-group-more_info',	54,	1,	1,	10,	0,	'Список доступных пользователю директорий. В качестве разделителя используется запятая - например: /image/cms, /files.'),
(70,	'short_info',	'i18n::fields-group-short_info',	54,	1,	1,	15,	0,	'Это поле содержит Имя пользователя. Оно отображается в характеристиках пользователя и может быть изменено самим пользователем.'),
(71,	'delivery',	'i18n::fields-group-trans_deliver',	54,	1,	1,	20,	0,	''),
(72,	'statistic_info',	'i18n::fields-group-statistic_data',	54,	1,	1,	25,	0,	'Статистические данные о поведении пользователя на сайте'),
(73,	'store_props',	'i18n::fields-group-store_props',	55,	1,	1,	5,	0,	'Основной склад, с которого будут списываться товары при покупке, и с которым будет синхронизироваться 1C'),
(74,	'discount_modificator_props',	'i18n::fields-group-discount_modificator_props',	56,	1,	1,	5,	0,	'Настройка размера скидки'),
(75,	'discount_rule_props',	'i18n::fields-group-discount_rule_props',	57,	1,	1,	5,	0,	'Пользователи, которым будет доступна скидка'),
(76,	'common',	'i18n::fields-group-emarket-mobile-devices-common',	58,	1,	1,	5,	0,	'Основные настройки меню'),
(77,	'common',	'i18n::fields-group-common',	60,	1,	0,	5,	1,	'Основные настройки новости'),
(78,	'item_props',	'i18n::fields-group-item_props',	60,	1,	0,	10,	1,	'Основные свойства публикации новости'),
(79,	'menu_view',	'i18n::fields-group-menu_view',	60,	1,	0,	15,	1,	''),
(80,	'more_params',	'i18n::fields-group-more_params',	60,	1,	0,	20,	1,	'Настройки отображения страницы и её поисковой индексации'),
(81,	'news_images',	'i18n::fields-group-news_images',	60,	1,	1,	25,	0,	'Управление изображениями новости'),
(82,	'subjects_block',	'i18n::fields-group-subjects_block',	60,	1,	1,	30,	1,	'Сюжеты служат для группировки новостей по тематикам. Список последних новостей, связанных с данной по сюжету, можно вывести при помощи макроса <a target=\"_blank\" href=\"http://dev.docs.umi-cms.ru/spravochnik_makrosov_umicms/novosti/news_related_links/\">news related_links()</a>'),
(83,	'rate_voters',	'i18n::fields-group-rate_voters',	60,	1,	0,	35,	1,	''),
(84,	'svojstva_publikacii',	'i18n::fields-group-svojstva_publikacii',	60,	0,	1,	40,	1,	'Управление статусом публикации'),
(85,	'locks',	'i18n::fields-group-locks',	60,	1,	1,	45,	1,	''),
(86,	'common',	'i18n::fields-group-common',	61,	1,	0,	5,	1,	'Основные настройки страницы'),
(87,	'menu_view',	'i18n::fields-group-menu_view',	61,	1,	0,	10,	1,	''),
(88,	'more_params',	'i18n::fields-group-more_params',	61,	1,	0,	15,	1,	'Настройки отображения страницы и её поисковой индексации'),
(89,	'rate_voters',	'i18n::fields-group-rate_voters',	61,	1,	0,	20,	1,	''),
(90,	'svojstva_publikacii',	'i18n::fields-group-svojstva_publikacii',	61,	0,	1,	25,	1,	'Управление статусом публикации'),
(91,	'locks',	'i18n::fields-group-locks',	61,	1,	1,	30,	1,	''),
(92,	'props',	'i18n::fields-group-props',	62,	1,	1,	5,	0,	''),
(93,	'common',	'i18n::fields-group-common',	63,	1,	0,	5,	1,	'Основные настройки блога'),
(94,	'menu_view',	'i18n::fields-group-menu_view',	63,	1,	0,	10,	1,	''),
(95,	'more_params',	'i18n::fields-group-more_params',	63,	1,	0,	15,	1,	'Настройки отображения страницы и её поисковой индексации'),
(96,	'rate_props',	'i18n::fields-group-rate_props',	63,	1,	0,	20,	1,	''),
(97,	'props',	'i18n::fields-group-props',	64,	1,	1,	5,	1,	'Основная информация об авторе'),
(98,	'common',	'i18n::fields-group-common',	65,	1,	0,	5,	1,	'Идентификатор автора комментария'),
(99,	'rate_props',	'i18n::fields-group-rate_props',	65,	1,	0,	10,	1,	''),
(100,	'antispam',	'i18n::fields-group-antispam',	65,	1,	1,	15,	0,	'Пометка «Спам» скрывает нежелательные комментарии из блога'),
(101,	'common',	'i18n::fields-group-common',	66,	1,	0,	5,	1,	'Основные настройки поста блога'),
(102,	'menu_view',	'i18n::fields-group-menu_view',	66,	1,	0,	10,	1,	''),
(103,	'more_params',	'i18n::fields-group-more_params',	66,	1,	0,	15,	1,	'Настройки отображения страницы и её поисковой индексации'),
(104,	'rate_props',	'i18n::fields-group-rate_props',	66,	1,	0,	20,	1,	''),
(105,	'svojstva_publikacii',	'i18n::fields-group-svojstva_publikacii',	66,	0,	1,	25,	1,	'Управление статусом публикации'),
(106,	'locks',	'i18n::fields-group-locks',	66,	1,	1,	30,	1,	''),
(107,	'privacy',	'i18n::fields-group-privacy',	66,	1,	1,	35,	0,	'Настройки видимости поста для авторов и пользователей'),
(108,	'antispam',	'i18n::fields-group-antispam',	66,	1,	1,	40,	0,	'Пометка «Спам» скрывает нежелательные посты из блога'),
(109,	'common',	'i18n::fields-group-common',	67,	1,	0,	5,	1,	'Основные настройки конференции'),
(110,	'menu_view',	'i18n::fields-group-menu_view',	67,	1,	0,	10,	1,	''),
(111,	'more_params',	'i18n::fields-group-more_params',	67,	1,	0,	15,	1,	'Настройки отображения страницы и её поисковой индексации'),
(112,	'rate_voters',	'i18n::fields-group-rate_voters',	67,	1,	0,	20,	1,	''),
(113,	'svojstva_publikacii',	'i18n::fields-group-svojstva_publikacii',	67,	0,	1,	25,	1,	'Управление статусом публикации'),
(114,	'locks',	'i18n::fields-group-locks',	67,	1,	1,	30,	1,	''),
(115,	'common',	'i18n::fields-group-common',	68,	1,	0,	5,	1,	'Основные настройки топика'),
(116,	'menu_view',	'i18n::fields-group-menu_view',	68,	1,	0,	10,	1,	''),
(117,	'more_params',	'i18n::fields-group-more_params',	68,	1,	0,	15,	1,	'Настройки отображения страницы и её поисковой индексации'),
(118,	'topic_props',	'i18n::fields-group-topic_props',	68,	1,	0,	20,	1,	'Свойства публикации топика'),
(119,	'rate_voters',	'i18n::fields-group-rate_voters',	68,	1,	0,	25,	1,	''),
(120,	'svojstva_publikacii',	'i18n::fields-group-svojstva_publikacii',	68,	0,	1,	30,	1,	'Управление статусом публикации'),
(121,	'locks',	'i18n::fields-group-locks',	68,	1,	1,	35,	1,	''),
(122,	'common',	'i18n::fields-group-common',	69,	1,	0,	5,	1,	'Основные настройки сообщения форума'),
(123,	'menu_view',	'i18n::fields-group-menu_view',	69,	1,	0,	10,	1,	''),
(124,	'more_params',	'i18n::fields-group-more_params',	69,	1,	0,	15,	1,	'Настройки отображения страницы и её поисковой индексации'),
(125,	'message_props',	'i18n::fields-group-message_props',	69,	1,	0,	20,	1,	'Свойства публикации сообщения'),
(126,	'rate_voters',	'i18n::fields-group-rate_voters',	69,	1,	0,	25,	1,	''),
(127,	'svojstva_publikacii',	'i18n::fields-group-svojstva_publikacii',	69,	0,	1,	30,	1,	'Управление статусом публикации'),
(128,	'locks',	'i18n::fields-group-locks',	69,	1,	1,	35,	1,	''),
(129,	'common',	'i18n::fields-group-common',	70,	1,	0,	5,	1,	'Основные настройки комментария'),
(130,	'menu_view',	'i18n::fields-group-menu_view',	70,	1,	0,	10,	1,	''),
(131,	'more_params',	'i18n::fields-group-more_params',	70,	1,	0,	15,	1,	'Настройки отображения страницы и её поисковой индексации'),
(132,	'comment_props',	'i18n::fields-group-comment_props',	70,	1,	0,	20,	1,	'Свойства публикации комментария'),
(133,	'rate_voters',	'i18n::fields-group-rate_voters',	70,	1,	0,	25,	1,	''),
(134,	'svojstva_publikacii',	'i18n::fields-group-svojstva_publikacii',	70,	0,	1,	30,	1,	'Управление статусом публикации'),
(135,	'locks',	'i18n::fields-group-locks',	70,	1,	1,	35,	1,	''),
(136,	'antispam',	'i18n::fields-group-antispam',	70,	1,	1,	40,	0,	'Пометив нежелательные комментарии как спам, вы сможете их отфильтровать для выполнения групповых операций — например, удалить комментарии или/и блокировать автора'),
(137,	'common_props',	'i18n::fields-group-common_props',	71,	1,	1,	5,	1,	''),
(138,	'common',	'i18n::fields-group-common',	72,	1,	0,	5,	1,	'Основные настройки опроса'),
(139,	'menu_view',	'i18n::fields-group-menu_view',	72,	1,	0,	10,	1,	''),
(140,	'more_params',	'i18n::fields-group-more_params',	72,	1,	0,	15,	1,	'Настройки отображения страницы и её поисковой индексации'),
(141,	'poll_props',	'i18n::fields-group-poll_props',	72,	1,	0,	20,	1,	'Настройки опроса'),
(142,	'rate_voters',	'i18n::fields-group-rate_voters',	72,	1,	0,	25,	1,	''),
(143,	'svojstva_publikacii',	'i18n::fields-group-svojstva_publikacii',	72,	0,	1,	30,	1,	'Управление статусом публикации'),
(144,	'locks',	'i18n::fields-group-locks',	72,	1,	1,	35,	1,	''),
(145,	'common',	'i18n::fields-group-common',	73,	1,	0,	5,	1,	'Основные настройки страницы'),
(146,	'menu_view',	'i18n::fields-group-menu_view',	73,	1,	0,	10,	1,	''),
(147,	'more_params',	'i18n::fields-group-more_params',	73,	1,	0,	15,	1,	'Настройки отображения страницы и её поисковой индексации'),
(148,	'rate_props',	'i18n::fields-group-rate_props',	73,	1,	0,	20,	1,	''),
(149,	'svojstva_publikacii',	'i18n::fields-group-svojstva_publikacii',	73,	0,	1,	25,	1,	'Управление статусом публикации'),
(150,	'locks',	'i18n::fields-group-locks',	73,	1,	1,	30,	1,	''),
(151,	'binding',	'i18n::fields-group-Binding',	73,	1,	0,	35,	0,	'Привязать к этой странице форму обратной связи'),
(152,	'sendingdata',	'i18n::fields-group-SendingData',	74,	1,	0,	5,	1,	''),
(153,	'templates',	'i18n::fields-group-Templates',	75,	1,	1,	5,	1,	'Настройки шаблона письма, которое получит администратор сайта при отправке пользователем сообщения через форму обратной связи'),
(154,	'auto_reply',	'i18n::fields-group-auto_reply',	75,	1,	1,	10,	1,	'Настройки шаблона автоответа, который получит пользователь при отправке сообщения через форму обратной связи'),
(155,	'messages',	'i18n::fields-group-messages',	75,	1,	1,	15,	1,	'Сообщение, которое будет отображаться на странице успешной отправки формы обратной связи'),
(156,	'binding',	'i18n::fields-group-Binding',	75,	1,	0,	20,	1,	'Привязка шаблона автоответа к форме обратной связи'),
(157,	'list',	'i18n::fields-group-list',	76,	1,	1,	5,	0,	'Списки адресов получателей формы'),
(158,	'common',	'i18n::fields-group-common',	77,	1,	0,	5,	1,	'Основные настройки фотоальбома'),
(159,	'menu_view',	'i18n::fields-group-menu_view',	77,	1,	0,	10,	1,	''),
(160,	'more_params',	'i18n::fields-group-more_params',	77,	1,	0,	15,	1,	'Настройки отображения страницы и её поисковой индексации'),
(161,	'album_props',	'i18n::fields-group-album_props',	77,	1,	0,	20,	1,	'Основные настройки фотоальбома'),
(162,	'rate_voters',	'i18n::fields-group-rate_voters',	77,	1,	0,	25,	1,	''),
(163,	'svojstva_publikacii',	'i18n::fields-group-svojstva_publikacii',	77,	0,	1,	30,	1,	'Управление статусом публикации'),
(164,	'locks',	'i18n::fields-group-locks',	77,	1,	1,	35,	1,	''),
(165,	'common',	'i18n::fields-group-common',	78,	1,	0,	5,	1,	'Основные настройки фотографии'),
(166,	'menu_view',	'i18n::fields-group-menu_view',	78,	1,	0,	10,	1,	''),
(167,	'more_params',	'i18n::fields-group-more_params',	78,	1,	0,	15,	1,	'Настройки отображения страницы и её поисковой индексации'),
(168,	'photo_props',	'i18n::fields-group-photo_props',	78,	1,	0,	20,	1,	'Основные настройки фотографии'),
(169,	'rate_voters',	'i18n::fields-group-rate_voters',	78,	1,	0,	25,	1,	''),
(170,	'svojstva_publikacii',	'i18n::fields-group-svojstva_publikacii',	78,	0,	1,	30,	1,	'Управление статусом публикации'),
(171,	'locks',	'i18n::fields-group-locks',	78,	1,	1,	35,	1,	''),
(172,	'common',	'i18n::fields-group-common',	79,	1,	0,	5,	1,	'Основные настройки проектов FAQ'),
(173,	'menu_view',	'i18n::fields-group-menu_view',	79,	1,	0,	10,	1,	''),
(174,	'more_params',	'i18n::fields-group-more_params',	79,	1,	0,	15,	1,	'Настройки отображения страницы и её поисковой индексации'),
(175,	'rate_voters',	'i18n::fields-group-rate_voters',	79,	1,	0,	20,	1,	''),
(176,	'svojstva_publikacii',	'i18n::fields-group-svojstva_publikacii',	79,	0,	1,	25,	1,	'Управление статусом публикации'),
(177,	'locks',	'i18n::fields-group-locks',	79,	1,	1,	30,	1,	''),
(178,	'common',	'i18n::fields-group-common',	80,	1,	0,	5,	1,	'Основные настройки категории вопросов'),
(179,	'menu_view',	'i18n::fields-group-menu_view',	80,	1,	0,	10,	1,	''),
(180,	'more_params',	'i18n::fields-group-more_params',	80,	1,	0,	15,	1,	'Настройки отображения страницы и её поисковой индексации'),
(181,	'rate_voters',	'i18n::fields-group-rate_voters',	80,	1,	0,	20,	1,	''),
(182,	'svojstva_publikacii',	'i18n::fields-group-svojstva_publikacii',	80,	0,	1,	25,	1,	'Управление статусом публикации'),
(183,	'locks',	'i18n::fields-group-locks',	80,	1,	1,	30,	1,	''),
(184,	'common',	'i18n::fields-group-common',	81,	1,	0,	5,	1,	'Вопрос пользователя'),
(185,	'menu_view',	'i18n::fields-group-menu_view',	81,	1,	0,	10,	1,	''),
(186,	'more_params',	'i18n::fields-group-more_params',	81,	1,	0,	15,	1,	'Настройки отображения страницы и её поисковой индексации'),
(187,	'svojstva_publikacii',	'i18n::fields-group-svojstva_publikacii',	81,	0,	1,	20,	1,	'Управление статусом публикации'),
(188,	'locks',	'i18n::fields-group-locks',	81,	1,	1,	25,	1,	''),
(189,	'antispam',	'i18n::fields-group-antispam',	81,	1,	1,	30,	0,	'Пометка «Спам» скрывает нежелательные вопросы из категории FAQ'),
(190,	'grp_disp_props',	'i18n::fields-group-grp_disp_props',	82,	1,	1,	5,	0,	'Основные настройки рассылки'),
(191,	'auto_settings',	'i18n::fields-group-auto_mailout_settings',	82,	1,	1,	10,	0,	'Дни недели, в которые будет происходить автоматическая рассылка'),
(192,	'grp_disp_release_props',	'i18n::fields-group-grp_disp_release_props',	83,	1,	1,	5,	0,	'Основные настройки выпуска рассылки'),
(193,	'grp_disp_msg_props',	'i18n::fields-group-grp_disp_msg_props',	84,	1,	0,	5,	0,	'Основные настройки сообщения рассылки'),
(194,	'grp_disp_msg_extended',	'i18n::fields-group-grp_disp_msg_extended',	84,	1,	1,	10,	0,	'Дополнительные настройки сообщения рассылки'),
(195,	'grp_sbs_props',	'i18n::fields-group-grp_sbs_props',	85,	1,	0,	5,	0,	'Основные данные подписчика'),
(196,	'grp_sbs_extended',	'i18n::fields-group-grp_sbs_extended',	85,	1,	1,	10,	0,	'Информация о подписках пользователя'),
(197,	'common',	'i18n::fields-group-common',	86,	1,	0,	5,	1,	'Основные настройки страницы и её расположения в структуре каталога'),
(198,	'menu_view',	'i18n::fields-group-menu_view',	86,	1,	0,	10,	1,	''),
(199,	'more_params',	'i18n::fields-group-more_params',	86,	1,	0,	15,	1,	'Настройки отображения страницы и её поисковой индексации'),
(200,	'dopolnitelno',	'i18n::fields-group-dopolnitelno',	86,	1,	1,	20,	0,	'Управление описаниями раздела каталога'),
(201,	'rate_voters',	'i18n::fields-group-rate_voters',	86,	1,	0,	25,	1,	''),
(202,	'svojstva_publikacii',	'i18n::fields-group-svojstva_publikacii',	86,	0,	1,	30,	1,	'Управление статусом публикации'),
(203,	'locks',	'i18n::fields-group-locks',	86,	1,	1,	35,	1,	''),
(204,	'filter_index',	'i18n::fields-group-filter_index',	86,	1,	1,	40,	1,	''),
(205,	'common',	'i18n::fields-group-common',	87,	1,	0,	5,	1,	'Основные настройки товара'),
(206,	'menu_view',	'i18n::fields-group-menu_view',	87,	1,	0,	10,	1,	''),
(207,	'more_params',	'i18n::fields-group-more_params',	87,	1,	0,	15,	1,	'Настройки отображения страницы и её поисковой индексации'),
(208,	'cenovye_svojstva',	'i18n::fields-group-cenovye_svojstva',	87,	1,	1,	20,	0,	'Ценовые свойства товара'),
(209,	'catalog_option_props',	'i18n::fields-group-option_props',	87,	1,	1,	25,	0,	''),
(210,	'catalog_stores_props',	'i18n::fields-group-stores',	87,	1,	1,	30,	0,	'Количество зарезервированных товаров'),
(211,	'trade_offers',	'i18n::fields-group-trade-offers',	87,	1,	1,	35,	0,	'Торговые предложения и их характеристики'),
(212,	'rate_voters',	'i18n::fields-group-rate_voters',	87,	1,	0,	40,	1,	''),
(213,	'svojstva_publikacii',	'i18n::fields-group-svojstva_publikacii',	87,	0,	1,	45,	1,	'Управление статусом публикации'),
(214,	'locks',	'i18n::fields-group-locks',	87,	1,	1,	50,	1,	''),
(215,	'personal_info',	'i18n::fields-group-personal_info',	88,	1,	1,	5,	0,	''),
(216,	'contact_props',	'i18n::fields-group-contacts',	88,	1,	1,	10,	0,	''),
(217,	'delivery',	'i18n::fields-group-trans_deliver',	88,	1,	0,	15,	0,	''),
(218,	'yuridicheskie_dannye',	'i18n::fields-group-yuridicheskie_dannye',	88,	1,	0,	20,	0,	''),
(219,	'discount_modificator_props',	'i18n::fields-group-discount_modificator_props',	89,	1,	1,	5,	0,	'Размер скидки, который будет вычтен из стоимости заказа'),
(220,	'discount_rule_props',	'i18n::fields-group-discount_rule_props',	90,	1,	1,	5,	0,	'К каким товарам/разделам каталога применять скидку?'),
(221,	'discount_rule_props',	'i18n::fields-group-discount_rule_props',	91,	1,	1,	5,	0,	'Определяет, с какого момента скидка будет действительна'),
(222,	'discount_rule_props',	'i18n::fields-group-discount_rule_props',	92,	1,	1,	5,	0,	'Минимальная стоимость заказа, когда действует скидка'),
(223,	'discount_rule_props',	'i18n::fields-group-discount_rule_props',	93,	1,	1,	5,	0,	'Минимальная сумма стоимости заказов действия скидки'),
(224,	'discount_rule_props',	'i18n::fields-group-discount_rule_props',	94,	1,	1,	5,	0,	'Список групп пользователей, которым будет доступна эта скидка'),
(225,	'discount_rule_props',	'i18n::fields-group-discount_rule_props',	95,	1,	1,	5,	0,	'Список товаров, которые должен положить в корзину пользователь, чтобы пойдействовала скидка'),
(226,	'delivery_description_props',	'i18n::fields-group-delivery_description',	96,	1,	1,	5,	0,	'Настройки доставки самовывозом'),
(227,	'delivery_description_props',	'i18n::fields-group-delivery_description',	97,	1,	1,	5,	0,	'Общая информация об этом способе курьерской доставки'),
(228,	'delivery_courier_props',	'i18n::fields-group-delivery_courier_props',	97,	1,	1,	10,	0,	'Стоимость заказа, после которой доставка производится бесплатно'),
(229,	'delivery_description_props',	'i18n::fields-group-delivery_description',	98,	1,	1,	5,	0,	'Общая информация об этом способе курьерской доставки'),
(230,	'settings',	'i18n::fields-group-settings',	98,	1,	1,	10,	0,	'Для EMS'),
(231,	'delivery_description_props',	'i18n::fields-group-delivery_description',	99,	1,	1,	5,	0,	'Общие настройки способа доставки'),
(232,	'settings',	'i18n::fields-group-settings',	99,	1,	1,	10,	1,	'Если установлено - не будет отображаться на сайте'),
(233,	'payment_props',	'i18n::fields-group-payment_props',	100,	1,	1,	5,	0,	'Если установлено - не будет отображаться на сайте'),
(234,	'settings',	'i18n::fields-group-parameters',	100,	1,	1,	10,	0,	''),
(235,	'payment_props',	'i18n::fields-group-payment_props',	101,	1,	1,	5,	0,	'Общие настройки способа оплаты'),
(236,	'settings',	'i18n::fields-group-parameters',	101,	1,	1,	10,	0,	'Настройки способа оплаты данного типа'),
(237,	'payment_props',	'i18n::fields-group-payment_props',	102,	1,	1,	5,	0,	'Общие настройки способа оплаты'),
(238,	'payment_props',	'i18n::fields-group-payment_props',	103,	1,	1,	5,	0,	'Общие настройки способа оплаты'),
(239,	'settings',	'i18n::fields-group-parameters',	103,	1,	1,	10,	0,	'используется интерфейсом инициализации оплаты'),
(240,	'payment_props',	'i18n::fields-group-payment_props',	104,	1,	1,	5,	0,	'Общие настройки способа оплаты'),
(241,	'settings',	'i18n::fields-group-parameters',	104,	1,	1,	10,	0,	'Номер сайта продавца, на который покупатель должен совершить платеж'),
(242,	'payment_props',	'i18n::fields-group-payment_props',	105,	1,	1,	5,	0,	'Если установлено - не будет отображаться на сайте'),
(243,	'organization',	'i18n::fields-group-organization_data',	105,	1,	1,	10,	0,	''),
(244,	'payment_props',	'i18n::fields-group-payment_props',	106,	1,	1,	5,	0,	'Общие настройки способа оплаты'),
(245,	'settings',	'i18n::fields-group-parameters',	106,	1,	1,	10,	0,	'Настройки способа оплаты данного типа'),
(246,	'payment_props',	'i18n::fields-group-payment_props',	107,	1,	1,	5,	0,	'Общие настройки способа оплаты'),
(247,	'settings',	'i18n::fields-group-parameters',	107,	1,	1,	10,	0,	'Настройки способа оплаты данного типа'),
(248,	'payment_props',	'i18n::fields-group-payment_props',	108,	1,	1,	5,	0,	'Строка символов, добавляемая к реквизитам платежа, высылаемым продавцу вместе с оповещением'),
(249,	'payment_props',	'i18n::fields-group-payment_props',	109,	1,	1,	5,	0,	'Общие настройки способа оплаты'),
(250,	'settings',	'i18n::fields-group-parameters',	109,	1,	1,	10,	0,	'ID магазина'),
(251,	'payment_props',	'i18n::fields-group-payment_props',	110,	1,	1,	5,	0,	'Общие настройки способа оплаты'),
(252,	'settings',	'i18n::fields-group-parameters',	110,	1,	1,	10,	0,	'Номер магазина в ЦПП. Выдается ЦПП'),
(253,	'payment_props',	'i18n::fields-group-payment_props',	111,	1,	1,	5,	1,	'Общие настройки способа оплаты'),
(254,	'settings',	'i18n::fields-group-parameters',	111,	1,	1,	10,	1,	'Настройки способа оплаты данного типа'),
(255,	'payment_props',	'i18n::fields-group-payment_props',	112,	1,	1,	5,	1,	'Если установлено - не будет отображаться на сайте'),
(256,	'settings',	'i18n::fields-group-parameters',	112,	1,	1,	10,	1,	'Идентификатор вашего магазина в Яндекс.Кассе'),
(257,	'common_props',	'i18n::fields-group-common_props',	113,	1,	1,	5,	1,	''),
(258,	'common',	'i18n::fields-group-common',	114,	1,	0,	5,	1,	'Основные настройки баннера'),
(259,	'redirect_props',	'i18n::fields-group-redirect_props',	114,	1,	0,	10,	1,	'Настройки перехода с баннера'),
(260,	'view_params',	'i18n::fields-group-view_params',	114,	1,	0,	15,	1,	'Статистика и ограничения баннера'),
(261,	'view_pages',	'i18n::fields-group-view_pages',	114,	1,	1,	20,	1,	'Где будет отображаться баннер'),
(262,	'time_targeting',	'i18n::fields-group-time_targeting',	114,	1,	1,	25,	1,	'Таргетинг показов баннера по временным параметрам'),
(263,	'city_targeting',	'i18n::fields-group-city_targeting',	114,	0,	1,	30,	1,	''),
(264,	'view_settings',	'i18n::fields-group-privacy',	114,	1,	1,	35,	0,	'Настройки отображения баннера'),
(265,	'common',	'i18n::fields-group-common',	115,	1,	0,	5,	1,	'Основные настройки баннера'),
(266,	'banner_custom_props',	'i18n::fields-group-banner_custom_props',	115,	1,	1,	10,	1,	'Графические настройки баннера'),
(267,	'redirect_props',	'i18n::fields-group-redirect_props',	115,	1,	0,	15,	1,	'Настройки перехода с баннера'),
(268,	'view_params',	'i18n::fields-group-view_params',	115,	1,	0,	20,	1,	'Статистика и ограничения баннера'),
(269,	'view_pages',	'i18n::fields-group-view_pages',	115,	1,	1,	25,	1,	'Где будет отображаться баннер'),
(270,	'time_targeting',	'i18n::fields-group-time_targeting',	115,	1,	1,	30,	1,	'Таргетинг показов баннера по временным параметрам'),
(271,	'city_targeting',	'i18n::fields-group-city_targeting',	115,	0,	1,	35,	1,	''),
(272,	'view_settings',	'i18n::fields-group-privacy',	115,	1,	1,	40,	0,	'Настройки отображения баннера'),
(273,	'common',	'i18n::fields-group-common',	116,	1,	0,	5,	1,	''),
(274,	'banner_custom_props',	'i18n::fields-group-banner_custom_props',	116,	1,	1,	10,	1,	'Графические настройки баннера'),
(275,	'redirect_props',	'i18n::fields-group-redirect_props',	116,	1,	0,	15,	1,	'Настройки перехода с баннера'),
(276,	'view_params',	'i18n::fields-group-view_params',	116,	1,	0,	20,	1,	'Статистика и ограничения баннера'),
(277,	'view_pages',	'i18n::fields-group-view_pages',	116,	1,	1,	25,	1,	'Где будет отображаться баннер'),
(278,	'time_targeting',	'i18n::fields-group-time_targeting',	116,	1,	1,	30,	1,	'Таргетинг показов баннера по временным параметрам'),
(279,	'city_targeting',	'i18n::fields-group-city_targeting',	116,	0,	1,	35,	1,	''),
(280,	'view_settings',	'i18n::fields-group-privacy',	116,	1,	1,	40,	0,	'Настройки отображения баннера'),
(281,	'common',	'i18n::fields-group-common',	117,	1,	0,	5,	1,	'Основные настройки баннера'),
(282,	'banner_custom_props',	'i18n::fields-group-banner_custom_props',	117,	1,	1,	10,	1,	'Содержимое баннера'),
(283,	'redirect_props',	'i18n::fields-group-redirect_props',	117,	1,	0,	15,	1,	'Настройки перехода с баннера'),
(284,	'view_params',	'i18n::fields-group-view_params',	117,	1,	0,	20,	1,	'Статистика и ограничения баннера'),
(285,	'view_pages',	'i18n::fields-group-view_pages',	117,	1,	1,	25,	1,	'Где будет отображаться баннер'),
(286,	'time_targeting',	'i18n::fields-group-time_targeting',	117,	1,	1,	30,	1,	'Таргетинг показов баннера по временным параметрам'),
(287,	'city_targeting',	'i18n::fields-group-city_targeting',	117,	0,	1,	35,	1,	''),
(288,	'view_settings',	'i18n::fields-group-privacy',	117,	1,	1,	40,	0,	'Настройки отображения баннера'),
(289,	'svojstva',	'i18n::fields-group-props',	118,	1,	1,	5,	0,	''),
(290,	'common',	'i18n::fields-group-props',	119,	1,	1,	5,	0,	'Формат, в который будут перобразованы данные из UMI.CMS'),
(291,	'common',	'i18n::fields-group-props',	120,	1,	1,	5,	0,	'Формат импотрируемых данных'),
(292,	'common',	'i18n::fields-group-common',	121,	1,	0,	5,	1,	'Основные настройки страницы скачиваемого файла'),
(293,	'menu_view',	'i18n::fields-group-menu_view',	121,	1,	0,	10,	1,	''),
(294,	'more_params',	'i18n::fields-group-more_params',	121,	1,	0,	15,	1,	'Настройки отображения страницы и её поисковой индексации'),
(295,	'fs_file_props',	'i18n::fields-group-fs_file_props',	121,	1,	0,	20,	1,	'Свойства скачиваемого файла'),
(296,	'rate_voters',	'i18n::fields-group-rate_voters',	121,	1,	0,	25,	1,	''),
(297,	'svojstva_publikacii',	'i18n::fields-group-svojstva_publikacii',	121,	0,	1,	30,	1,	'Управление статусом публикации'),
(298,	'locks',	'i18n::fields-group-locks',	121,	1,	1,	35,	1,	''),
(299,	'common',	'i18n::fields-group-common_group',	122,	1,	0,	5,	1,	''),
(300,	'common',	'i18n::fields-group-common',	123,	1,	1,	5,	1,	''),
(301,	'common',	'i18n::fields-group-common',	124,	1,	1,	5,	1,	''),
(302,	'common',	'i18n::fields-group-common',	125,	1,	0,	5,	1,	''),
(303,	'menu_view',	'i18n::fields-group-menu_view',	125,	1,	0,	10,	1,	''),
(304,	'more_params',	'i18n::fields-group-more_params',	125,	1,	0,	15,	1,	''),
(305,	'rate_props',	'i18n::fields-group-rate_props',	125,	1,	0,	20,	1,	''),
(306,	'svojstva_publikacii',	'i18n::fields-group-svojstva_publikacii',	125,	0,	1,	25,	1,	''),
(307,	'locks',	'i18n::fields-group-locks',	125,	1,	1,	30,	1,	''),
(308,	'appointment',	'i18n::fields-group-appointment',	125,	1,	1,	35,	1,	''),
(309,	'description',	'i18n::fields-group-props',	126,	1,	1,	5,	1,	''),
(310,	'opisanie_tovara',	'i18n::fields-group-descr_grp',	87,	1,	1,	55,	0,	''),
(311,	'manage_options',	'i18n::fields-group-management-options',	87,	1,	1,	60,	0,	''),
(312,	'common',	'i18n::fields-group-common',	130,	1,	0,	5,	1,	NULL),
(313,	'menu_view',	'i18n::fields-group-menu_view',	130,	1,	0,	10,	1,	NULL),
(314,	'more_params',	'i18n::fields-group-more_params',	130,	1,	0,	15,	1,	NULL),
(315,	'cenovye_svojstva',	'i18n::fields-group-cenovye_svojstva',	130,	1,	1,	20,	0,	NULL),
(316,	'catalog_option_props',	'i18n::fields-group-option_props',	130,	1,	1,	25,	0,	NULL),
(317,	'catalog_stores_props',	'i18n::fields-group-stores',	130,	1,	1,	30,	0,	'Количество зарезервированных товаров'),
(318,	'trade_offers',	'i18n::fields-group-trade-offers',	130,	1,	1,	35,	0,	NULL),
(319,	'rate_voters',	'i18n::fields-group-rate_voters',	130,	1,	0,	40,	1,	NULL),
(320,	'svojstva_publikacii',	'i18n::fields-group-svojstva_publikacii',	130,	0,	1,	45,	1,	NULL),
(321,	'locks',	'i18n::fields-group-locks',	130,	1,	1,	50,	1,	NULL),
(322,	'opisanie_tovara',	'i18n::fields-group-descr_grp',	130,	1,	1,	55,	0,	NULL),
(323,	'manage_options',	'i18n::fields-group-management-options',	130,	1,	1,	60,	0,	NULL),
(324,	'item_properties',	'i18n::fields-group-item-properties',	130,	1,	1,	65,	0,	''),
(325,	'common',	'i18n::fields-group-common',	132,	1,	0,	5,	1,	NULL),
(326,	'menu_view',	'i18n::fields-group-menu_view',	132,	1,	0,	10,	1,	NULL),
(327,	'more_params',	'i18n::fields-group-more_params',	132,	1,	0,	15,	1,	NULL),
(328,	'cenovye_svojstva',	'i18n::fields-group-cenovye_svojstva',	132,	1,	1,	20,	0,	NULL),
(329,	'catalog_option_props',	'i18n::fields-group-option_props',	132,	1,	1,	25,	0,	NULL),
(330,	'catalog_stores_props',	'i18n::fields-group-stores',	132,	1,	1,	30,	0,	'Количество зарезервированных товаров'),
(331,	'trade_offers',	'i18n::fields-group-trade-offers',	132,	1,	1,	35,	0,	NULL),
(332,	'rate_voters',	'i18n::fields-group-rate_voters',	132,	1,	0,	40,	1,	NULL),
(333,	'svojstva_publikacii',	'i18n::fields-group-svojstva_publikacii',	132,	0,	1,	45,	1,	NULL),
(334,	'locks',	'i18n::fields-group-locks',	132,	1,	1,	50,	1,	NULL),
(335,	'opisanie_tovara',	'i18n::fields-group-descr_grp',	132,	1,	1,	55,	0,	NULL),
(336,	'manage_options',	'i18n::fields-group-management-options',	132,	1,	1,	60,	0,	NULL),
(337,	'item_properties',	'i18n::fields-group-item-properties',	132,	1,	1,	65,	0,	''),
(338,	'common',	'i18n::fields-group-common',	133,	1,	0,	5,	1,	NULL),
(339,	'menu_view',	'i18n::fields-group-menu_view',	133,	1,	0,	10,	1,	NULL),
(340,	'more_params',	'i18n::fields-group-more_params',	133,	1,	0,	15,	1,	NULL),
(341,	'cenovye_svojstva',	'i18n::fields-group-cenovye_svojstva',	133,	1,	1,	20,	0,	NULL),
(342,	'catalog_option_props',	'i18n::fields-group-option_props',	133,	1,	1,	25,	0,	NULL),
(343,	'catalog_stores_props',	'i18n::fields-group-stores',	133,	1,	1,	30,	0,	'Количество зарезервированных товаров'),
(344,	'trade_offers',	'i18n::fields-group-trade-offers',	133,	1,	1,	35,	0,	NULL),
(345,	'rate_voters',	'i18n::fields-group-rate_voters',	133,	1,	0,	40,	1,	NULL),
(346,	'svojstva_publikacii',	'i18n::fields-group-svojstva_publikacii',	133,	0,	1,	45,	1,	NULL),
(347,	'locks',	'i18n::fields-group-locks',	133,	1,	1,	50,	1,	NULL),
(348,	'opisanie_tovara',	'i18n::fields-group-descr_grp',	133,	1,	1,	55,	0,	NULL),
(349,	'manage_options',	'i18n::fields-group-management-options',	133,	1,	0,	60,	0,	''),
(350,	'item_properties',	'i18n::fields-group-item-properties',	133,	1,	1,	65,	0,	NULL),
(351,	'common',	'i18n::fields-group-common',	138,	1,	0,	5,	1,	NULL),
(352,	'menu_view',	'i18n::fields-group-menu_view',	138,	1,	0,	10,	1,	NULL),
(353,	'more_params',	'i18n::fields-group-more_params',	138,	1,	0,	15,	1,	NULL),
(354,	'cenovye_svojstva',	'i18n::fields-group-cenovye_svojstva',	138,	1,	1,	20,	0,	NULL),
(355,	'catalog_option_props',	'i18n::fields-group-option_props',	138,	1,	1,	25,	0,	NULL),
(356,	'catalog_stores_props',	'i18n::fields-group-stores',	138,	1,	1,	30,	0,	'Количество зарезервированных товаров'),
(357,	'trade_offers',	'i18n::fields-group-trade-offers',	138,	1,	1,	35,	0,	NULL),
(358,	'rate_voters',	'i18n::fields-group-rate_voters',	138,	1,	0,	40,	1,	NULL),
(359,	'svojstva_publikacii',	'i18n::fields-group-svojstva_publikacii',	138,	0,	1,	45,	1,	NULL),
(360,	'locks',	'i18n::fields-group-locks',	138,	1,	1,	50,	1,	NULL),
(361,	'opisanie_tovara',	'i18n::fields-group-descr_grp',	138,	1,	1,	55,	0,	NULL),
(362,	'manage_options',	'i18n::fields-group-management-options',	138,	1,	1,	60,	0,	NULL),
(363,	'item_properties',	'i18n::fields-group-item-properties',	138,	1,	1,	65,	0,	''),
(364,	'common',	'i18n::fields-group-common',	140,	1,	0,	5,	1,	NULL),
(365,	'menu_view',	'i18n::fields-group-menu_view',	140,	1,	0,	10,	1,	NULL),
(366,	'more_params',	'i18n::fields-group-more_params',	140,	1,	0,	15,	1,	NULL),
(367,	'cenovye_svojstva',	'i18n::fields-group-cenovye_svojstva',	140,	1,	1,	20,	0,	NULL),
(368,	'catalog_option_props',	'i18n::fields-group-option_props',	140,	1,	1,	25,	0,	NULL),
(369,	'catalog_stores_props',	'i18n::fields-group-stores',	140,	1,	1,	30,	0,	'Количество зарезервированных товаров'),
(370,	'trade_offers',	'i18n::fields-group-trade-offers',	140,	1,	1,	35,	0,	NULL),
(371,	'rate_voters',	'i18n::fields-group-rate_voters',	140,	1,	0,	40,	1,	NULL),
(372,	'svojstva_publikacii',	'i18n::fields-group-svojstva_publikacii',	140,	0,	1,	45,	1,	NULL),
(373,	'locks',	'i18n::fields-group-locks',	140,	1,	1,	50,	1,	NULL),
(374,	'opisanie_tovara',	'i18n::fields-group-descr_grp',	140,	1,	1,	55,	0,	NULL),
(375,	'manage_options',	'i18n::fields-group-management-options',	140,	1,	1,	60,	0,	NULL),
(376,	'item_properties',	'i18n::fields-group-item-properties',	140,	1,	1,	65,	0,	''),
(377,	'common',	'common',	141,	1,	1,	5,	0,	''),
(378,	'common',	'i18n::fields-group-common',	142,	1,	0,	5,	1,	NULL),
(379,	'menu_view',	'i18n::fields-group-menu_view',	142,	1,	0,	10,	1,	NULL),
(380,	'more_params',	'i18n::fields-group-more_params',	142,	1,	0,	15,	1,	NULL),
(381,	'rate_voters',	'i18n::fields-group-rate_voters',	142,	1,	0,	20,	1,	NULL),
(382,	'svojstva_publikacii',	'i18n::fields-group-svojstva_publikacii',	142,	0,	1,	25,	1,	NULL),
(383,	'locks',	'i18n::fields-group-locks',	142,	1,	1,	30,	1,	NULL),
(384,	'site_info',	'i18n::fields-group-store-info',	142,	1,	1,	35,	0,	'Номер телефона, который будет отображаться на всех страницах сайта'),
(385,	'payment_types',	'i18n::fields-group-yandex_payment_types',	110,	1,	1,	15,	0,	''),
(386,	'sendingdata',	'i18n::fields-group-SendingData',	143,	1,	0,	5,	1,	NULL),
(387,	'formdata',	'Данные формы',	143,	1,	1,	10,	0,	'');

DROP TABLE IF EXISTS `cms3_object_field_types`;
CREATE TABLE `cms3_object_field_types` (
  `id` int(10) unsigned NOT NULL AUTO_INCREMENT,
  `name` varchar(64) DEFAULT NULL,
  `data_type` enum('int','string','text','relation','file','img_file','swf_file','bool','date','boolean','wysiwyg','password','tags','symlink','price','formula','float','counter','optioned','video_file','color','link_to_object_type','multiple_image','domain_id','domain_id_list','offer_id_list','offer_id') DEFAULT NULL,
  `is_multiple` tinyint(1) DEFAULT 0,
  `is_unsigned` tinyint(1) DEFAULT 0,
  PRIMARY KEY (`id`),
  KEY `name` (`name`),
  KEY `data_type` (`data_type`),
  KEY `is_multiple` (`is_multiple`),
  KEY `is_unsigned` (`is_unsigned`)
) ENGINE=InnoDB DEFAULT CHARSET=utf8;

INSERT INTO `cms3_object_field_types` (`id`, `name`, `data_type`, `is_multiple`, `is_unsigned`) VALUES
(1,	'i18n::field-type-boolean',	'boolean',	0,	0),
(2,	'i18n::field-type-color',	'color',	0,	0),
(3,	'i18n::field-type-counter',	'counter',	0,	0),
(4,	'i18n::field-type-date',	'date',	0,	0),
(5,	'i18n::field-type-domain-id',	'domain_id',	0,	0),
(6,	'i18n::field-type-domain-id-list',	'domain_id_list',	1,	0),
(7,	'i18n::field-type-file',	'file',	0,	0),
(8,	'i18n::field-type-float',	'float',	0,	0),
(9,	'i18n::field-type-img_file',	'img_file',	0,	0),
(10,	'i18n::field-type-int',	'int',	0,	0),
(11,	'i18n::field-type-link-to-object-type',	'link_to_object_type',	0,	0),
(12,	'i18n::field-type-multiple-image',	'multiple_image',	1,	0),
(13,	'i18n::field-type-offer-id',	'offer_id',	0,	0),
(14,	'i18n::field-type-offer-id-list',	'offer_id_list',	1,	0),
(15,	'i18n::field-type-optioned',	'optioned',	1,	0),
(16,	'i18n::field-type-password',	'password',	0,	0),
(17,	'i18n::field-type-price',	'price',	0,	0),
(18,	'i18n::field-type-relation',	'relation',	0,	0),
(19,	'i18n::field-type-relation-multiple',	'relation',	1,	0),
(20,	'i18n::field-type-string',	'string',	0,	0),
(21,	'i18n::field-type-swf_file',	'swf_file',	0,	0),
(22,	'i18n::field-type-symlink-multiple',	'symlink',	1,	0),
(23,	'i18n::field-type-tags-multiple',	'tags',	1,	0),
(24,	'i18n::field-type-text',	'text',	0,	0),
(25,	'i18n::field-type-video',	'video_file',	0,	0),
(26,	'i18n::field-type-wysiwyg',	'wysiwyg',	0,	0);

DROP TABLE IF EXISTS `cms3_object_files`;
CREATE TABLE `cms3_object_files` (
  `id` int(10) unsigned NOT NULL AUTO_INCREMENT,
  `obj_id` int(10) unsigned DEFAULT NULL,
  `field_id` int(10) unsigned DEFAULT NULL,
  `src` varchar(500) DEFAULT NULL,
  `title` varchar(255) DEFAULT NULL,
  `ord` int(10) unsigned DEFAULT NULL,
  PRIMARY KEY (`id`),
  KEY `load field value` (`obj_id`,`field_id`),
  KEY `field_id` (`field_id`),
  KEY `obj_id` (`obj_id`),
  KEY `ord` (`ord`),
  CONSTRAINT `File object field content to field` FOREIGN KEY (`field_id`) REFERENCES `cms3_object_fields` (`id`) ON DELETE CASCADE,
  CONSTRAINT `File object field content to object` FOREIGN KEY (`obj_id`) REFERENCES `cms3_objects` (`id`) ON DELETE CASCADE
) ENGINE=InnoDB DEFAULT CHARSET=utf8;


DROP TABLE IF EXISTS `cms3_object_images`;
CREATE TABLE `cms3_object_images` (
  `id` int(10) unsigned NOT NULL AUTO_INCREMENT,
  `obj_id` int(10) unsigned DEFAULT NULL,
  `field_id` int(10) unsigned DEFAULT NULL,
  `src` varchar(500) DEFAULT NULL,
  `alt` varchar(255) DEFAULT NULL,
  `title` varchar(255) DEFAULT NULL,
  `ord` int(10) unsigned DEFAULT NULL,
  PRIMARY KEY (`id`),
  KEY `load field value` (`obj_id`,`field_id`),
  KEY `field_id` (`field_id`),
  KEY `obj_id` (`obj_id`),
  KEY `src` (`src`(255)),
  KEY `alt` (`alt`),
  KEY `ord` (`ord`),
  CONSTRAINT `object field content to field` FOREIGN KEY (`field_id`) REFERENCES `cms3_object_fields` (`id`) ON DELETE CASCADE,
  CONSTRAINT `object field content to object` FOREIGN KEY (`obj_id`) REFERENCES `cms3_objects` (`id`) ON DELETE CASCADE
) ENGINE=InnoDB DEFAULT CHARSET=utf8;

INSERT INTO `cms3_object_images` (`id`, `obj_id`, `field_id`, `src`, `alt`, `title`, `ord`) VALUES
(64,	628,	490,	'./images/cms/data/ericssont_450/ericsson_450_1.jpg',	'',	'',	1),
(65,	628,	490,	'./images/cms/data/ericssont_450/ericsson_450_3.jpg',	'',	'',	2),
(66,	708,	490,	'./images/cms/data/Akai/1.jpg',	'',	'',	1),
(67,	708,	490,	'./images/cms/data/Akai/2.jpg',	'',	'',	2),
(68,	708,	490,	'./images/cms/data/dvd_01.jpg',	'',	'',	3),
(69,	712,	490,	'./images/cms/data/sony/1.jpg',	'',	'',	1),
(70,	712,	490,	'./images/cms/data/sony/2.jpg',	'',	'',	2),
(71,	716,	490,	'./images/cms/data/dvd_players/amplifier-756321_640.jpg',	'',	'',	3),
(72,	718,	490,	'./images/cms/data/dvd1/1.jpg',	'',	'',	1),
(73,	718,	490,	'./images/cms/data/dvd1/2.jpg',	'',	'',	2),
(74,	719,	490,	'./images/cms/data/dvd_players/record-336626_640.jpg',	'',	'',	3),
(75,	727,	490,	'./images/cms/data/dvd_players/record-828983_640.jpg',	'',	'',	3),
(76,	728,	490,	'./images/cms/data/dvd_players/record-player-150292_640.png',	'',	'',	3),
(77,	730,	490,	'./images/cms/data/dvd_players/stereo-883186_640.jpg',	'',	'',	3),
(78,	731,	490,	'./images/cms/data/dvd2/1.jpg',	'',	'',	1),
(79,	731,	490,	'./images/cms/data/dvd2/2.jpg',	'',	'',	2),
(80,	732,	490,	'./images/cms/data/dvd_players/turntable-310450_640.png',	'',	'',	3),
(81,	734,	490,	'./images/cms/data/dvd_players/arm-2421_640.jpg',	'',	'',	3),
(82,	739,	490,	'./images/cms/data/dvd_recoders/amp-158228_640.png',	'',	'',	3),
(83,	741,	490,	'./images/cms/data/dvd_recoders/di-kasen-655589_640.jpg',	'',	'',	3),
(84,	742,	490,	'./images/cms/data/dvd_recoders/di-kasen-amplifier-655584_640.jpg',	'',	'',	3),
(85,	744,	490,	'./images/cms/data/dvd_recoders/di-kasen-amplifier-655586_640.jpg',	'',	'',	3),
(86,	746,	490,	'./images/cms/data/dvd_recoders/vcr-151522_640.png',	'',	'',	3),
(87,	748,	490,	'./images/cms/data/dvd_recoders/volume-870745_640.jpg',	'',	'',	3),
(88,	759,	490,	'./images/cms/data/sovettc1/1.jpg',	'',	'',	1),
(89,	759,	490,	'./images/cms/data/sovettc1/2.jpg',	'',	'',	2),
(90,	762,	490,	'./images/cms/data/sovettc2/1.jpg',	'',	'',	1),
(91,	762,	490,	'./images/cms/data/sovettc2/2.jpg',	'',	'',	2),
(92,	765,	490,	'./images/cms/data/tv_portable/icons-842895_640.png',	'',	'',	3),
(93,	769,	490,	'./images/cms/data/tv_portable/tv-576470_640.png',	'',	'',	3),
(94,	771,	490,	'./images/cms/data/tv_portable/tv-675803_640.png',	'',	'',	3),
(95,	775,	490,	'./images/cms/data/sovetba1/1.jpg',	'',	'',	1),
(96,	775,	490,	'./images/cms/data/sovetba1/2.jpg',	'',	'',	2),
(97,	777,	490,	'./images/cms/data/tv_blackwhite/recall-538041_640.jpg',	'',	'',	3),
(98,	779,	490,	'./images/cms/data/tv_color/monitor-23352_640.png',	'',	'',	3),
(99,	780,	490,	'./images/cms/data/tv_color/television-899265_640.jpg',	'',	'',	3),
(100,	786,	490,	'./images/cms/data/audio_recorders/sound-studio-336357_640.jpg',	'',	'',	3),
(101,	787,	490,	'./images/cms/data/audio_recorders/tape-595474_640.jpg',	'',	'',	3),
(102,	788,	490,	'./images/cms/data/audio_players/mp3-player-146313_640.png',	'',	'',	3),
(103,	789,	490,	'./images/cms/data/audio_players/mp3-player-154090_640.png',	'',	'',	3),
(104,	793,	490,	'./images/cms/data/audio_loudspeakers/speaker-156844_640.png',	'',	'',	3),
(105,	794,	490,	'./images/cms/data/audio_stations/loudspeaker-162071_640.png',	'',	'',	3),
(106,	795,	490,	'./images/cms/data/audio_stations/music-837646_640.jpg',	'',	'',	3),
(107,	796,	490,	'./images/cms/data/audio_stations/radio-647066_640.jpg',	'',	'',	3),
(108,	800,	490,	'./images/cms/data/mobile_gsm/phone-499991_640.jpg',	'',	'',	3),
(109,	802,	490,	'./images/cms/data/mobile_gsm/telephone-167068_640.jpg',	'',	'',	3),
(110,	803,	490,	'./images/cms/data/mobile_gsm/telephone-450639_640.jpg',	'',	'',	3),
(111,	804,	490,	'./images/cms/data/ericssont_415/Ericssont_415_2.jpg',	'',	'',	1),
(112,	804,	490,	'./images/cms/data/ericssont_415/Ericssont_415_3.jpg',	'',	'',	2),
(113,	805,	490,	'./images/cms/data/mobile_smartphones/cell-34017_640.png',	'',	'',	3),
(114,	806,	490,	'./images/cms/data/mobile_smartphones/mobile-155507_640.png',	'',	'',	3),
(115,	808,	490,	'./images/cms/data/mobile_smartphones/smartphone-157082_640.png',	'',	'',	3),
(116,	812,	490,	'./images/cms/data/mobile_communicators/calculator-168360_640.jpg',	'',	'',	3),
(117,	813,	490,	'./images/cms/data/mobile_communicators/calculator-23414_640.png',	'',	'',	3),
(118,	819,	490,	'./images/cms/data/dvd_discs/cd-437725_640.jpg',	'',	'',	3),
(119,	820,	490,	'./images/cms/data/dvd_discs/cd-673227_640.jpg',	'',	'',	3),
(120,	821,	490,	'./images/cms/data/dvd_discs/cd-699786_640.jpg',	'',	'',	3),
(121,	822,	490,	'./images/cms/data/dvd2/1.jpg',	'',	'',	1),
(122,	822,	490,	'./images/cms/data/dvd2/2.jpg',	'',	'',	2),
(123,	823,	490,	'./images/cms/data/dvd_discs/dvd-152917_640.png',	'',	'',	3),
(124,	824,	490,	'./images/cms/data/dvd_discs/record-159211_640.png',	'',	'',	3),
(125,	825,	490,	'./images/cms/data/dvd_discs/vinyl-883199_640.png',	'',	'',	3),
(126,	826,	490,	'./images/cms/data/dvd_discs/vinyl-883194_640.png',	'',	'',	3);

DROP TABLE IF EXISTS `cms3_object_offer_id_list`;
CREATE TABLE `cms3_object_offer_id_list` (
  `id` int(10) unsigned NOT NULL AUTO_INCREMENT,
  `obj_id` int(10) unsigned NOT NULL,
  `field_id` int(10) unsigned NOT NULL,
  `offer_id` int(10) unsigned NOT NULL,
  PRIMARY KEY (`id`),
  KEY `cms3_object_offer_id_list load field value` (`obj_id`,`field_id`),
  KEY `cms3_object_offer_id_list field_id` (`field_id`),
  KEY `cms3_object_offer_id_list obj_id` (`obj_id`),
  KEY `cms3_object_offer_id_list offer_id` (`offer_id`),
  CONSTRAINT `cms3_object_offer_id_list field id` FOREIGN KEY (`field_id`) REFERENCES `cms3_object_fields` (`id`) ON DELETE CASCADE,
  CONSTRAINT `cms3_object_offer_id_list object id` FOREIGN KEY (`obj_id`) REFERENCES `cms3_objects` (`id`) ON DELETE CASCADE,
  CONSTRAINT `cms3_object_offer_id_list offer id` FOREIGN KEY (`offer_id`) REFERENCES `cms3_offer_list` (`id`) ON DELETE CASCADE
) ENGINE=InnoDB DEFAULT CHARSET=utf8;


DROP TABLE IF EXISTS `cms3_object_types`;
CREATE TABLE `cms3_object_types` (
  `id` int(10) unsigned NOT NULL AUTO_INCREMENT,
  `guid` varchar(64) DEFAULT NULL,
  `name` varchar(255) DEFAULT NULL,
  `is_locked` tinyint(1) DEFAULT 0,
  `parent_id` int(10) unsigned DEFAULT NULL,
  `is_guidable` tinyint(1) DEFAULT 0,
  `is_public` tinyint(1) DEFAULT 0,
  `hierarchy_type_id` int(10) unsigned DEFAULT NULL,
  `sortable` tinyint(4) DEFAULT 0,
  `domain_id` int(10) unsigned DEFAULT NULL,
  PRIMARY KEY (`id`),
  KEY `hierarchy_type_id` (`hierarchy_type_id`),
  KEY `parent_id` (`parent_id`),
  KEY `is_public` (`is_public`),
  KEY `name` (`name`),
  KEY `is_locked` (`is_locked`),
  KEY `is_guidable` (`is_guidable`),
  KEY `guid` (`guid`),
  KEY `cms3_object_types domain id` (`domain_id`),
  CONSTRAINT `cms3_object_types domain id` FOREIGN KEY (`domain_id`) REFERENCES `cms3_domains` (`id`) ON DELETE SET NULL
) ENGINE=InnoDB DEFAULT CHARSET=utf8;

INSERT INTO `cms3_object_types` (`id`, `guid`, `name`, `is_locked`, `parent_id`, `is_guidable`, `is_public`, `hierarchy_type_id`, `sortable`, `domain_id`) VALUES
(1,	'root-guides-type',	'i18n::object-type-spravochniki',	1,	0,	0,	0,	0,	0,	NULL),
(2,	'de8627f75ba1abcfafd00a0e75ad189105cfdc21',	'i18n::object-type-status_stranicy',	1,	1,	1,	1,	0,	0,	NULL),
(3,	'root-pages-type',	'i18n::object-type-razdel_sajta',	1,	0,	0,	0,	0,	0,	NULL),
(4,	'fe5dbbcea5ce7e2988b8c69bcfdfde8904aabc1f',	'i18n::object-type-pol',	1,	1,	1,	0,	0,	0,	NULL),
(5,	'472b07b9fcf2c2451e8781e944bf5f77cd8457c8',	'i18n::object-type-tip_rss',	1,	1,	1,	1,	0,	0,	NULL),
(6,	'news-rss-source-charset',	'i18n::object-type-news-rss-source-charset',	1,	1,	1,	1,	0,	0,	NULL),
(7,	'news-rubric',	'i18n::object-type-news-rubric',	1,	3,	1,	0,	1,	0,	NULL),
(8,	'12c6fc06c99a462375eeb3f43dfd832b08ca9e17',	'i18n::object-type-rss-lenta',	1,	1,	1,	1,	0,	0,	NULL),
(9,	'banners-banner-swf-quality',	'i18n::object-type-kachestvo_fleshki',	1,	1,	1,	0,	0,	0,	NULL),
(10,	'd69b923df6140a16aefc89546a384e0493641fbe',	'i18n::object-type-strany',	1,	1,	1,	1,	0,	0,	NULL),
(11,	'sytem-citylist',	'i18n::object-type-spisok_gorodov_dlya_geo',	1,	1,	1,	0,	0,	0,	NULL),
(12,	'96e388c0b3b7fd874b48621e850335a8f06ca58d',	'i18n::object-type-price_modifier',	1,	1,	1,	1,	0,	0,	NULL),
(13,	'6fe3dfe314684a658c1b19ca7a8e3abd29afe23e',	'i18n::object-type-validation_rule',	1,	1,	1,	1,	0,	0,	NULL),
(14,	'cd8b7a4b8bb9bbf442a9d50fa465fe0e9d868a13',	'i18n::object-type-dispatch_type',	1,	1,	1,	0,	0,	0,	NULL),
(15,	'a1496d4ad0a359b6fe93d819e4a2141bd9d9ac35',	'i18n::object-type-carriage_type',	1,	1,	1,	0,	0,	0,	NULL),
(16,	'c9264fc806cdb67dc2080db570871067a6134c2d',	'i18n::object-type-hours',	1,	1,	1,	0,	0,	0,	NULL),
(17,	'd528edaa45e66e08a9ece98272130b42e77cef55',	'i18n::object-type-days',	1,	1,	1,	0,	0,	0,	NULL),
(18,	'blacklist',	'i18n::object-type-blacklist',	1,	1,	1,	1,	0,	0,	NULL),
(19,	'social_categories_vkontakte',	'i18n::object-type-social_categories_vkontakte',	1,	1,	1,	1,	0,	0,	NULL),
(20,	'emarket-payment-signing-types',	'i18n::object-type-signingtypes',	0,	1,	1,	1,	0,	0,	1),
(21,	'emarket-currency',	'i18n::object-type-valyuta',	1,	0,	1,	1,	2,	0,	NULL),
(22,	'emarket-order-credit-status',	'i18n::object-type-creditstatuses',	0,	1,	1,	1,	0,	0,	1),
(23,	'emarket-mobile-platform',	'i18n::object-type-mobile-platform',	1,	1,	1,	1,	0,	0,	NULL),
(24,	'emarket-mobile-devices',	'i18n::object-type-mobile-devices',	1,	1,	1,	1,	0,	0,	NULL),
(25,	'emarket-purchase-oneclick',	'i18n::object-type-emarket-purchase-oneclick',	1,	1,	1,	0,	0,	0,	NULL),
(26,	'exchange-encodings',	'i18n::object-type-exchange-encodings',	0,	1,	1,	1,	0,	0,	NULL),
(27,	'tax-rate-guide',	'i18n::object-type-tax-rate',	1,	1,	1,	0,	0,	0,	NULL),
(28,	'payment_subject',	'Предмет расчета',	0,	1,	1,	0,	0,	0,	NULL),
(29,	'payment_mode',	'Способ расчета',	0,	1,	1,	0,	0,	0,	NULL),
(30,	'emarket-discounttype',	'i18n::object-type-discounttype',	1,	1,	1,	1,	3,	0,	NULL),
(31,	'emarket-discountmodificatortype',	'i18n::object-type-discountmodificatortype',	1,	1,	1,	1,	4,	0,	NULL),
(32,	'81755a2845e39420c81902a3ce83dff1cfc782e7',	'i18n::object-type-discount_price_modifier',	1,	0,	0,	0,	0,	0,	NULL),
(33,	'emarket-discountruletype',	'i18n::object-type-discountruletype',	1,	1,	1,	1,	5,	0,	NULL),
(34,	'190c4a70068f9453e2320b650e94869a1306adb0',	'i18n::object-type-discountrules',	1,	0,	0,	0,	0,	0,	NULL),
(35,	'exchange-format-import',	'i18n::object-type-import_format',	1,	0,	1,	0,	0,	0,	NULL),
(36,	'exchange-format-export',	'i18n::object-type-export_format',	1,	0,	1,	0,	0,	0,	NULL),
(37,	'social_networks-network',	'i18n::object-type-network',	1,	3,	1,	1,	6,	0,	NULL),
(38,	'social_networks-network-vkontakte',	'i18n::object-type-vkontakte',	1,	37,	0,	0,	7,	0,	NULL),
(39,	'users-users',	'i18n::object-type-users-users',	1,	0,	1,	0,	8,	0,	NULL),
(40,	'emarket-deliveryaddress',	'i18n::object-type-eshop-address',	1,	1,	1,	0,	9,	0,	NULL),
(41,	'emarket-itemtype',	'i18n::object-type-itemtype',	1,	1,	1,	1,	10,	0,	NULL),
(42,	'emarket-discount',	'i18n::object-type-discount',	1,	0,	1,	1,	11,	0,	NULL),
(43,	'emarket-itemoption',	'i18n::object-type-itemoption',	1,	1,	1,	1,	12,	0,	NULL),
(44,	'emarket-orderitem',	'i18n::object-type-eshop-order_item',	1,	1,	1,	0,	13,	0,	NULL),
(45,	'emarket-orderstatus',	'i18n::object-type-eshop-order_status',	1,	1,	1,	0,	14,	0,	NULL),
(46,	'emarket-paymenttype',	'i18n::object-type-paymenttype',	1,	1,	1,	0,	15,	0,	NULL),
(47,	'emarket-payment',	'i18n::object-type-payment',	1,	0,	1,	0,	16,	0,	NULL),
(48,	'emarket-orderpaymentstatus',	'i18n::object-type-orderpaymentstatus',	1,	1,	1,	0,	17,	0,	NULL),
(49,	'emarket-legalperson',	'i18n::object-type-legalperson',	1,	1,	1,	0,	18,	0,	NULL),
(50,	'emarket-deliverytype',	'i18n::object-type-deliverytype',	1,	1,	1,	1,	19,	0,	NULL),
(51,	'emarket-delivery',	'i18n::object-type-delivery',	1,	0,	1,	0,	20,	0,	NULL),
(52,	'emarket-orderdeliverystatus',	'i18n::object-type-orderdeliverystatus',	1,	1,	1,	0,	21,	0,	NULL),
(53,	'emarket-order',	'i18n::object-type-order',	1,	0,	1,	0,	22,	0,	NULL),
(54,	'users-user',	'i18n::object-type-users-user',	1,	0,	1,	0,	23,	0,	NULL),
(55,	'emarket-store',	'i18n::object-type-store',	1,	1,	1,	1,	24,	0,	NULL),
(56,	'emarket-discountmodificator-768',	'i18n::object-type-order_summ_percent',	1,	32,	1,	1,	25,	0,	NULL),
(57,	'emarket-discountrule-798',	'i18n::object-type-users_discount',	1,	34,	0,	0,	26,	0,	NULL),
(58,	'menu-menu',	'i18n::object-type-menu',	0,	0,	0,	0,	27,	0,	1),
(59,	'news-subject',	'i18n::object-type-news-subject',	1,	1,	1,	1,	28,	0,	NULL),
(60,	'news-item',	'i18n::object-type-news-item',	1,	3,	0,	0,	29,	0,	NULL),
(61,	'content-page',	'i18n::object-type-content-',	1,	3,	0,	0,	30,	0,	NULL),
(62,	'content-ticket',	'i18n::object-type-content-ticket',	1,	0,	0,	0,	31,	0,	NULL),
(63,	'blogs20-blog',	'i18n::object-type-blogs-blog',	1,	3,	1,	0,	32,	0,	NULL),
(64,	'users-author',	'i18n::object-type-users-author',	1,	0,	1,	0,	33,	0,	NULL),
(65,	'blogs20-comment',	'i18n::object-type-blogs20-comment',	1,	3,	1,	0,	34,	0,	NULL),
(66,	'blogs20-post',	'i18n::object-type-blogs20-post',	1,	3,	1,	0,	35,	0,	NULL),
(67,	'forum-conf',	'i18n::object-type-forum-conf',	1,	3,	0,	0,	36,	0,	NULL),
(68,	'forum-topic',	'i18n::object-type-forum-topic',	1,	3,	0,	0,	37,	0,	NULL),
(69,	'forum-message',	'i18n::object-type-forum-message',	1,	3,	0,	0,	38,	0,	NULL),
(70,	'comments-comment',	'i18n::object-type-comments-comment',	1,	3,	0,	0,	39,	0,	NULL),
(71,	'vote-pollitem',	'i18n::object-type-vote-poll_item',	1,	0,	1,	0,	40,	0,	NULL),
(72,	'vote-poll',	'i18n::object-type-vote-poll',	1,	3,	0,	0,	41,	0,	NULL),
(73,	'webforms-page',	'i18n::object-type-webforms-page',	1,	3,	1,	0,	42,	0,	NULL),
(74,	'webforms-form',	'i18n::object-type-webforms-form',	1,	0,	0,	0,	43,	0,	NULL),
(75,	'webforms-template',	'i18n::object-type-webforms-template',	1,	0,	0,	0,	44,	0,	NULL),
(76,	'webforms-address',	'i18n::object-type-webforms-address',	1,	0,	0,	0,	45,	0,	NULL),
(77,	'photoalbum-album',	'i18n::object-type-photoalbum-album',	1,	3,	0,	0,	46,	0,	NULL),
(78,	'photoalbum-photo',	'i18n::object-type-photoalbum-photo',	1,	3,	0,	0,	47,	0,	NULL),
(79,	'faq-project',	'i18n::object-type-faq-project',	1,	3,	0,	1,	48,	0,	NULL),
(80,	'faq-category',	'i18n::object-type-faq-category',	1,	3,	0,	1,	49,	0,	NULL),
(81,	'faq-question',	'i18n::object-type-faq-question',	1,	3,	0,	0,	50,	0,	NULL),
(82,	'dispatches-dispatch',	'i18n::object-type-dispatches-dispatch',	1,	0,	1,	0,	51,	0,	NULL),
(83,	'dispatches-release',	'i18n::object-type-dispatches-release',	1,	0,	1,	0,	52,	0,	NULL),
(84,	'dispatches-message',	'i18n::object-type-dispatches-message',	1,	0,	1,	0,	53,	0,	NULL),
(85,	'dispatches-subscriber',	'i18n::object-type-dispatches-subscriber',	1,	0,	1,	0,	54,	0,	NULL),
(86,	'catalog-category',	'i18n::object-type-catalog-category',	1,	3,	0,	0,	55,	0,	NULL),
(87,	'catalog-object',	'i18n::object-type-catalog-object',	1,	3,	0,	0,	56,	0,	NULL),
(88,	'emarket-customer',	'i18n::object-type-customer',	1,	1,	1,	1,	57,	0,	NULL),
(89,	'emarket-discountmodificator-800',	'i18n::object-type-fixed_discount',	1,	32,	1,	1,	25,	0,	NULL),
(90,	'emarket-discountrule-777',	'i18n::object-type-special_items_discount',	1,	34,	0,	0,	26,	0,	NULL),
(91,	'emarket-discountrule-794',	'i18n::object-type-time_interval',	1,	34,	0,	0,	26,	0,	NULL),
(92,	'emarket-discountrule-795',	'i18n::object-type-order_summ',	1,	34,	0,	0,	26,	0,	NULL),
(93,	'emarket-discountrule-796',	'i18n::object-type-customer_summ',	1,	34,	0,	0,	26,	0,	NULL),
(94,	'emarket-discountrule-797',	'i18n::object-type-users_group_discount',	1,	34,	0,	0,	26,	0,	NULL),
(95,	'emarket-discountrule-799',	'i18n::object-type-related_items_discount',	1,	34,	0,	0,	26,	0,	NULL),
(96,	'emarket-delivery-783',	'i18n::object-type-pickup',	1,	51,	0,	0,	20,	0,	NULL),
(97,	'emarket-delivery-784',	'i18n::object-type-courier_deliver_spb',	1,	51,	0,	0,	20,	0,	NULL),
(98,	'emarket-delivery-808',	'i18n::object-type-mail',	1,	51,	0,	0,	20,	0,	NULL),
(99,	'emarket-delivery-842',	'i18n::object-type-apiship',	1,	51,	0,	0,	20,	0,	NULL),
(100,	'emarket-payment-791',	'i18n::object-type-sales_draft',	1,	47,	0,	0,	16,	0,	NULL),
(101,	'emarket-payment-801',	'i18n::object-type-pay_online',	1,	47,	0,	0,	16,	0,	NULL),
(102,	'emarket-payment-802',	'i18n::object-type-courier',	1,	47,	0,	0,	16,	0,	NULL),
(103,	'emarket-payment-812',	'i18n::object-type-robokassa',	1,	47,	0,	0,	16,	0,	NULL),
(104,	'emarket-payment-813',	'i18n::object-type-rbk_money',	1,	47,	0,	0,	16,	0,	NULL),
(105,	'emarket-payment-816',	'i18n::object-type-legal_person_account',	1,	47,	0,	0,	16,	0,	NULL),
(106,	'emarket-payment-payanyway',	'i18n::object-type-payanyway',	1,	47,	0,	0,	16,	0,	NULL),
(107,	'emarket-payment-dengionline',	'i18n::object-type-dengionline',	1,	47,	0,	0,	16,	0,	NULL),
(108,	'emarket-payment-kvk',	'КупиВКредит',	1,	47,	0,	0,	16,	0,	NULL),
(109,	'emarket-payment-acquiropay',	'i18n::object-type-emarket-payment-acquiropay',	1,	47,	0,	0,	16,	0,	NULL),
(110,	'emarket-payment-yandex30',	'i18n::object-type-emarket-payment-yandex30',	1,	47,	0,	0,	16,	0,	NULL),
(111,	'emarket-payment-paypal',	'i18n::object-type-emarket-payment-paypal',	1,	47,	0,	0,	16,	0,	NULL),
(112,	'emarket-payment-yandex-kassa',	'i18n::object-type-emarket-payment-yandex-kassa',	1,	47,	0,	0,	16,	0,	NULL),
(113,	'banners-place',	'i18n::object-type-banners-place',	1,	1,	1,	0,	58,	0,	NULL),
(114,	'banners-banner',	'i18n::object-type-banners-banner',	1,	0,	0,	0,	59,	0,	NULL),
(115,	'banners-banner-image',	'i18n::object-type-banners-banner-image',	1,	114,	0,	0,	59,	0,	NULL),
(116,	'banners-banner-swf',	'i18n::object-type-banners-banner-swf',	1,	114,	0,	0,	59,	0,	NULL),
(117,	'banners-banner-html',	'i18n::object-type-banners-banner-html',	1,	114,	0,	0,	59,	0,	NULL),
(118,	'users-avatar',	'i18n::object-type-users-avatar',	1,	1,	1,	1,	60,	0,	NULL),
(119,	'exchange-export',	'i18n::object-type-export',	1,	0,	0,	0,	61,	0,	NULL),
(120,	'exchange-import',	'i18n::object-type-import',	1,	0,	0,	0,	62,	0,	NULL),
(121,	'filemanager-sharedfile',	'i18n::object-type-filemanager-shared_file',	1,	3,	0,	0,	63,	0,	NULL),
(122,	'root-settings-type',	'i18n::object-type-root-settings-type',	1,	0,	0,	0,	64,	0,	NULL),
(123,	'ip-blacklist',	'i18n::object-type-ip_blacklist',	1,	1,	1,	1,	65,	0,	NULL),
(124,	'ip-whitelist',	'i18n::object-type-ip_whitelist',	1,	1,	1,	1,	66,	0,	NULL),
(125,	'appointment-page',	'Страница с записью на прием',	1,	3,	0,	0,	67,	0,	NULL),
(126,	'filemanagers',	'i18n::object-type-filemanagers',	1,	1,	1,	1,	0,	0,	NULL),
(127,	'',	'i18n::object-type-decoration',	0,	1,	1,	1,	0,	0,	1),
(128,	'',	'i18n::object-type-color-field-guide',	0,	1,	1,	1,	0,	0,	1),
(129,	'',	'i18n::object-type-sound-field-guide',	0,	1,	1,	1,	0,	0,	1),
(130,	'',	'i18n::object-type-audio_equipment',	0,	87,	0,	0,	56,	0,	1),
(131,	'',	'i18n::object-type-drives-field-guide',	0,	1,	1,	1,	0,	0,	1),
(132,	'',	'i18n::object-type-dvd_equipment',	0,	87,	0,	0,	56,	0,	1),
(133,	'',	'i18n::object-type-dvd_disks',	0,	132,	0,	0,	56,	0,	1),
(134,	'',	'i18n::object-type-diagonal-field-guide',	0,	1,	1,	1,	0,	0,	1),
(135,	'',	'i18n::object-type-screen-field-guide',	0,	1,	1,	1,	0,	0,	1),
(136,	'',	'i18n::object-type-brightness-field-guide',	0,	1,	1,	1,	0,	0,	1),
(137,	'',	'i18n::object-type-wall_mounting-field-guide',	0,	1,	1,	1,	0,	0,	1),
(138,	'',	'i18n::object-type-tv-sets',	0,	87,	0,	0,	56,	0,	1),
(139,	'',	'i18n::object-type-os-field-guide',	0,	1,	1,	1,	0,	0,	1),
(140,	'',	'i18n::object-type-mobile-telephony',	0,	87,	0,	0,	56,	0,	1),
(141,	'',	'i18n::object-type-template_theme-field-guide',	0,	1,	1,	1,	0,	0,	1),
(142,	'',	'i18n::object-type-contact_info',	0,	61,	0,	0,	30,	0,	1),
(143,	'call-order-form',	'Заказать звонок',	0,	74,	0,	0,	43,	0,	1);

DROP TABLE IF EXISTS `cms3_object_type_tree`;
CREATE TABLE `cms3_object_type_tree` (
  `id` int(10) unsigned NOT NULL AUTO_INCREMENT,
  `parent_id` int(10) unsigned DEFAULT NULL,
  `child_id` int(10) unsigned DEFAULT NULL,
  `level` int(10) unsigned DEFAULT NULL,
  PRIMARY KEY (`id`),
  UNIQUE KEY `unique parent-child object type relation` (`parent_id`,`child_id`),
  KEY `Object type id from child_id` (`child_id`),
  CONSTRAINT `Object type id from child_id` FOREIGN KEY (`child_id`) REFERENCES `cms3_object_types` (`id`) ON DELETE CASCADE ON UPDATE CASCADE,
  CONSTRAINT `Object type id from parent_id` FOREIGN KEY (`parent_id`) REFERENCES `cms3_object_types` (`id`) ON DELETE CASCADE ON UPDATE CASCADE
) ENGINE=InnoDB DEFAULT CHARSET=utf8;

INSERT INTO `cms3_object_type_tree` (`id`, `parent_id`, `child_id`, `level`) VALUES
(1,	NULL,	1,	0),
(2,	NULL,	2,	1),
(3,	1,	2,	1),
(4,	NULL,	3,	0),
(5,	NULL,	4,	1),
(6,	1,	4,	1),
(7,	NULL,	5,	1),
(8,	1,	5,	1),
(9,	NULL,	6,	1),
(10,	1,	6,	1),
(11,	NULL,	7,	1),
(12,	3,	7,	1),
(13,	NULL,	8,	1),
(14,	1,	8,	1),
(15,	NULL,	9,	1),
(16,	1,	9,	1),
(17,	NULL,	10,	1),
(18,	1,	10,	1),
(19,	NULL,	11,	1),
(20,	1,	11,	1),
(21,	NULL,	12,	1),
(22,	1,	12,	1),
(23,	NULL,	13,	1),
(24,	1,	13,	1),
(25,	NULL,	14,	1),
(26,	1,	14,	1),
(27,	NULL,	15,	1),
(28,	1,	15,	1),
(29,	NULL,	16,	1),
(30,	1,	16,	1),
(31,	NULL,	17,	1),
(32,	1,	17,	1),
(33,	NULL,	18,	1),
(34,	1,	18,	1),
(35,	NULL,	19,	1),
(36,	1,	19,	1),
(37,	NULL,	20,	1),
(38,	1,	20,	1),
(39,	NULL,	21,	0),
(40,	NULL,	22,	1),
(41,	1,	22,	1),
(42,	NULL,	23,	1),
(43,	1,	23,	1),
(44,	NULL,	24,	1),
(45,	1,	24,	1),
(46,	NULL,	25,	1),
(47,	1,	25,	1),
(48,	NULL,	26,	1),
(49,	1,	26,	1),
(50,	NULL,	27,	1),
(51,	1,	27,	1),
(52,	NULL,	28,	1),
(53,	1,	28,	1),
(54,	NULL,	29,	1),
(55,	1,	29,	1),
(56,	NULL,	30,	1),
(57,	1,	30,	1),
(58,	NULL,	31,	1),
(59,	1,	31,	1),
(60,	NULL,	32,	0),
(61,	NULL,	33,	1),
(62,	1,	33,	1),
(63,	NULL,	34,	0),
(64,	NULL,	35,	0),
(65,	NULL,	36,	0),
(66,	NULL,	37,	1),
(67,	3,	37,	1),
(68,	NULL,	38,	2),
(69,	3,	38,	2),
(70,	37,	38,	2),
(71,	NULL,	39,	0),
(72,	NULL,	40,	1),
(73,	1,	40,	1),
(74,	NULL,	41,	1),
(75,	1,	41,	1),
(76,	NULL,	42,	0),
(77,	NULL,	43,	1),
(78,	1,	43,	1),
(79,	NULL,	44,	1),
(80,	1,	44,	1),
(81,	NULL,	45,	1),
(82,	1,	45,	1),
(83,	NULL,	46,	1),
(84,	1,	46,	1),
(85,	NULL,	47,	0),
(86,	NULL,	48,	1),
(87,	1,	48,	1),
(88,	NULL,	49,	1),
(89,	1,	49,	1),
(90,	NULL,	50,	1),
(91,	1,	50,	1),
(92,	NULL,	51,	0),
(93,	NULL,	52,	1),
(94,	1,	52,	1),
(95,	NULL,	53,	0),
(96,	NULL,	54,	0),
(97,	NULL,	55,	1),
(98,	1,	55,	1),
(99,	NULL,	56,	1),
(100,	32,	56,	1),
(101,	NULL,	57,	1),
(102,	34,	57,	1),
(103,	NULL,	58,	0),
(104,	NULL,	59,	1),
(105,	1,	59,	1),
(106,	NULL,	60,	1),
(107,	3,	60,	1),
(108,	NULL,	61,	1),
(109,	3,	61,	1),
(110,	NULL,	62,	0),
(111,	NULL,	63,	1),
(112,	3,	63,	1),
(113,	NULL,	64,	0),
(114,	NULL,	65,	1),
(115,	3,	65,	1),
(116,	NULL,	66,	1),
(117,	3,	66,	1),
(118,	NULL,	67,	1),
(119,	3,	67,	1),
(120,	NULL,	68,	1),
(121,	3,	68,	1),
(122,	NULL,	69,	1),
(123,	3,	69,	1),
(124,	NULL,	70,	1),
(125,	3,	70,	1),
(126,	NULL,	71,	0),
(127,	NULL,	72,	1),
(128,	3,	72,	1),
(129,	NULL,	73,	1),
(130,	3,	73,	1),
(131,	NULL,	74,	0),
(132,	NULL,	75,	0),
(133,	NULL,	76,	0),
(134,	NULL,	77,	1),
(135,	3,	77,	1),
(136,	NULL,	78,	1),
(137,	3,	78,	1),
(138,	NULL,	79,	1),
(139,	3,	79,	1),
(140,	NULL,	80,	1),
(141,	3,	80,	1),
(142,	NULL,	81,	1),
(143,	3,	81,	1),
(144,	NULL,	82,	0),
(145,	NULL,	83,	0),
(146,	NULL,	84,	0),
(147,	NULL,	85,	0),
(148,	NULL,	86,	1),
(149,	3,	86,	1),
(150,	NULL,	87,	1),
(151,	3,	87,	1),
(152,	NULL,	88,	1),
(153,	1,	88,	1),
(154,	NULL,	89,	1),
(155,	32,	89,	1),
(156,	NULL,	90,	1),
(157,	34,	90,	1),
(158,	NULL,	91,	1),
(159,	34,	91,	1),
(160,	NULL,	92,	1),
(161,	34,	92,	1),
(162,	NULL,	93,	1),
(163,	34,	93,	1),
(164,	NULL,	94,	1),
(165,	34,	94,	1),
(166,	NULL,	95,	1),
(167,	34,	95,	1),
(168,	NULL,	96,	1),
(169,	51,	96,	1),
(170,	NULL,	97,	1),
(171,	51,	97,	1),
(172,	NULL,	98,	1),
(173,	51,	98,	1),
(174,	NULL,	99,	1),
(175,	51,	99,	1),
(176,	NULL,	100,	1),
(177,	47,	100,	1),
(178,	NULL,	101,	1),
(179,	47,	101,	1),
(180,	NULL,	102,	1),
(181,	47,	102,	1),
(182,	NULL,	103,	1),
(183,	47,	103,	1),
(184,	NULL,	104,	1),
(185,	47,	104,	1),
(186,	NULL,	105,	1),
(187,	47,	105,	1),
(188,	NULL,	106,	1),
(189,	47,	106,	1),
(190,	NULL,	107,	1),
(191,	47,	107,	1),
(192,	NULL,	108,	1),
(193,	47,	108,	1),
(194,	NULL,	109,	1),
(195,	47,	109,	1),
(196,	NULL,	110,	1),
(197,	47,	110,	1),
(198,	NULL,	111,	1),
(199,	47,	111,	1),
(200,	NULL,	112,	1),
(201,	47,	112,	1),
(202,	NULL,	113,	1),
(203,	1,	113,	1),
(204,	NULL,	114,	0),
(205,	NULL,	115,	1),
(206,	114,	115,	1),
(207,	NULL,	116,	1),
(208,	114,	116,	1),
(209,	NULL,	117,	1),
(210,	114,	117,	1),
(211,	NULL,	118,	1),
(212,	1,	118,	1),
(213,	NULL,	119,	0),
(214,	NULL,	120,	0),
(215,	NULL,	121,	1),
(216,	3,	121,	1),
(217,	NULL,	122,	0),
(218,	NULL,	123,	1),
(219,	1,	123,	1),
(220,	NULL,	124,	1),
(221,	1,	124,	1),
(222,	NULL,	125,	1),
(223,	3,	125,	1),
(224,	NULL,	126,	1),
(225,	1,	126,	1),
(226,	NULL,	127,	1),
(227,	1,	127,	1),
(228,	NULL,	128,	1),
(229,	1,	128,	1),
(230,	NULL,	129,	1),
(231,	1,	129,	1),
(232,	NULL,	130,	2),
(233,	3,	130,	2),
(234,	87,	130,	2),
(235,	NULL,	131,	1),
(236,	1,	131,	1),
(237,	NULL,	132,	2),
(238,	3,	132,	2),
(239,	87,	132,	2),
(240,	NULL,	133,	3),
(241,	3,	133,	3),
(242,	87,	133,	3),
(243,	132,	133,	3),
(244,	NULL,	134,	1),
(245,	1,	134,	1),
(246,	NULL,	135,	1),
(247,	1,	135,	1),
(248,	NULL,	136,	1),
(249,	1,	136,	1),
(250,	NULL,	137,	1),
(251,	1,	137,	1),
(252,	NULL,	138,	2),
(253,	3,	138,	2),
(254,	87,	138,	2),
(255,	NULL,	139,	1),
(256,	1,	139,	1),
(257,	NULL,	140,	2),
(258,	3,	140,	2),
(259,	87,	140,	2),
(260,	NULL,	141,	1),
(261,	1,	141,	1),
(262,	NULL,	142,	2),
(263,	3,	142,	2),
(264,	61,	142,	2),
(265,	NULL,	143,	1),
(266,	74,	143,	1);

DROP TABLE IF EXISTS `cms3_offer_list`;
CREATE TABLE `cms3_offer_list` (
  `id` int(10) unsigned NOT NULL AUTO_INCREMENT,
  `type_id` int(10) unsigned NOT NULL,
  `data_object_id` int(10) unsigned DEFAULT NULL,
  `name` varchar(255) DEFAULT NULL,
  `vendor_code` varchar(255) DEFAULT NULL,
  `bar_code` varchar(255) DEFAULT NULL,
  `total_count` bigint(20) unsigned DEFAULT 0,
  `is_active` tinyint(1) DEFAULT 1,
  `order` bigint(20) unsigned DEFAULT 0,
  `weight` bigint(20) unsigned DEFAULT 0,
  `width` bigint(20) unsigned DEFAULT 0,
  `length` bigint(20) unsigned DEFAULT 0,
  `height` bigint(20) unsigned DEFAULT 0,
  PRIMARY KEY (`id`),
  UNIQUE KEY `vendor_code` (`vendor_code`),
  KEY `offer to type id` (`type_id`),
  KEY `offer to data object id` (`data_object_id`),
  CONSTRAINT `offer to data object id` FOREIGN KEY (`data_object_id`) REFERENCES `cms3_objects` (`id`) ON DELETE SET NULL ON UPDATE CASCADE,
  CONSTRAINT `offer to type id` FOREIGN KEY (`type_id`) REFERENCES `cms3_object_types` (`id`) ON DELETE CASCADE ON UPDATE CASCADE
) ENGINE=InnoDB DEFAULT CHARSET=utf8;


DROP TABLE IF EXISTS `cms3_offer_price_list`;
CREATE TABLE `cms3_offer_price_list` (
  `id` int(10) unsigned NOT NULL AUTO_INCREMENT,
  `value` double unsigned NOT NULL,
  `offer_id` int(10) unsigned NOT NULL,
  `currency_id` int(10) unsigned NOT NULL,
  `type_id` int(10) unsigned NOT NULL,
  `is_main` tinyint(1) DEFAULT 0,
  PRIMARY KEY (`id`),
  KEY `offer price to offer` (`offer_id`),
  KEY `offer price to currency` (`currency_id`),
  KEY `offer price to type` (`type_id`),
  CONSTRAINT `offer price to currency` FOREIGN KEY (`currency_id`) REFERENCES `cms3_objects` (`id`) ON DELETE CASCADE ON UPDATE CASCADE,
  CONSTRAINT `offer price to offer` FOREIGN KEY (`offer_id`) REFERENCES `cms3_offer_list` (`id`) ON DELETE CASCADE ON UPDATE CASCADE,
  CONSTRAINT `offer price to type` FOREIGN KEY (`type_id`) REFERENCES `cms3_offer_price_type_list` (`id`) ON DELETE CASCADE ON UPDATE CASCADE
) ENGINE=InnoDB DEFAULT CHARSET=utf8;


DROP TABLE IF EXISTS `cms3_offer_price_type_list`;
CREATE TABLE `cms3_offer_price_type_list` (
  `id` int(10) unsigned NOT NULL AUTO_INCREMENT,
  `name` varchar(255) NOT NULL,
  `title` varchar(255) NOT NULL,
  `is_default` tinyint(1) DEFAULT 0,
  PRIMARY KEY (`id`),
  UNIQUE KEY `name` (`name`)
) ENGINE=InnoDB DEFAULT CHARSET=utf8;

INSERT INTO `cms3_offer_price_type_list` (`id`, `name`, `title`, `is_default`) VALUES
(1,	'default',	'Основная',	1);

DROP TABLE IF EXISTS `cms3_permissions`;
CREATE TABLE `cms3_permissions` (
  `level` tinyint(4) DEFAULT NULL,
  `owner_id` int(10) unsigned DEFAULT NULL,
  `rel_id` int(10) unsigned DEFAULT NULL,
  KEY `owner reference_FK` (`owner_id`),
  KEY `rel reference_FK` (`rel_id`),
  KEY `level` (`level`),
  CONSTRAINT `FK_owner reference` FOREIGN KEY (`owner_id`) REFERENCES `cms3_objects` (`id`) ON DELETE CASCADE ON UPDATE CASCADE,
  CONSTRAINT `FK_rel reference` FOREIGN KEY (`rel_id`) REFERENCES `cms3_hierarchy` (`id`) ON DELETE CASCADE ON UPDATE CASCADE
) ENGINE=InnoDB DEFAULT CHARSET=utf8;

INSERT INTO `cms3_permissions` (`level`, `owner_id`, `rel_id`) VALUES
(1,	618,	150),
(1,	618,	226),
(1,	618,	1),
(1,	618,	2),
(1,	618,	3),
(1,	618,	4),
(1,	618,	5),
(1,	618,	6),
(1,	618,	7),
(1,	618,	8),
(1,	618,	9),
(1,	618,	10),
(1,	618,	11),
(1,	618,	12),
(2,	182,	12),
(1,	618,	13),
(1,	618,	14),
(1,	618,	15),
(1,	618,	16),
(1,	618,	17),
(1,	618,	18),
(1,	618,	19),
(1,	618,	20),
(1,	618,	21),
(1,	618,	22),
(1,	618,	23),
(1,	618,	24),
(1,	618,	25),
(1,	618,	26),
(1,	618,	27),
(31,	182,	27),
(1,	618,	28),
(1,	618,	29),
(1,	618,	30),
(1,	618,	31),
(1,	618,	32),
(1,	618,	33),
(1,	618,	34),
(1,	618,	35),
(1,	618,	36),
(1,	618,	37),
(1,	618,	38),
(1,	618,	39),
(1,	618,	40),
(1,	618,	41),
(1,	618,	42),
(1,	618,	43),
(1,	618,	44),
(1,	618,	45),
(1,	618,	46),
(1,	618,	47),
(1,	618,	48),
(1,	618,	49),
(1,	618,	50),
(1,	618,	51),
(1,	618,	52),
(1,	618,	53),
(1,	618,	54),
(1,	618,	55),
(1,	618,	56),
(1,	618,	57),
(1,	618,	58),
(1,	618,	59),
(1,	618,	60),
(1,	618,	61),
(1,	618,	62),
(1,	618,	63),
(1,	618,	64),
(1,	618,	65),
(1,	618,	66),
(1,	618,	67),
(1,	618,	68),
(1,	618,	69),
(1,	618,	70),
(1,	618,	71),
(1,	618,	72),
(1,	618,	73),
(1,	618,	74),
(1,	618,	75),
(1,	618,	76),
(1,	618,	77),
(1,	618,	78),
(1,	618,	79),
(1,	618,	80),
(1,	618,	81),
(1,	618,	82),
(1,	618,	83),
(1,	618,	84),
(1,	618,	85),
(1,	618,	86),
(1,	618,	87),
(1,	618,	88),
(1,	618,	89),
(1,	618,	90),
(1,	618,	91),
(1,	618,	92),
(1,	618,	93),
(1,	618,	94),
(1,	618,	95),
(1,	618,	96),
(1,	618,	97),
(1,	618,	98),
(1,	618,	99),
(1,	618,	100),
(1,	618,	101),
(1,	618,	102),
(1,	618,	103),
(1,	618,	104),
(1,	618,	105),
(1,	618,	106),
(1,	618,	107),
(1,	618,	108),
(1,	618,	109),
(1,	618,	110),
(1,	618,	111),
(1,	618,	112),
(1,	618,	113),
(1,	618,	114),
(1,	618,	115),
(1,	618,	116),
(1,	618,	117),
(1,	618,	118),
(1,	618,	119),
(1,	618,	120),
(1,	618,	121),
(1,	618,	122),
(1,	618,	123),
(1,	618,	124),
(1,	618,	125),
(1,	618,	126),
(1,	618,	127),
(1,	618,	128),
(1,	618,	129),
(1,	618,	130),
(1,	618,	131),
(1,	618,	132),
(1,	618,	133),
(1,	618,	134),
(1,	618,	135),
(1,	618,	136),
(1,	618,	137),
(1,	618,	138),
(1,	618,	139),
(1,	618,	140),
(1,	618,	141),
(1,	618,	142),
(1,	618,	143),
(1,	618,	144),
(1,	618,	145),
(1,	618,	146),
(1,	618,	147),
(1,	618,	148),
(1,	618,	149),
(1,	618,	151),
(1,	618,	152),
(1,	618,	153),
(1,	618,	154),
(1,	618,	155),
(1,	618,	156),
(1,	618,	157),
(1,	618,	158),
(1,	618,	159),
(1,	618,	160),
(1,	618,	161),
(1,	618,	162),
(1,	618,	163),
(1,	618,	164),
(1,	618,	165),
(1,	618,	166),
(1,	618,	167),
(1,	618,	168),
(1,	618,	169),
(1,	618,	170),
(1,	618,	171),
(1,	618,	172),
(1,	618,	173),
(1,	618,	174),
(1,	618,	175),
(1,	618,	176),
(1,	618,	177),
(1,	618,	178),
(1,	618,	179),
(1,	618,	180),
(1,	618,	181),
(1,	618,	182),
(1,	618,	183),
(1,	618,	184),
(1,	618,	185),
(1,	618,	186),
(1,	618,	187),
(1,	618,	188),
(1,	618,	189),
(1,	618,	190),
(1,	618,	191),
(1,	618,	192),
(1,	618,	193),
(1,	618,	194),
(1,	618,	195),
(1,	618,	196),
(1,	618,	197),
(1,	618,	198),
(1,	618,	199),
(1,	618,	200),
(1,	618,	201),
(1,	618,	202),
(1,	618,	203),
(1,	618,	204),
(1,	618,	205),
(1,	618,	206),
(1,	618,	207),
(1,	618,	208),
(1,	618,	209),
(1,	618,	210),
(1,	618,	211),
(1,	618,	212),
(1,	618,	213),
(1,	618,	214),
(1,	618,	215),
(1,	618,	216),
(1,	618,	217),
(1,	618,	218),
(1,	618,	219),
(1,	618,	220),
(1,	618,	221),
(1,	618,	222),
(1,	618,	223),
(1,	618,	224),
(1,	618,	225),
(1,	618,	227),
(1,	618,	228),
(1,	618,	229),
(1,	618,	230),
(1,	618,	231),
(1,	618,	232),
(1,	618,	233),
(1,	618,	234),
(1,	618,	235);

DROP TABLE IF EXISTS `cms3_redirects`;
CREATE TABLE `cms3_redirects` (
  `id` int(11) NOT NULL AUTO_INCREMENT,
  `source` text NOT NULL,
  `target` text NOT NULL,
  `status` int(10) unsigned DEFAULT 301,
  `made_by_user` tinyint(1) unsigned NOT NULL DEFAULT 0,
  PRIMARY KEY (`id`),
  KEY `source` (`source`(255))
) ENGINE=InnoDB DEFAULT CHARSET=utf8;


DROP TABLE IF EXISTS `cms3_search`;
CREATE TABLE `cms3_search` (
  `rel_id` int(10) unsigned NOT NULL,
  `indextime` int(11) DEFAULT NULL,
  `lang_id` int(11) DEFAULT NULL,
  `domain_id` int(11) DEFAULT NULL,
  `type_id` int(11) DEFAULT NULL,
  PRIMARY KEY (`rel_id`),
  KEY `lang_id + domain_id + type_id_FK` (`lang_id`,`domain_id`,`type_id`),
  KEY `domain_id` (`domain_id`,`type_id`),
  KEY `indextime` (`indextime`),
  KEY `type_id` (`type_id`)
) ENGINE=InnoDB DEFAULT CHARSET=utf8;

INSERT INTO `cms3_search` (`rel_id`, `indextime`, `lang_id`, `domain_id`, `type_id`) VALUES
(1,	1566304150,	1,	1,	56),
(2,	1566304150,	1,	1,	55),
(3,	1566304150,	1,	1,	30),
(4,	1566304150,	1,	1,	55),
(5,	1566304150,	1,	1,	1),
(6,	1566304150,	1,	1,	30),
(7,	1566304150,	1,	1,	30),
(8,	1566304150,	1,	1,	30),
(9,	1566304150,	1,	1,	30),
(10,	1566304150,	1,	1,	30),
(11,	1566304150,	1,	1,	41),
(12,	1566304150,	1,	1,	32),
(13,	1566304150,	1,	1,	48),
(14,	1566304150,	1,	1,	38),
(15,	1566304150,	1,	1,	37),
(16,	1566304150,	1,	1,	36),
(17,	1566304150,	1,	1,	46),
(19,	1566304150,	2,	1,	30),
(20,	1566304150,	2,	1,	55),
(21,	1566304150,	2,	1,	1),
(22,	1566304150,	2,	1,	30),
(23,	1566304150,	2,	1,	30),
(24,	1566304150,	2,	1,	30),
(25,	1566304150,	2,	1,	30),
(26,	1566304150,	2,	1,	30),
(27,	1566304150,	2,	1,	32),
(28,	1566304150,	2,	1,	48),
(29,	1566304150,	2,	1,	38),
(30,	1566304150,	2,	1,	37),
(31,	1566304150,	2,	1,	36),
(32,	1566304150,	2,	1,	46),
(34,	1566304150,	2,	1,	41),
(35,	1566304150,	1,	1,	55),
(36,	1566304150,	1,	1,	55),
(37,	1566304150,	1,	1,	55),
(38,	1566304150,	1,	1,	55),
(39,	1566304263,	1,	1,	55),
(40,	1566304150,	1,	1,	55),
(41,	1566304150,	1,	1,	55),
(42,	1566304150,	1,	1,	55),
(43,	1566304150,	1,	1,	55),
(44,	1566304150,	1,	1,	55),
(45,	1566304150,	1,	1,	55),
(46,	1566304150,	1,	1,	55),
(47,	1566304150,	1,	1,	55),
(48,	1566304150,	1,	1,	55),
(49,	1566304150,	1,	1,	55),
(50,	1566304150,	1,	1,	55),
(51,	1566304150,	1,	1,	55),
(52,	1566304150,	1,	1,	56),
(53,	1566304150,	1,	1,	56),
(54,	1566304150,	1,	1,	56),
(55,	1566304150,	1,	1,	56),
(56,	1566304150,	1,	1,	56),
(57,	1566304150,	1,	1,	56),
(58,	1566304150,	1,	1,	56),
(59,	1566304150,	1,	1,	56),
(60,	1566304150,	1,	1,	56),
(61,	1566304150,	1,	1,	56),
(62,	1566304150,	1,	1,	56),
(63,	1566304150,	1,	1,	56),
(64,	1566304150,	1,	1,	56),
(65,	1566304150,	1,	1,	56),
(66,	1566304150,	1,	1,	56),
(67,	1566304150,	1,	1,	56),
(68,	1566304150,	1,	1,	56),
(69,	1566304150,	1,	1,	56),
(70,	1566304150,	1,	1,	56),
(71,	1566304150,	1,	1,	56),
(72,	1566304150,	1,	1,	56),
(73,	1566304150,	1,	1,	56),
(74,	1566304150,	1,	1,	56),
(75,	1566304150,	1,	1,	56),
(76,	1566304150,	1,	1,	56),
(77,	1566304150,	1,	1,	56),
(78,	1566304151,	1,	1,	56),
(79,	1566304151,	1,	1,	56),
(80,	1566304151,	1,	1,	56),
(81,	1566304151,	1,	1,	56),
(82,	1566304151,	1,	1,	56),
(83,	1566304151,	1,	1,	56),
(84,	1566304151,	1,	1,	56),
(85,	1566304151,	1,	1,	56),
(86,	1566304151,	1,	1,	56),
(87,	1566304151,	1,	1,	56),
(88,	1566304151,	1,	1,	56),
(89,	1566304151,	1,	1,	56),
(90,	1566304151,	1,	1,	56),
(91,	1566304151,	1,	1,	56),
(92,	1566304151,	1,	1,	56),
(93,	1566304151,	1,	1,	56),
(94,	1566304151,	1,	1,	56),
(95,	1566304151,	1,	1,	56),
(96,	1566304151,	1,	1,	56),
(97,	1566304151,	1,	1,	56),
(98,	1566304151,	1,	1,	56),
(99,	1566304151,	1,	1,	56),
(100,	1566304151,	1,	1,	56),
(101,	1566304151,	1,	1,	56),
(102,	1566304151,	1,	1,	56),
(103,	1566304151,	1,	1,	56),
(104,	1566304151,	1,	1,	56),
(105,	1566304151,	1,	1,	56),
(106,	1566304151,	1,	1,	56),
(107,	1566304151,	1,	1,	56),
(108,	1566304151,	1,	1,	56),
(109,	1566304151,	1,	1,	56),
(110,	1566304151,	1,	1,	56),
(111,	1566304151,	1,	1,	56),
(112,	1566304151,	1,	1,	56),
(113,	1566304151,	1,	1,	56),
(114,	1566304151,	1,	1,	56),
(115,	1566304151,	1,	1,	56),
(116,	1566304151,	1,	1,	56),
(117,	1566304151,	1,	1,	56),
(118,	1566304151,	1,	1,	56),
(119,	1566304151,	1,	1,	56),
(120,	1566304151,	1,	1,	56),
(121,	1566304151,	1,	1,	56),
(122,	1566304151,	1,	1,	56),
(123,	1566304151,	1,	1,	56),
(124,	1566304151,	1,	1,	56),
(125,	1566304151,	1,	1,	56),
(126,	1566304151,	1,	1,	56),
(127,	1566304151,	1,	1,	56),
(128,	1566304151,	1,	1,	39),
(131,	1566304151,	1,	1,	29),
(132,	1566304151,	1,	1,	29),
(133,	1566304151,	1,	1,	56),
(134,	1566304151,	1,	1,	56),
(135,	1566304151,	1,	1,	56),
(136,	1566304151,	1,	1,	56),
(137,	1566304151,	1,	1,	56),
(138,	1566304151,	1,	1,	56),
(139,	1566304151,	1,	1,	56),
(140,	1566304151,	1,	1,	56),
(143,	1566304151,	1,	1,	39),
(145,	1566304151,	1,	1,	39),
(148,	1566304151,	1,	1,	39),
(149,	1566304151,	1,	1,	35),
(150,	1566304151,	1,	1,	34),
(151,	1566304151,	1,	1,	49),
(152,	1566304151,	1,	1,	50),
(153,	1566304151,	1,	1,	50),
(154,	1566304151,	1,	1,	38),
(155,	1566304151,	1,	1,	47),
(156,	1566304151,	1,	1,	47),
(157,	1566304151,	1,	1,	47),
(158,	1566304151,	1,	1,	47),
(159,	1566304151,	2,	1,	55),
(160,	1566304151,	2,	1,	55),
(161,	1566304151,	2,	1,	55),
(162,	1566304151,	2,	1,	55),
(163,	1566304151,	2,	1,	55),
(164,	1566304151,	2,	1,	55),
(165,	1566304151,	2,	1,	55),
(166,	1566304151,	2,	1,	56),
(167,	1566304151,	2,	1,	56),
(168,	1566304151,	2,	1,	55),
(169,	1566304151,	2,	1,	56),
(170,	1566304151,	2,	1,	56),
(171,	1566304151,	2,	1,	55),
(172,	1566304151,	2,	1,	56),
(173,	1566304151,	2,	1,	56),
(174,	1566304151,	2,	1,	39),
(175,	1566304151,	2,	1,	56),
(176,	1566304151,	2,	1,	56),
(177,	1566304151,	2,	1,	56),
(178,	1566304151,	2,	1,	56),
(179,	1566304151,	2,	1,	56),
(180,	1566304151,	2,	1,	55),
(181,	1566304151,	2,	1,	55),
(182,	1566304151,	2,	1,	56),
(183,	1566304151,	2,	1,	56),
(184,	1566304151,	2,	1,	56),
(185,	1566304151,	2,	1,	56),
(186,	1566304151,	2,	1,	56),
(187,	1566304151,	2,	1,	56),
(188,	1566304151,	2,	1,	56),
(189,	1566304151,	2,	1,	56),
(190,	1566304151,	2,	1,	55),
(191,	1566304151,	2,	1,	55),
(192,	1566304151,	2,	1,	55),
(193,	1566304151,	2,	1,	55),
(194,	1566304151,	2,	1,	56),
(195,	1566304151,	2,	1,	56),
(196,	1566304151,	2,	1,	56),
(197,	1566304152,	2,	1,	56),
(198,	1566304152,	2,	1,	56),
(199,	1566304152,	2,	1,	39),
(202,	1566304152,	2,	1,	39),
(203,	1566304152,	2,	1,	56),
(204,	1566304152,	2,	1,	56),
(205,	1566304152,	2,	1,	56),
(206,	1566304152,	2,	1,	56),
(207,	1566304152,	2,	1,	56),
(208,	1566304152,	2,	1,	56),
(209,	1566304152,	2,	1,	56),
(210,	1566304152,	2,	1,	56),
(211,	1566304152,	2,	1,	56),
(212,	1566304152,	2,	1,	55),
(213,	1566304152,	2,	1,	55),
(214,	1566304152,	2,	1,	55),
(215,	1566304152,	2,	1,	56),
(216,	1566304152,	2,	1,	56),
(217,	1566304152,	2,	1,	56),
(218,	1566304152,	2,	1,	56),
(219,	1566304152,	2,	1,	56),
(220,	1566304152,	2,	1,	56),
(221,	1566304152,	2,	1,	56),
(222,	1566304152,	2,	1,	39),
(223,	1566304152,	2,	1,	29),
(224,	1566304152,	2,	1,	29),
(225,	1566304152,	2,	1,	35),
(226,	1566304152,	2,	1,	34),
(227,	1566304152,	2,	1,	49),
(228,	1566304152,	2,	1,	50),
(229,	1566304152,	2,	1,	50),
(230,	1566304152,	2,	1,	38),
(231,	1566304152,	2,	1,	47),
(232,	1566304152,	2,	1,	47),
(233,	1566304152,	2,	1,	47),
(234,	1566304152,	2,	1,	47),
(235,	1566304152,	1,	1,	67);

DROP TABLE IF EXISTS `cms3_search_index`;
CREATE TABLE `cms3_search_index` (
  `rel_id` int(10) unsigned DEFAULT NULL,
  `weight` int(11) DEFAULT NULL,
  `word_id` int(10) unsigned DEFAULT NULL,
  `tf` float DEFAULT NULL,
  KEY `pages to index_FK` (`rel_id`),
  KEY `word index_FK` (`word_id`),
  KEY `weight` (`weight`),
  KEY `tf` (`tf`)
) ENGINE=InnoDB DEFAULT CHARSET=utf8;

INSERT INTO `cms3_search_index` (`rel_id`, `weight`, `word_id`, `tf`) VALUES
(1,	10,	1,	0.5),
(1,	10,	2,	0.5),
(2,	5,	3,	1),
(3,	5,	4,	0.0769231),
(3,	5,	5,	0.0769231),
(3,	1,	6,	0.0153846),
(3,	2,	7,	0.0307692),
(3,	1,	8,	0.0153846),
(3,	2,	9,	0.0307692),
(3,	3,	10,	0.0461538),
(3,	1,	11,	0.0153846),
(3,	1,	12,	0.0153846),
(3,	1,	13,	0.0153846),
(3,	1,	14,	0.0153846),
(3,	1,	15,	0.0153846),
(3,	1,	16,	0.0153846),
(3,	1,	17,	0.0153846),
(3,	1,	18,	0.0153846),
(3,	1,	19,	0.0153846),
(3,	2,	20,	0.0307692),
(3,	2,	21,	0.0307692),
(3,	1,	22,	0.0153846),
(3,	1,	23,	0.0153846),
(3,	1,	24,	0.0153846),
(3,	1,	25,	0.0153846),
(3,	2,	26,	0.0307692),
(3,	1,	27,	0.0153846),
(3,	1,	28,	0.0153846),
(3,	1,	29,	0.0153846),
(3,	1,	30,	0.0153846),
(3,	1,	31,	0.0153846),
(3,	1,	32,	0.0153846),
(3,	1,	33,	0.0153846),
(3,	1,	34,	0.0153846),
(3,	1,	35,	0.0153846),
(3,	1,	36,	0.0153846),
(3,	1,	37,	0.0153846),
(3,	1,	38,	0.0153846),
(3,	1,	39,	0.0153846),
(3,	1,	40,	0.0153846),
(3,	1,	41,	0.0153846),
(4,	5,	42,	0.5),
(4,	5,	43,	0.5),
(5,	5,	44,	1),
(6,	6,	45,	0.12766),
(6,	6,	46,	0.12766),
(6,	1,	47,	0.0212766),
(6,	1,	17,	0.0212766),
(6,	1,	48,	0.0212766),
(6,	1,	49,	0.0212766),
(6,	1,	50,	0.0212766),
(6,	1,	51,	0.0212766),
(6,	1,	52,	0.0212766),
(6,	1,	53,	0.0212766),
(6,	1,	54,	0.0212766),
(6,	1,	55,	0.0212766),
(6,	1,	56,	0.0212766),
(6,	1,	57,	0.0212766),
(6,	1,	58,	0.0212766),
(6,	1,	59,	0.0212766),
(6,	1,	60,	0.0212766),
(7,	5,	61,	0.16129),
(7,	1,	47,	0.0322581),
(7,	1,	17,	0.0322581),
(7,	1,	62,	0.0322581),
(7,	1,	48,	0.0322581),
(7,	1,	63,	0.0322581),
(7,	1,	50,	0.0322581),
(7,	1,	51,	0.0322581),
(7,	1,	64,	0.0322581),
(7,	1,	52,	0.0322581),
(7,	1,	53,	0.0322581),
(7,	1,	65,	0.0322581),
(7,	1,	56,	0.0322581),
(7,	1,	9,	0.0322581),
(7,	1,	66,	0.0322581),
(7,	1,	67,	0.0322581),
(7,	1,	68,	0.0322581),
(8,	6,	69,	0.142857),
(8,	6,	70,	0.142857),
(8,	1,	47,	0.0238095),
(8,	1,	53,	0.0238095),
(8,	1,	48,	0.0238095),
(8,	1,	63,	0.0238095),
(8,	1,	50,	0.0238095),
(8,	1,	51,	0.0238095),
(8,	1,	64,	0.0238095),
(8,	1,	71,	0.0238095),
(8,	1,	72,	0.0238095),
(8,	1,	73,	0.0238095),
(8,	1,	74,	0.0238095),
(8,	1,	75,	0.0238095),
(8,	1,	76,	0.0238095),
(8,	1,	77,	0.0238095),
(8,	1,	78,	0.0238095),
(8,	1,	79,	0.0238095),
(8,	1,	80,	0.0238095),
(8,	1,	81,	0.0238095),
(9,	6,	82,	0.153846),
(9,	1,	83,	0.025641),
(9,	1,	84,	0.025641),
(9,	1,	85,	0.025641),
(9,	1,	86,	0.025641),
(9,	1,	87,	0.025641),
(9,	1,	50,	0.025641),
(9,	1,	51,	0.025641),
(9,	1,	52,	0.025641),
(9,	1,	53,	0.025641),
(9,	1,	54,	0.025641),
(9,	1,	88,	0.025641),
(9,	1,	89,	0.025641),
(9,	1,	90,	0.025641),
(9,	1,	91,	0.025641),
(9,	1,	92,	0.025641),
(9,	1,	93,	0.025641),
(10,	5,	21,	0.0308642),
(10,	5,	94,	0.0308642),
(10,	1,	95,	0.00617284),
(10,	1,	96,	0.00617284),
(10,	1,	97,	0.00617284),
(10,	1,	98,	0.00617284),
(10,	1,	99,	0.00617284),
(10,	2,	100,	0.0123457),
(10,	1,	101,	0.00617284),
(10,	5,	38,	0.0308642),
(10,	1,	102,	0.00617284),
(10,	1,	103,	0.00617284),
(10,	2,	28,	0.0123457),
(10,	1,	104,	0.00617284),
(10,	1,	105,	0.00617284),
(10,	1,	106,	0.00617284),
(10,	1,	107,	0.00617284),
(10,	1,	13,	0.00617284),
(10,	1,	108,	0.00617284),
(10,	1,	109,	0.00617284),
(10,	3,	110,	0.0185185),
(10,	1,	111,	0.00617284),
(10,	3,	79,	0.0185185),
(10,	2,	112,	0.0123457),
(10,	1,	113,	0.00617284),
(10,	1,	114,	0.00617284),
(10,	1,	115,	0.00617284),
(10,	1,	116,	0.00617284),
(10,	1,	117,	0.00617284),
(10,	1,	118,	0.00617284),
(10,	2,	119,	0.0123457),
(10,	1,	25,	0.00617284),
(10,	1,	120,	0.00617284),
(10,	1,	121,	0.00617284),
(10,	1,	122,	0.00617284),
(10,	1,	123,	0.00617284),
(10,	1,	124,	0.00617284),
(10,	1,	125,	0.00617284),
(10,	1,	126,	0.00617284),
(10,	1,	127,	0.00617284),
(10,	1,	128,	0.00617284),
(10,	1,	129,	0.00617284),
(10,	1,	130,	0.00617284),
(10,	2,	62,	0.0123457),
(10,	1,	131,	0.00617284),
(10,	1,	132,	0.00617284),
(10,	1,	133,	0.00617284),
(10,	1,	134,	0.00617284),
(10,	1,	135,	0.00617284),
(10,	1,	136,	0.00617284),
(10,	1,	137,	0.00617284),
(10,	1,	138,	0.00617284),
(10,	1,	139,	0.00617284),
(10,	2,	63,	0.0123457),
(10,	1,	140,	0.00617284),
(10,	1,	141,	0.00617284),
(10,	1,	142,	0.00617284),
(10,	1,	20,	0.00617284),
(10,	1,	143,	0.00617284),
(10,	1,	144,	0.00617284),
(10,	1,	145,	0.00617284),
(10,	1,	146,	0.00617284),
(10,	1,	147,	0.00617284),
(10,	1,	29,	0.00617284),
(10,	1,	148,	0.00617284),
(10,	1,	149,	0.00617284),
(10,	1,	150,	0.00617284),
(10,	1,	151,	0.00617284),
(10,	1,	152,	0.00617284),
(10,	1,	153,	0.00617284),
(10,	1,	154,	0.00617284),
(10,	1,	155,	0.00617284),
(10,	1,	156,	0.00617284),
(11,	6,	157,	0.122449),
(11,	5,	158,	0.102041),
(11,	6,	159,	0.122449),
(11,	1,	160,	0.0204082),
(11,	1,	161,	0.0204082),
(11,	1,	162,	0.0204082),
(11,	1,	163,	0.0204082),
(11,	1,	164,	0.0204082),
(11,	1,	165,	0.0204082),
(11,	1,	166,	0.0204082),
(11,	1,	91,	0.0204082),
(11,	1,	167,	0.0204082),
(11,	1,	168,	0.0204082),
(11,	1,	169,	0.0204082),
(11,	1,	170,	0.0204082),
(12,	5,	171,	0.333333),
(12,	5,	172,	0.333333),
(12,	5,	173,	0.333333),
(13,	5,	174,	0.0925926),
(13,	5,	175,	0.0925926),
(13,	5,	173,	0.0925926),
(13,	5,	176,	0.0925926),
(13,	5,	177,	0.0925926),
(13,	5,	178,	0.0925926),
(13,	1,	23,	0.0185185),
(13,	1,	179,	0.0185185),
(13,	1,	180,	0.0185185),
(13,	1,	181,	0.0185185),
(13,	1,	182,	0.0185185),
(13,	1,	183,	0.0185185),
(13,	1,	75,	0.0185185),
(13,	1,	184,	0.0185185),
(13,	1,	185,	0.0185185),
(14,	10,	186,	0.322581),
(14,	10,	187,	0.322581),
(14,	1,	147,	0.0322581),
(14,	1,	188,	0.0322581),
(14,	1,	154,	0.0322581),
(14,	1,	189,	0.0322581),
(14,	1,	190,	0.0322581),
(14,	1,	191,	0.0322581),
(15,	10,	192,	0.166667),
(15,	10,	193,	0.166667),
(15,	10,	147,	0.166667),
(15,	10,	194,	0.166667),
(16,	10,	195,	0.322581),
(16,	11,	196,	0.354839),
(16,	1,	197,	0.0322581),
(16,	1,	198,	0.0322581),
(16,	1,	199,	0.0322581),
(16,	1,	200,	0.0322581),
(16,	1,	201,	0.0322581),
(16,	1,	202,	0.0322581),
(16,	1,	203,	0.0322581),
(17,	10,	204,	0.5),
(17,	10,	205,	0.5),
(19,	5,	206,	0.0704225),
(19,	5,	207,	0.0704225),
(19,	3,	208,	0.0422535),
(19,	2,	209,	0.028169),
(19,	3,	210,	0.0422535),
(19,	1,	211,	0.0140845),
(19,	4,	212,	0.056338),
(19,	2,	213,	0.028169),
(19,	1,	214,	0.0140845),
(19,	1,	215,	0.0140845),
(19,	2,	216,	0.028169),
(19,	3,	217,	0.0422535),
(19,	2,	218,	0.028169),
(19,	2,	219,	0.028169),
(19,	2,	220,	0.028169),
(19,	2,	221,	0.028169),
(19,	2,	222,	0.028169),
(19,	3,	223,	0.0422535),
(19,	2,	224,	0.028169),
(19,	1,	225,	0.0140845),
(19,	1,	226,	0.0140845),
(19,	1,	227,	0.0140845),
(19,	1,	228,	0.0140845),
(19,	1,	229,	0.0140845),
(19,	1,	230,	0.0140845),
(19,	1,	231,	0.0140845),
(19,	1,	232,	0.0140845),
(19,	1,	233,	0.0140845),
(20,	5,	234,	1),
(21,	5,	235,	1),
(22,	7,	236,	0.152174),
(22,	7,	237,	0.152174),
(22,	7,	238,	0.152174),
(22,	1,	239,	0.0217391),
(22,	1,	240,	0.0217391),
(22,	1,	241,	0.0217391),
(22,	1,	242,	0.0217391),
(22,	1,	217,	0.0217391),
(22,	1,	51,	0.0217391),
(22,	1,	243,	0.0217391),
(22,	1,	244,	0.0217391),
(22,	1,	245,	0.0217391),
(22,	1,	246,	0.0217391),
(22,	1,	247,	0.0217391),
(22,	1,	248,	0.0217391),
(22,	1,	249,	0.0217391),
(22,	1,	250,	0.0217391),
(22,	1,	223,	0.0217391),
(23,	7,	251,	0.189189),
(23,	3,	217,	0.0810811),
(23,	1,	239,	0.027027),
(23,	1,	240,	0.027027),
(23,	1,	241,	0.027027),
(23,	1,	242,	0.027027),
(23,	1,	51,	0.027027),
(23,	1,	243,	0.027027),
(23,	2,	244,	0.0540541),
(23,	1,	245,	0.027027),
(23,	1,	246,	0.027027),
(23,	1,	247,	0.027027),
(23,	1,	209,	0.027027),
(23,	1,	252,	0.027027),
(23,	1,	237,	0.027027),
(23,	1,	253,	0.027027),
(23,	1,	250,	0.027027),
(23,	1,	223,	0.027027),
(24,	6,	254,	0.133333),
(24,	6,	255,	0.133333),
(24,	2,	217,	0.0444444),
(24,	1,	239,	0.0222222),
(24,	1,	240,	0.0222222),
(24,	1,	241,	0.0222222),
(24,	1,	242,	0.0222222),
(24,	1,	51,	0.0222222),
(24,	1,	243,	0.0222222),
(24,	1,	256,	0.0222222),
(24,	1,	244,	0.0222222),
(24,	1,	245,	0.0222222),
(24,	1,	246,	0.0222222),
(24,	1,	257,	0.0222222),
(24,	1,	258,	0.0222222),
(24,	1,	259,	0.0222222),
(24,	1,	260,	0.0222222),
(24,	1,	261,	0.0222222),
(24,	1,	262,	0.0222222),
(24,	1,	263,	0.0222222),
(24,	1,	237,	0.0222222),
(24,	1,	264,	0.0222222),
(25,	5,	248,	0.16129),
(25,	1,	265,	0.0322581),
(25,	2,	217,	0.0645161),
(25,	1,	240,	0.0322581),
(25,	1,	226,	0.0322581),
(25,	2,	241,	0.0645161),
(25,	2,	242,	0.0645161),
(25,	1,	51,	0.0322581),
(25,	1,	243,	0.0322581),
(25,	1,	256,	0.0322581),
(25,	1,	244,	0.0322581),
(25,	1,	245,	0.0322581),
(25,	1,	266,	0.0322581),
(25,	1,	267,	0.0322581),
(25,	1,	268,	0.0322581),
(25,	1,	269,	0.0322581),
(25,	1,	237,	0.0322581),
(25,	1,	270,	0.0322581),
(26,	11,	223,	0.0748299),
(26,	6,	227,	0.0408163),
(26,	5,	271,	0.0340136),
(26,	1,	95,	0.00680272),
(26,	1,	272,	0.00680272),
(26,	1,	273,	0.00680272),
(26,	1,	274,	0.00680272),
(26,	1,	275,	0.00680272),
(26,	2,	276,	0.0136054),
(26,	1,	277,	0.00680272),
(26,	1,	278,	0.00680272),
(26,	8,	217,	0.0544218),
(26,	3,	226,	0.0204082),
(26,	1,	279,	0.00680272),
(26,	1,	280,	0.00680272),
(26,	1,	281,	0.00680272),
(26,	1,	282,	0.00680272),
(26,	3,	283,	0.0204082),
(26,	2,	112,	0.0136054),
(26,	1,	284,	0.00680272),
(26,	1,	285,	0.00680272),
(26,	2,	286,	0.0136054),
(26,	1,	287,	0.00680272),
(26,	1,	288,	0.00680272),
(26,	1,	289,	0.00680272),
(26,	1,	290,	0.00680272),
(26,	1,	291,	0.00680272),
(26,	1,	209,	0.00680272),
(26,	1,	292,	0.00680272),
(26,	2,	237,	0.0136054),
(26,	1,	293,	0.00680272),
(26,	1,	294,	0.00680272),
(26,	1,	295,	0.00680272),
(26,	1,	296,	0.00680272),
(26,	1,	133,	0.00680272),
(26,	1,	297,	0.00680272),
(26,	1,	298,	0.00680272),
(26,	2,	299,	0.0136054),
(26,	1,	300,	0.00680272),
(26,	1,	301,	0.00680272),
(26,	1,	258,	0.00680272),
(26,	1,	302,	0.00680272),
(26,	2,	244,	0.0136054),
(26,	1,	212,	0.00680272),
(26,	1,	303,	0.00680272),
(26,	1,	304,	0.00680272),
(26,	1,	305,	0.00680272),
(26,	1,	250,	0.00680272),
(26,	1,	306,	0.00680272),
(26,	1,	307,	0.00680272),
(26,	1,	308,	0.00680272),
(26,	1,	309,	0.00680272),
(26,	1,	310,	0.00680272),
(26,	1,	311,	0.00680272),
(26,	1,	312,	0.00680272),
(26,	1,	254,	0.00680272),
(26,	1,	313,	0.00680272),
(27,	5,	314,	0.2),
(27,	5,	315,	0.2),
(27,	5,	316,	0.2),
(27,	5,	317,	0.2),
(28,	5,	318,	0.0909091),
(28,	5,	317,	0.0909091),
(28,	5,	319,	0.0909091),
(28,	6,	316,	0.109091),
(28,	5,	320,	0.0909091),
(28,	5,	237,	0.0909091),
(28,	5,	321,	0.0909091),
(28,	1,	322,	0.0181818),
(28,	1,	323,	0.0181818),
(28,	1,	324,	0.0181818),
(28,	1,	325,	0.0181818),
(28,	1,	326,	0.0181818),
(28,	1,	327,	0.0181818),
(28,	1,	217,	0.0181818),
(28,	1,	328,	0.0181818),
(29,	10,	329,	0.227273),
(29,	10,	267,	0.227273),
(29,	10,	330,	0.227273),
(29,	1,	331,	0.0227273),
(29,	1,	244,	0.0227273),
(29,	1,	304,	0.0227273),
(29,	1,	248,	0.0227273),
(29,	1,	332,	0.0227273),
(29,	1,	333,	0.0227273),
(29,	1,	334,	0.0227273),
(30,	10,	335,	0.111111),
(30,	10,	217,	0.111111),
(30,	10,	193,	0.111111),
(30,	10,	331,	0.111111),
(30,	10,	244,	0.111111),
(30,	10,	304,	0.111111),
(31,	10,	336,	0.3125),
(31,	11,	196,	0.34375),
(31,	1,	337,	0.03125),
(31,	1,	338,	0.03125),
(31,	1,	339,	0.03125),
(31,	1,	340,	0.03125),
(31,	1,	341,	0.03125),
(31,	1,	342,	0.03125),
(31,	1,	237,	0.03125),
(31,	1,	343,	0.03125),
(32,	10,	344,	0.333333),
(32,	10,	345,	0.333333),
(34,	5,	212,	0.0793651),
(34,	6,	244,	0.0952381),
(34,	5,	346,	0.0793651),
(34,	6,	347,	0.0952381),
(34,	6,	159,	0.0952381),
(34,	1,	348,	0.015873),
(34,	1,	349,	0.015873),
(34,	1,	350,	0.015873),
(34,	1,	351,	0.015873),
(34,	3,	217,	0.047619),
(34,	1,	352,	0.015873),
(34,	1,	353,	0.015873),
(34,	1,	354,	0.015873),
(34,	1,	355,	0.015873),
(34,	1,	326,	0.015873),
(34,	1,	356,	0.015873),
(34,	1,	209,	0.015873),
(34,	1,	357,	0.015873),
(34,	1,	358,	0.015873),
(34,	1,	359,	0.015873),
(35,	5,	360,	0.5),
(35,	5,	361,	0.5),
(36,	5,	362,	1),
(37,	5,	363,	1),
(38,	5,	364,	0.5),
(38,	5,	365,	0.5),
(40,	5,	366,	0.5),
(40,	5,	368,	0.5),
(41,	5,	366,	0.5),
(41,	5,	369,	0.5),
(42,	5,	370,	0.5),
(42,	5,	362,	0.5),
(43,	5,	371,	0.5),
(43,	5,	362,	0.5),
(44,	5,	372,	0.5),
(44,	5,	362,	0.5),
(45,	5,	362,	0.5),
(46,	5,	373,	1),
(47,	5,	367,	1),
(48,	10,	374,	1),
(49,	5,	375,	0.5),
(49,	5,	376,	0.5),
(50,	5,	377,	0.5),
(50,	5,	378,	0.5),
(51,	5,	379,	1),
(52,	10,	380,	0.5),
(53,	10,	381,	0.5),
(54,	10,	382,	0.5),
(54,	10,	383,	0.5),
(55,	10,	384,	0.5),
(55,	10,	385,	0.5),
(56,	10,	381,	0.5),
(57,	10,	382,	0.5),
(57,	10,	386,	0.5),
(58,	10,	387,	0.5),
(58,	10,	388,	0.5),
(59,	10,	389,	0.5),
(59,	10,	390,	0.5),
(60,	10,	391,	0.5),
(60,	10,	392,	0.5),
(61,	10,	384,	0.5),
(61,	10,	393,	0.5),
(62,	10,	360,	0.5),
(63,	10,	384,	0.5),
(63,	10,	394,	0.5),
(64,	5,	395,	0.0833333),
(64,	1,	396,	0.0166667),
(64,	1,	397,	0.0166667),
(64,	1,	130,	0.0166667),
(64,	1,	107,	0.0166667),
(64,	1,	398,	0.0166667),
(64,	1,	399,	0.0166667),
(64,	1,	400,	0.0166667),
(64,	1,	401,	0.0166667),
(64,	1,	402,	0.0166667),
(64,	1,	35,	0.0166667),
(64,	1,	403,	0.0166667),
(64,	2,	404,	0.0333333),
(64,	1,	405,	0.0166667),
(64,	1,	406,	0.0166667),
(64,	1,	407,	0.0166667),
(64,	1,	408,	0.0166667),
(64,	1,	409,	0.0166667),
(64,	1,	410,	0.0166667),
(64,	1,	411,	0.0166667),
(64,	1,	412,	0.0166667),
(64,	1,	387,	0.0166667),
(64,	1,	413,	0.0166667),
(64,	1,	196,	0.0166667),
(64,	1,	414,	0.0166667),
(64,	1,	415,	0.0166667),
(64,	1,	416,	0.0166667),
(64,	1,	417,	0.0166667),
(64,	1,	418,	0.0166667),
(64,	1,	419,	0.0166667),
(64,	1,	420,	0.0166667),
(64,	1,	421,	0.0166667),
(64,	1,	422,	0.0166667),
(65,	10,	387,	0.5),
(65,	10,	423,	0.5),
(66,	10,	387,	0.5),
(66,	10,	424,	0.5),
(67,	10,	387,	0.5),
(67,	10,	425,	0.5),
(68,	10,	360,	0.5),
(69,	10,	384,	0.5),
(69,	10,	426,	0.5),
(70,	5,	395,	0.0833333),
(70,	5,	427,	0.0833333),
(70,	1,	396,	0.0166667),
(70,	1,	397,	0.0166667),
(70,	1,	130,	0.0166667),
(70,	1,	107,	0.0166667),
(70,	1,	398,	0.0166667),
(70,	1,	399,	0.0166667),
(70,	1,	400,	0.0166667),
(70,	1,	401,	0.0166667),
(70,	1,	402,	0.0166667),
(70,	1,	35,	0.0166667),
(70,	1,	403,	0.0166667),
(70,	2,	404,	0.0333333),
(70,	1,	405,	0.0166667),
(70,	1,	406,	0.0166667),
(70,	1,	407,	0.0166667),
(70,	1,	408,	0.0166667),
(70,	1,	409,	0.0166667),
(70,	1,	410,	0.0166667),
(70,	1,	411,	0.0166667),
(70,	1,	412,	0.0166667),
(70,	1,	387,	0.0166667),
(70,	1,	413,	0.0166667),
(70,	1,	196,	0.0166667),
(70,	1,	414,	0.0166667),
(70,	1,	415,	0.0166667),
(70,	1,	416,	0.0166667),
(70,	1,	417,	0.0166667),
(70,	1,	418,	0.0166667),
(70,	1,	419,	0.0166667),
(70,	1,	420,	0.0166667),
(70,	1,	421,	0.0166667),
(70,	1,	422,	0.0166667),
(71,	10,	391,	0.5),
(71,	10,	428,	0.5),
(72,	10,	429,	0.5),
(72,	10,	430,	0.5),
(73,	10,	196,	0.5),
(73,	10,	431,	0.5),
(74,	10,	391,	0.5),
(74,	10,	432,	0.5),
(75,	10,	429,	0.5),
(75,	10,	433,	0.5),
(76,	5,	395,	0.0833333),
(76,	6,	414,	0.1),
(76,	1,	396,	0.0166667),
(76,	1,	397,	0.0166667),
(76,	1,	130,	0.0166667),
(76,	1,	107,	0.0166667),
(76,	1,	398,	0.0166667),
(76,	1,	399,	0.0166667),
(76,	1,	400,	0.0166667),
(76,	1,	401,	0.0166667),
(76,	1,	402,	0.0166667),
(76,	1,	35,	0.0166667),
(76,	1,	403,	0.0166667),
(76,	2,	404,	0.0333333),
(76,	1,	405,	0.0166667),
(76,	1,	406,	0.0166667),
(76,	1,	407,	0.0166667),
(76,	1,	408,	0.0166667),
(76,	1,	409,	0.0166667),
(76,	1,	410,	0.0166667),
(76,	1,	411,	0.0166667),
(76,	1,	412,	0.0166667),
(76,	1,	387,	0.0166667),
(76,	1,	413,	0.0166667),
(76,	1,	196,	0.0166667),
(76,	1,	415,	0.0166667),
(76,	1,	416,	0.0166667),
(76,	1,	417,	0.0166667),
(76,	1,	418,	0.0166667),
(76,	1,	419,	0.0166667),
(76,	1,	420,	0.0166667),
(76,	1,	421,	0.0166667),
(76,	1,	422,	0.0166667),
(77,	10,	196,	0.5),
(77,	5,	431,	0.25),
(77,	5,	434,	0.25),
(78,	10,	391,	0.5),
(78,	10,	435,	0.5),
(79,	10,	429,	0.5),
(79,	10,	436,	0.5),
(80,	10,	196,	0.5),
(80,	10,	437,	0.5),
(81,	10,	391,	0.5),
(81,	10,	432,	0.5),
(82,	10,	429,	0.5),
(82,	10,	438,	0.5),
(83,	10,	439,	0.5),
(83,	10,	440,	0.5),
(84,	10,	441,	0.5),
(85,	10,	442,	0.5),
(85,	10,	443,	0.5),
(86,	10,	442,	0.5),
(86,	10,	444,	0.5),
(87,	10,	439,	0.5),
(87,	10,	445,	0.5),
(88,	5,	395,	0.0833333),
(88,	5,	446,	0.0833333),
(88,	1,	396,	0.0166667),
(88,	1,	397,	0.0166667),
(88,	1,	130,	0.0166667),
(88,	1,	107,	0.0166667),
(88,	1,	398,	0.0166667),
(88,	1,	399,	0.0166667),
(88,	1,	400,	0.0166667),
(88,	1,	401,	0.0166667),
(88,	1,	402,	0.0166667),
(88,	1,	35,	0.0166667),
(88,	1,	403,	0.0166667),
(88,	2,	404,	0.0333333),
(88,	1,	405,	0.0166667),
(88,	1,	406,	0.0166667),
(88,	1,	407,	0.0166667),
(88,	1,	408,	0.0166667),
(88,	1,	409,	0.0166667),
(88,	1,	410,	0.0166667),
(88,	1,	411,	0.0166667),
(88,	1,	412,	0.0166667),
(88,	1,	387,	0.0166667),
(88,	1,	413,	0.0166667),
(88,	1,	196,	0.0166667),
(88,	1,	414,	0.0166667),
(88,	1,	415,	0.0166667),
(88,	1,	416,	0.0166667),
(88,	1,	417,	0.0166667),
(88,	1,	418,	0.0166667),
(88,	1,	419,	0.0166667),
(88,	1,	420,	0.0166667),
(88,	1,	421,	0.0166667),
(88,	1,	422,	0.0166667),
(89,	5,	395,	0.0833333),
(89,	5,	447,	0.0833333),
(89,	1,	396,	0.0166667),
(89,	1,	397,	0.0166667),
(89,	1,	130,	0.0166667),
(89,	1,	107,	0.0166667),
(89,	1,	398,	0.0166667),
(89,	1,	399,	0.0166667),
(89,	1,	400,	0.0166667),
(89,	1,	401,	0.0166667),
(89,	1,	402,	0.0166667),
(89,	1,	35,	0.0166667),
(89,	1,	403,	0.0166667),
(89,	2,	404,	0.0333333),
(89,	1,	405,	0.0166667),
(89,	1,	406,	0.0166667),
(89,	1,	407,	0.0166667),
(89,	1,	408,	0.0166667),
(89,	1,	409,	0.0166667),
(89,	1,	410,	0.0166667),
(89,	1,	411,	0.0166667),
(89,	1,	412,	0.0166667),
(89,	1,	387,	0.0166667),
(89,	1,	413,	0.0166667),
(89,	1,	196,	0.0166667),
(89,	1,	414,	0.0166667),
(89,	1,	415,	0.0166667),
(89,	1,	416,	0.0166667),
(89,	1,	417,	0.0166667),
(89,	1,	418,	0.0166667),
(89,	1,	419,	0.0166667),
(89,	1,	420,	0.0166667),
(89,	1,	421,	0.0166667),
(89,	1,	422,	0.0166667),
(90,	10,	441,	0.5),
(90,	10,	448,	0.5),
(91,	10,	439,	0.5),
(91,	10,	449,	0.5),
(92,	10,	450,	1),
(93,	10,	451,	0.5),
(94,	10,	451,	0.5),
(95,	10,	451,	0.5),
(96,	10,	450,	0.5),
(96,	10,	452,	0.5),
(97,	10,	442,	0.5),
(97,	10,	453,	0.5),
(98,	10,	442,	0.5),
(98,	10,	454,	0.5),
(99,	10,	442,	0.5),
(99,	10,	455,	0.5),
(100,	10,	456,	0.5),
(100,	10,	457,	0.5),
(101,	10,	387,	0.5),
(101,	10,	458,	0.5),
(102,	10,	456,	0.5),
(102,	10,	459,	0.5),
(103,	10,	456,	0.5),
(103,	10,	460,	0.5),
(104,	10,	387,	0.5),
(104,	10,	461,	0.5),
(105,	10,	380,	0.5),
(105,	5,	462,	0.25),
(106,	10,	381,	0.5),
(106,	5,	463,	0.25),
(107,	10,	196,	0.5),
(107,	10,	193,	0.5),
(108,	10,	464,	0.5),
(108,	10,	465,	0.5),
(109,	10,	389,	0.5),
(109,	10,	466,	0.5),
(110,	10,	196,	0.5),
(110,	10,	467,	0.5),
(111,	10,	382,	0.5),
(111,	10,	468,	0.5),
(112,	10,	382,	0.5),
(112,	10,	469,	0.5),
(113,	10,	382,	0.5),
(113,	10,	470,	0.5),
(114,	10,	471,	1),
(115,	10,	378,	0.5),
(115,	10,	472,	0.5),
(116,	10,	473,	1),
(117,	10,	378,	0.5),
(117,	10,	474,	0.5),
(118,	10,	475,	0.5),
(119,	10,	1,	0.5),
(119,	10,	476,	0.5),
(120,	10,	1,	0.5),
(120,	10,	477,	0.5),
(121,	10,	1,	0.5),
(121,	10,	478,	0.5),
(122,	10,	1,	0.5),
(122,	10,	479,	0.5),
(123,	10,	439,	0.5),
(124,	10,	480,	0.5),
(124,	10,	481,	0.5),
(125,	10,	482,	1),
(126,	10,	439,	0.5),
(126,	10,	483,	0.5),
(127,	10,	480,	0.5),
(127,	10,	484,	0.5),
(128,	5,	395,	0.142857),
(128,	5,	447,	0.142857),
(128,	1,	485,	0.0285714),
(128,	1,	486,	0.0285714),
(128,	1,	487,	0.0285714),
(128,	1,	488,	0.0285714),
(128,	1,	489,	0.0285714),
(131,	5,	490,	0.15625),
(131,	5,	491,	0.15625),
(131,	2,	492,	0.0625),
(131,	2,	158,	0.0625),
(131,	2,	387,	0.0625),
(131,	2,	493,	0.0625),
(131,	2,	494,	0.0625),
(131,	2,	495,	0.0625),
(132,	6,	496,	0.133333),
(132,	5,	497,	0.111111),
(132,	6,	498,	0.133333),
(132,	1,	499,	0.0222222),
(132,	1,	500,	0.0222222),
(132,	2,	501,	0.0444444),
(132,	1,	502,	0.0222222),
(132,	1,	503,	0.0222222),
(132,	1,	504,	0.0222222),
(132,	1,	505,	0.0222222),
(132,	1,	506,	0.0222222),
(132,	1,	507,	0.0222222),
(132,	1,	55,	0.0222222),
(132,	1,	71,	0.0222222),
(132,	1,	508,	0.0222222),
(132,	1,	509,	0.0222222),
(132,	1,	510,	0.0222222),
(132,	1,	511,	0.0222222),
(132,	1,	44,	0.0222222),
(132,	1,	512,	0.0222222),
(132,	1,	119,	0.0222222),
(132,	1,	513,	0.0222222),
(133,	10,	360,	0.5),
(134,	10,	360,	0.5),
(135,	10,	360,	0.5),
(136,	10,	360,	0.5),
(137,	10,	360,	0.5),
(138,	10,	360,	0.5),
(139,	10,	360,	0.5),
(140,	10,	360,	0.5),
(143,	5,	395,	0.147059),
(143,	5,	414,	0.147059),
(143,	1,	514,	0.0294118),
(143,	1,	515,	0.0294118),
(143,	1,	516,	0.0294118),
(143,	1,	517,	0.0294118),
(145,	5,	384,	0.2),
(145,	5,	385,	0.2),
(145,	1,	23,	0.04),
(145,	1,	518,	0.04),
(145,	1,	519,	0.04),
(145,	1,	91,	0.04),
(148,	5,	1,	0.208333),
(148,	5,	2,	0.208333),
(148,	1,	520,	0.0416667),
(148,	1,	521,	0.0416667),
(148,	1,	522,	0.0416667),
(148,	1,	523,	0.0416667),
(149,	6,	524,	0.0517241),
(149,	5,	525,	0.0431034),
(149,	1,	526,	0.00862069),
(149,	1,	527,	0.00862069),
(149,	1,	528,	0.00862069),
(149,	2,	529,	0.0172414),
(149,	1,	530,	0.00862069),
(149,	1,	531,	0.00862069),
(149,	1,	532,	0.00862069),
(149,	1,	533,	0.00862069),
(149,	1,	534,	0.00862069),
(149,	1,	535,	0.00862069),
(149,	1,	536,	0.00862069),
(149,	1,	537,	0.00862069),
(149,	1,	538,	0.00862069),
(149,	1,	539,	0.00862069),
(149,	1,	540,	0.00862069),
(149,	1,	541,	0.00862069),
(149,	1,	542,	0.00862069),
(149,	1,	543,	0.00862069),
(149,	1,	544,	0.00862069),
(149,	2,	545,	0.0172414),
(149,	1,	546,	0.00862069),
(149,	1,	547,	0.00862069),
(149,	1,	548,	0.00862069),
(149,	1,	549,	0.00862069),
(149,	1,	550,	0.00862069),
(149,	1,	551,	0.00862069),
(149,	1,	552,	0.00862069),
(149,	1,	553,	0.00862069),
(149,	1,	554,	0.00862069),
(149,	1,	555,	0.00862069),
(149,	1,	556,	0.00862069),
(149,	1,	557,	0.00862069),
(149,	1,	558,	0.00862069),
(149,	2,	119,	0.0172414),
(149,	1,	23,	0.00862069),
(149,	1,	91,	0.00862069),
(149,	1,	559,	0.00862069),
(149,	1,	560,	0.00862069),
(149,	1,	561,	0.00862069),
(149,	1,	562,	0.00862069),
(149,	1,	563,	0.00862069),
(149,	1,	564,	0.00862069),
(149,	1,	395,	0.00862069),
(149,	1,	15,	0.00862069),
(149,	1,	565,	0.00862069),
(149,	1,	566,	0.00862069),
(149,	1,	567,	0.00862069),
(149,	2,	568,	0.0172414),
(149,	2,	569,	0.0172414),
(149,	1,	570,	0.00862069),
(149,	1,	571,	0.00862069),
(149,	1,	572,	0.00862069),
(149,	1,	573,	0.00862069),
(149,	1,	574,	0.00862069),
(149,	1,	575,	0.00862069),
(149,	1,	576,	0.00862069),
(149,	1,	577,	0.00862069),
(149,	1,	578,	0.00862069),
(149,	1,	579,	0.00862069),
(149,	1,	580,	0.00862069),
(149,	1,	581,	0.00862069),
(150,	1,	105,	0.0769231),
(150,	1,	582,	0.0769231),
(150,	1,	583,	0.0769231),
(150,	1,	584,	0.0769231),
(150,	1,	585,	0.0769231),
(150,	1,	586,	0.0769231),
(150,	1,	587,	0.0769231),
(150,	1,	588,	0.0769231),
(150,	1,	589,	0.0769231),
(150,	1,	590,	0.0769231),
(151,	10,	591,	0.169492),
(151,	10,	592,	0.169492),
(151,	1,	23,	0.0169492),
(151,	1,	593,	0.0169492),
(151,	1,	594,	0.0169492),
(151,	2,	595,	0.0338983),
(151,	1,	596,	0.0169492),
(151,	1,	597,	0.0169492),
(151,	1,	598,	0.0169492),
(151,	1,	599,	0.0169492),
(151,	1,	600,	0.0169492),
(152,	11,	23,	0.203704),
(152,	11,	601,	0.203704),
(152,	11,	602,	0.203704),
(152,	1,	603,	0.0185185),
(152,	1,	604,	0.0185185),
(152,	1,	605,	0.0185185),
(152,	1,	606,	0.0185185),
(152,	1,	607,	0.0185185),
(152,	1,	608,	0.0185185),
(152,	1,	609,	0.0185185),
(152,	1,	610,	0.0185185),
(153,	11,	609,	0.183333),
(153,	11,	611,	0.183333),
(153,	11,	612,	0.183333),
(153,	1,	613,	0.0166667),
(153,	1,	614,	0.0166667),
(153,	1,	23,	0.0166667),
(153,	1,	615,	0.0166667),
(153,	1,	91,	0.0166667),
(154,	11,	192,	0.141026),
(154,	10,	193,	0.128205),
(154,	10,	147,	0.128205),
(154,	10,	194,	0.128205),
(154,	1,	616,	0.0128205),
(154,	1,	617,	0.0128205),
(154,	1,	618,	0.0128205),
(154,	1,	9,	0.0128205),
(154,	1,	619,	0.0128205),
(154,	1,	620,	0.0128205),
(154,	1,	621,	0.0128205),
(154,	1,	622,	0.0128205),
(154,	1,	25,	0.0128205),
(154,	1,	623,	0.0128205),
(154,	1,	624,	0.0128205),
(154,	1,	625,	0.0128205),
(154,	1,	626,	0.0128205),
(154,	1,	150,	0.0128205),
(154,	1,	627,	0.0128205),
(155,	11,	628,	0.37931),
(155,	11,	629,	0.37931),
(155,	1,	9,	0.0344828),
(155,	1,	630,	0.0344828),
(155,	1,	631,	0.0344828),
(155,	1,	632,	0.0344828),
(156,	6,	633,	0.545455),
(156,	1,	9,	0.0909091),
(156,	1,	634,	0.0909091),
(156,	1,	635,	0.0909091),
(157,	6,	629,	0.26087),
(157,	6,	9,	0.26087),
(157,	6,	636,	0.26087),
(157,	1,	637,	0.0434783),
(157,	1,	638,	0.0434783),
(157,	1,	639,	0.0434783),
(158,	6,	629,	0.375),
(158,	6,	640,	0.375),
(158,	1,	9,	0.0625),
(158,	1,	641,	0.0625),
(159,	5,	360,	0.5),
(159,	5,	642,	0.5),
(160,	5,	643,	0.5),
(160,	5,	642,	0.5),
(161,	5,	644,	1),
(162,	5,	645,	0.5),
(162,	5,	646,	0.5),
(163,	5,	360,	0.5),
(163,	5,	647,	0.5),
(164,	5,	360,	0.5),
(164,	5,	648,	0.5),
(165,	5,	360,	0.5),
(165,	5,	649,	0.5),
(166,	10,	384,	0.5),
(166,	10,	385,	0.5),
(167,	10,	381,	0.5),
(168,	5,	647,	1),
(169,	10,	381,	0.5),
(170,	10,	382,	0.5),
(170,	10,	386,	0.5),
(171,	5,	643,	0.5),
(171,	5,	341,	0.5),
(172,	10,	387,	0.5),
(172,	10,	388,	0.5),
(173,	10,	391,	0.5),
(173,	10,	392,	0.5),
(174,	5,	384,	0.172414),
(174,	5,	385,	0.172414),
(174,	1,	650,	0.0344828),
(174,	1,	651,	0.0344828),
(174,	2,	209,	0.0689655),
(174,	1,	652,	0.0344828),
(174,	1,	653,	0.0344828),
(175,	10,	429,	0.5),
(175,	10,	430,	0.5),
(176,	10,	196,	0.5),
(176,	10,	431,	0.5),
(177,	10,	391,	0.5),
(177,	10,	432,	0.5),
(178,	10,	360,	0.5),
(179,	10,	360,	0.5),
(180,	5,	374,	0.5),
(180,	5,	654,	0.5),
(181,	5,	655,	1),
(182,	10,	382,	0.5),
(182,	10,	383,	0.5),
(183,	10,	380,	0.5),
(184,	10,	389,	0.5),
(184,	10,	390,	0.5),
(185,	10,	196,	0.5),
(185,	10,	193,	0.5),
(186,	10,	464,	0.5),
(186,	10,	465,	0.5),
(187,	10,	456,	0.5),
(187,	10,	457,	0.5),
(188,	10,	387,	0.5),
(188,	10,	458,	0.5),
(189,	10,	456,	0.5),
(189,	10,	459,	0.5),
(190,	5,	656,	0.5),
(190,	5,	644,	0.5),
(191,	5,	657,	0.5),
(191,	5,	644,	0.5),
(192,	5,	658,	0.5),
(192,	5,	644,	0.5),
(193,	5,	659,	0.5),
(193,	5,	644,	0.5),
(194,	6,	414,	0.115385),
(194,	5,	660,	0.0961538),
(194,	1,	661,	0.0192308),
(194,	1,	662,	0.0192308),
(194,	1,	663,	0.0192308),
(194,	1,	664,	0.0192308),
(194,	2,	665,	0.0384615),
(194,	1,	666,	0.0192308),
(194,	1,	667,	0.0192308),
(194,	1,	668,	0.0192308),
(194,	1,	348,	0.0192308),
(194,	1,	669,	0.0192308),
(194,	1,	670,	0.0192308),
(194,	1,	671,	0.0192308),
(194,	1,	672,	0.0192308),
(194,	1,	412,	0.0192308),
(194,	1,	387,	0.0192308),
(194,	1,	413,	0.0192308),
(194,	1,	196,	0.0192308),
(194,	1,	673,	0.0192308),
(194,	1,	674,	0.0192308),
(194,	2,	315,	0.0384615),
(194,	1,	675,	0.0192308),
(194,	1,	676,	0.0192308),
(195,	5,	446,	0.0961538),
(195,	5,	660,	0.0961538),
(195,	1,	661,	0.0192308),
(195,	1,	662,	0.0192308),
(195,	1,	663,	0.0192308),
(195,	1,	664,	0.0192308),
(195,	2,	665,	0.0384615),
(195,	1,	666,	0.0192308),
(195,	1,	667,	0.0192308),
(195,	1,	668,	0.0192308),
(195,	1,	348,	0.0192308),
(195,	1,	669,	0.0192308),
(195,	1,	670,	0.0192308),
(195,	1,	671,	0.0192308),
(195,	1,	672,	0.0192308),
(195,	1,	412,	0.0192308),
(195,	1,	387,	0.0192308),
(195,	1,	413,	0.0192308),
(195,	1,	196,	0.0192308),
(195,	1,	414,	0.0192308),
(195,	1,	673,	0.0192308),
(195,	1,	674,	0.0192308),
(195,	2,	315,	0.0384615),
(195,	1,	675,	0.0192308),
(195,	1,	676,	0.0192308),
(196,	5,	427,	0.0961538),
(196,	5,	660,	0.0961538),
(196,	1,	661,	0.0192308),
(196,	1,	662,	0.0192308),
(196,	1,	663,	0.0192308),
(196,	1,	664,	0.0192308),
(196,	2,	665,	0.0384615),
(196,	1,	666,	0.0192308),
(196,	1,	667,	0.0192308),
(196,	1,	668,	0.0192308),
(196,	1,	348,	0.0192308),
(196,	1,	669,	0.0192308),
(196,	1,	670,	0.0192308),
(196,	1,	671,	0.0192308),
(196,	1,	672,	0.0192308),
(196,	1,	412,	0.0192308),
(196,	1,	387,	0.0192308),
(196,	1,	413,	0.0192308),
(196,	1,	196,	0.0192308),
(196,	1,	414,	0.0192308),
(196,	1,	673,	0.0192308),
(196,	1,	674,	0.0192308),
(196,	2,	315,	0.0384615),
(196,	1,	675,	0.0192308),
(196,	1,	676,	0.0192308),
(197,	5,	447,	0.0961538),
(197,	5,	660,	0.0961538),
(197,	1,	661,	0.0192308),
(197,	1,	662,	0.0192308),
(197,	1,	663,	0.0192308),
(197,	1,	664,	0.0192308),
(197,	2,	665,	0.0384615),
(197,	1,	666,	0.0192308),
(197,	1,	667,	0.0192308),
(197,	1,	668,	0.0192308),
(197,	1,	348,	0.0192308),
(197,	1,	669,	0.0192308),
(197,	1,	670,	0.0192308),
(197,	1,	671,	0.0192308),
(197,	1,	672,	0.0192308),
(197,	1,	412,	0.0192308),
(197,	1,	387,	0.0192308),
(197,	1,	413,	0.0192308),
(197,	1,	196,	0.0192308),
(197,	1,	414,	0.0192308),
(197,	1,	673,	0.0192308),
(197,	1,	674,	0.0192308),
(197,	2,	315,	0.0384615),
(197,	1,	675,	0.0192308),
(197,	1,	676,	0.0192308),
(198,	5,	660,	0.0961538),
(198,	1,	661,	0.0192308),
(198,	1,	662,	0.0192308),
(198,	1,	663,	0.0192308),
(198,	1,	664,	0.0192308),
(198,	2,	665,	0.0384615),
(198,	1,	666,	0.0192308),
(198,	1,	667,	0.0192308),
(198,	1,	668,	0.0192308),
(198,	1,	348,	0.0192308),
(198,	1,	669,	0.0192308),
(198,	1,	670,	0.0192308),
(198,	1,	671,	0.0192308),
(198,	1,	672,	0.0192308),
(198,	1,	412,	0.0192308),
(198,	1,	387,	0.0192308),
(198,	1,	413,	0.0192308),
(198,	1,	196,	0.0192308),
(198,	1,	414,	0.0192308),
(198,	1,	673,	0.0192308),
(198,	1,	674,	0.0192308),
(198,	2,	315,	0.0384615),
(198,	1,	675,	0.0192308),
(198,	1,	676,	0.0192308),
(199,	5,	447,	0.142857),
(199,	5,	660,	0.142857),
(199,	1,	677,	0.0285714),
(199,	1,	331,	0.0285714),
(199,	1,	678,	0.0285714),
(199,	1,	679,	0.0285714),
(202,	5,	414,	0.151515),
(202,	5,	660,	0.151515),
(202,	1,	680,	0.030303),
(202,	1,	657,	0.030303),
(202,	1,	681,	0.030303),
(203,	10,	442,	0.5),
(203,	10,	443,	0.5),
(204,	10,	442,	0.5),
(204,	10,	444,	0.5),
(205,	10,	442,	0.5),
(205,	10,	453,	0.5),
(206,	10,	439,	0.5),
(206,	10,	440,	0.5),
(207,	10,	441,	0.5),
(208,	10,	450,	1),
(209,	10,	451,	0.5),
(210,	10,	451,	0.5),
(211,	10,	451,	0.5),
(212,	5,	378,	0.5),
(212,	5,	682,	0.5),
(213,	5,	683,	1),
(214,	5,	684,	1),
(215,	10,	471,	1),
(216,	10,	378,	0.5),
(216,	10,	472,	0.5),
(217,	10,	439,	0.5),
(218,	10,	480,	0.5),
(218,	10,	481,	0.5),
(219,	10,	482,	1),
(220,	10,	1,	0.5),
(220,	10,	476,	0.5),
(221,	10,	1,	0.5),
(221,	10,	2,	0.5),
(222,	5,	1,	0.227273),
(222,	5,	2,	0.227273),
(222,	1,	680,	0.0454545),
(222,	1,	685,	0.0454545),
(223,	5,	686,	0.104167),
(223,	5,	687,	0.104167),
(223,	6,	688,	0.125),
(223,	2,	244,	0.0416667),
(223,	2,	245,	0.0416667),
(223,	1,	689,	0.0208333),
(223,	1,	690,	0.0208333),
(223,	1,	691,	0.0208333),
(223,	1,	315,	0.0208333),
(223,	1,	692,	0.0208333),
(223,	1,	308,	0.0208333),
(223,	1,	242,	0.0208333),
(223,	1,	693,	0.0208333),
(223,	1,	694,	0.0208333),
(223,	1,	256,	0.0208333),
(223,	1,	246,	0.0208333),
(223,	1,	695,	0.0208333),
(223,	1,	696,	0.0208333),
(223,	1,	267,	0.0208333),
(223,	1,	235,	0.0208333),
(223,	1,	697,	0.0208333),
(223,	1,	698,	0.0208333),
(223,	1,	699,	0.0208333),
(224,	5,	700,	0.0961538),
(224,	5,	701,	0.0961538),
(224,	5,	698,	0.0961538),
(224,	2,	702,	0.0384615),
(224,	2,	703,	0.0384615),
(224,	2,	704,	0.0384615),
(224,	2,	244,	0.0384615),
(224,	2,	224,	0.0384615),
(224,	2,	689,	0.0384615),
(224,	2,	705,	0.0384615),
(224,	2,	706,	0.0384615),
(224,	2,	707,	0.0384615),
(224,	2,	708,	0.0384615),
(224,	2,	709,	0.0384615),
(224,	2,	710,	0.0384615),
(225,	6,	711,	0.0508475),
(225,	5,	712,	0.0423729),
(225,	1,	658,	0.00847458),
(225,	2,	657,	0.0169492),
(225,	2,	713,	0.0169492),
(225,	1,	714,	0.00847458),
(225,	1,	268,	0.00847458),
(225,	1,	715,	0.00847458),
(225,	5,	245,	0.0423729),
(225,	1,	716,	0.00847458),
(225,	1,	717,	0.00847458),
(225,	1,	718,	0.00847458),
(225,	1,	719,	0.00847458),
(225,	1,	720,	0.00847458),
(225,	2,	721,	0.0169492),
(225,	1,	237,	0.00847458),
(225,	1,	659,	0.00847458),
(225,	2,	722,	0.0169492),
(225,	1,	709,	0.00847458),
(225,	1,	723,	0.00847458),
(225,	4,	217,	0.0338983),
(225,	1,	724,	0.00847458),
(225,	1,	652,	0.00847458),
(225,	2,	725,	0.0169492),
(225,	2,	726,	0.0169492),
(225,	1,	250,	0.00847458),
(225,	1,	338,	0.00847458),
(225,	1,	727,	0.00847458),
(225,	1,	233,	0.00847458),
(225,	1,	728,	0.00847458),
(225,	1,	729,	0.00847458),
(225,	1,	730,	0.00847458),
(225,	1,	731,	0.00847458),
(225,	1,	650,	0.00847458),
(225,	1,	351,	0.00847458),
(225,	1,	732,	0.00847458),
(225,	1,	733,	0.00847458),
(225,	1,	734,	0.00847458),
(225,	1,	735,	0.00847458),
(225,	2,	736,	0.0169492),
(225,	2,	737,	0.0169492),
(225,	1,	738,	0.00847458),
(225,	1,	244,	0.00847458),
(225,	1,	739,	0.00847458),
(225,	1,	248,	0.00847458),
(225,	1,	740,	0.00847458),
(225,	1,	741,	0.00847458),
(225,	1,	742,	0.00847458),
(225,	1,	209,	0.00847458),
(225,	1,	743,	0.00847458),
(225,	1,	744,	0.00847458),
(225,	1,	267,	0.00847458),
(225,	1,	745,	0.00847458),
(226,	1,	746,	0.0625),
(226,	1,	217,	0.0625),
(226,	1,	206,	0.0625),
(226,	1,	314,	0.0625),
(226,	1,	747,	0.0625),
(226,	1,	748,	0.0625),
(226,	1,	749,	0.0625),
(226,	1,	750,	0.0625),
(226,	1,	751,	0.0625),
(227,	10,	752,	0.175439),
(227,	10,	753,	0.175439),
(227,	1,	322,	0.0175439),
(227,	1,	689,	0.0175439),
(227,	1,	673,	0.0175439),
(227,	1,	350,	0.0175439),
(227,	1,	754,	0.0175439),
(227,	1,	755,	0.0175439),
(227,	1,	756,	0.0175439),
(227,	1,	757,	0.0175439),
(227,	1,	237,	0.0175439),
(227,	1,	758,	0.0175439),
(228,	11,	322,	0.134146),
(228,	11,	759,	0.134146),
(228,	11,	217,	0.134146),
(228,	11,	760,	0.134146),
(228,	1,	761,	0.0121951),
(228,	1,	212,	0.0121951),
(228,	1,	718,	0.0121951),
(228,	1,	762,	0.0121951),
(228,	1,	763,	0.0121951),
(228,	1,	764,	0.0121951),
(228,	1,	227,	0.0121951),
(228,	1,	765,	0.0121951),
(228,	1,	331,	0.0121951),
(228,	1,	244,	0.0121951),
(228,	1,	766,	0.0121951),
(228,	1,	767,	0.0121951),
(229,	11,	755,	0.139241),
(229,	11,	768,	0.139241),
(229,	11,	769,	0.139241),
(229,	11,	217,	0.139241),
(229,	11,	349,	0.139241),
(229,	1,	732,	0.0126582),
(229,	1,	770,	0.0126582),
(230,	11,	335,	0.100917),
(230,	11,	217,	0.100917),
(230,	10,	193,	0.0917431),
(230,	10,	331,	0.0917431),
(230,	10,	244,	0.0917431),
(230,	10,	304,	0.0917431),
(230,	1,	771,	0.00917431),
(230,	1,	772,	0.00917431),
(230,	1,	250,	0.00917431),
(230,	1,	654,	0.00917431),
(230,	1,	209,	0.00917431),
(230,	1,	773,	0.00917431),
(230,	1,	755,	0.00917431),
(230,	1,	774,	0.00917431),
(230,	1,	736,	0.00917431),
(230,	1,	775,	0.00917431),
(230,	1,	308,	0.00917431),
(230,	1,	776,	0.00917431),
(230,	1,	777,	0.00917431),
(231,	11,	778,	0.282051),
(231,	11,	779,	0.282051),
(231,	11,	780,	0.282051),
(231,	1,	209,	0.025641),
(231,	1,	781,	0.025641),
(231,	1,	782,	0.025641),
(232,	6,	783,	0.545455),
(232,	1,	209,	0.0909091),
(232,	1,	669,	0.0909091),
(232,	1,	784,	0.0909091),
(233,	6,	780,	0.272727),
(233,	6,	209,	0.272727),
(233,	6,	636,	0.272727),
(233,	1,	785,	0.0454545),
(233,	1,	786,	0.0454545),
(234,	6,	640,	0.375),
(234,	6,	780,	0.375),
(234,	1,	209,	0.0625),
(234,	1,	787,	0.0625),
(235,	5,	788,	0.333333),
(235,	5,	789,	0.333333),
(39,	5,	366,	0.5),
(39,	5,	367,	0.5);

DROP TABLE IF EXISTS `cms3_search_index_words`;
CREATE TABLE `cms3_search_index_words` (
  `id` int(10) unsigned NOT NULL AUTO_INCREMENT,
  `word` varchar(64) DEFAULT NULL,
  PRIMARY KEY (`id`),
  KEY `word` (`word`)
) ENGINE=InnoDB DEFAULT CHARSET=utf8;

INSERT INTO `cms3_search_index_words` (`id`, `word`) VALUES
(742,	'11-14.5'),
(577,	'11...14,5'),
(570,	'176'),
(738,	'176-243'),
(704,	'1st'),
(481,	'2000'),
(457,	'208'),
(571,	'243'),
(468,	'2525'),
(459,	'315'),
(95,	'404'),
(476,	'415'),
(440,	'432'),
(712,	'432-d'),
(525,	'432-д'),
(2,	'450'),
(248,	'about'),
(214,	'above'),
(461,	'ace-5'),
(340,	'acoustic'),
(654,	'acoustics'),
(220,	'activity'),
(283,	'address'),
(269,	'advantages'),
(771,	'after'),
(663,	'ago'),
(384,	'akai'),
(233,	'also'),
(237,	'and'),
(321,	'answers'),
(709,	'any'),
(385,	'ap-a206c'),
(291,	'apologize'),
(317,	'appliances'),
(212,	'are'),
(479,	'ashe-53'),
(643,	'audio'),
(462,	'b783'),
(133,	'back'),
(726,	'band'),
(675,	'based'),
(393,	'bb-1442'),
(469,	'bb-200'),
(455,	'bc-hook'),
(668,	'because'),
(289,	'been'),
(732,	'before'),
(231,	'below'),
(206,	'best'),
(425,	'bf-5534'),
(474,	'bf1550'),
(659,	'black-and-white'),
(774,	'blend'),
(783,	'bnc-connector'),
(633,	'bnc-коннектор'),
(270,	'bonuses'),
(445,	'botrk-16'),
(297,	'button'),
(347,	'buy'),
(708,	'buying'),
(714,	'c-432'),
(433,	'c-522'),
(430,	'c-819'),
(781,	'cable'),
(351,	'called'),
(327,	'calling'),
(245,	'can'),
(745,	'car'),
(760,	'case'),
(234,	'catalog'),
(438,	'cg-755'),
(723,	'channel'),
(715,	'characteristics'),
(298,	'check'),
(335,	'chose'),
(472,	'cl4'),
(657,	'color'),
(683,	'communicators'),
(735,	'connected'),
(780,	'connector'),
(345,	'connectors'),
(786,	'console'),
(324,	'consumer'),
(254,	'contact'),
(230,	'content'),
(678,	'cool'),
(389,	'coral'),
(431,	'ct-970'),
(252,	'customers'),
(390,	'cx-7'),
(688,	'days'),
(284,	'dead'),
(273,	'dear'),
(728,	'decimeter'),
(772,	'deliberation'),
(236,	'delivery'),
(240,	'demo'),
(266,	'describe'),
(216,	'described'),
(696,	'description'),
(695,	'detailed'),
(349,	'device'),
(787,	'devices'),
(729,	'diagonal'),
(762,	'different'),
(332,	'difficult'),
(770,	'disassembling'),
(691,	'discount'),
(343,	'discuss'),
(477,	'disen9'),
(649,	'disks'),
(277,	'does'),
(707,	'driver'),
(429,	'dual'),
(307,	'due'),
(693,	'during'),
(360,	'dvd'),
(264,	'e-mails'),
(210,	'editing'),
(325,	'electronics'),
(711,	'electronika'),
(439,	'elektronika'),
(642,	'equipment'),
(1,	'ericssont'),
(306,	'error'),
(699,	'event'),
(748,	'ever'),
(743,	'example'),
(680,	'excellent'),
(278,	'exist'),
(288,	'existed'),
(740,	'expensive'),
(358,	'fall'),
(336,	'fan-club'),
(309,	'fault'),
(232,	'features'),
(779,	'fiber'),
(208,	'fields'),
(640,	'firewire'),
(706,	'flash'),
(294,	'following'),
(209,	'for'),
(739,	'forget'),
(667,	'forgotten'),
(313,	'form'),
(271,	'found'),
(471,	'fy-8850'),
(473,	'fy-lr1250'),
(785,	'game'),
(448,	'garen-1'),
(434,	'gd-90'),
(689,	'get'),
(383,	'gf-650'),
(435,	'gf-908'),
(466,	'gg-wp'),
(716,	'give'),
(467,	'gl-hf'),
(701,	'greate'),
(378,	'gsm'),
(754,	'hand'),
(286,	'has'),
(747,	'have'),
(272,	'hello'),
(251,	'help'),
(256,	'here'),
(228,	'hidden'),
(756,	'hold'),
(316,	'home'),
(300,	'homepage'),
(447,	'horizont'),
(261,	'hours'),
(318,	'household'),
(322,	'how'),
(700,	'hurry'),
(483,	'ie3800'),
(292,	'inconvenience'),
(727,	'index'),
(255,	'info'),
(247,	'information'),
(484,	'inhib100'),
(348,	'innovative'),
(775,	'interior'),
(670,	'inventions'),
(159,	'ipad'),
(697,	'item'),
(692,	'items'),
(268,	'its'),
(703,	'july'),
(686,	'just'),
(750,	'keep'),
(710,	'laptop'),
(656,	'lcd'),
(671,	'leading'),
(355,	'like'),
(285,	'link'),
(776,	'living'),
(257,	'location'),
(652,	'long'),
(651,	'looking'),
(386,	'lp-r400'),
(193,	'm-150'),
(456,	'magn'),
(333,	'make'),
(219,	'manual'),
(672,	'manufacturers'),
(718,	'many'),
(258,	'map'),
(211,	'metadata'),
(724,	'meter'),
(249,	'methods'),
(282,	'mistake'),
(645,	'mobile'),
(338,	'model'),
(665,	'models'),
(719,	'modern'),
(450,	'moskwich'),
(480,	'mpad'),
(773,	'myself'),
(463,	'n78'),
(357,	'natural'),
(766,	'need'),
(287,	'never'),
(315,	'new'),
(235,	'news'),
(482,	'newton'),
(227,	'not'),
(352,	'novelty'),
(263,	'numbers'),
(717,	'odds'),
(769,	'off'),
(698,	'offer'),
(207,	'offers'),
(260,	'office'),
(441,	'oki'),
(746,	'one'),
(241,	'online'),
(694,	'only'),
(330,	'opinion'),
(778,	'optical'),
(221,	'option'),
(308,	'our'),
(223,	'page'),
(414,	'panasonic'),
(253,	'partners'),
(238,	'payment'),
(432,	'pc-x6ad'),
(690,	'personal'),
(427,	'philips'),
(262,	'phone'),
(682,	'phones'),
(344,	'photogallery'),
(733,	'picture'),
(664,	'picture-tube'),
(196,	'pioneer'),
(437,	'pk-2355'),
(246,	'place'),
(213,	'placed'),
(381,	'plaer'),
(243,	'platform'),
(380,	'player'),
(647,	'players'),
(310,	'please'),
(758,	'pliers'),
(658,	'portable'),
(279,	'possible'),
(296,	'previous'),
(359,	'prices'),
(720,	'products'),
(328,	'professionals'),
(722,	'programs'),
(470,	'ps-4'),
(388,	'ps-6750'),
(493,	'ps6750'),
(636,	'psp'),
(475,	'push888'),
(320,	'questions'),
(339,	'range'),
(749,	'read'),
(346,	'ready'),
(674,	'realising'),
(280,	'reasons'),
(721,	'receive'),
(648,	'recorders'),
(759,	'remove'),
(290,	'removed'),
(323,	'repair'),
(319,	'repaire'),
(311,	'report'),
(681,	'reproduction'),
(276,	'requested'),
(295,	'return'),
(314,	'reviews'),
(744,	'right'),
(777,	'room'),
(412,	'samsung'),
(465,	'sb-g800'),
(731,	'screen'),
(757,	'screwdriver'),
(764,	'screws'),
(302,	'search'),
(239,	'section'),
(342,	'select'),
(222,	'selected'),
(713,	'set'),
(687,	'seven'),
(661,	'several'),
(329,	'share'),
(413,	'sharp'),
(755,	'should'),
(225,	'shown'),
(784,	'signal'),
(452,	'singed12'),
(226,	'site'),
(730,	'size'),
(763,	'small'),
(685,	'smartphone'),
(684,	'smartphones'),
(387,	'sony'),
(442,	'sovet'),
(451,	'soviet'),
(259,	'specify'),
(299,	'spelling'),
(392,	'sr-q660'),
(460,	'ss-top'),
(741,	'stabilizers'),
(753,	'start'),
(673,	'started'),
(242,	'store'),
(293,	'suggest'),
(303,	'sure'),
(768,	'switch'),
(782,	'system'),
(341,	'systems'),
(424,	't5-z534'),
(655,	'tape-recorders'),
(458,	'tc-640'),
(443,	'tc1'),
(444,	'tc2'),
(453,	'tc3'),
(382,	'teac'),
(464,	'technics'),
(676,	'technology'),
(646,	'telephony'),
(669,	'television'),
(394,	'tf-000'),
(423,	'tg-2356'),
(305,	'that'),
(217,	'the'),
(761,	'there'),
(215,	'these'),
(679,	'thing'),
(304,	'think'),
(250,	'this'),
(702,	'till'),
(653,	'time'),
(478,	'tome2'),
(391,	'toshiba'),
(449,	'trist-r90'),
(734,	'tube'),
(660,	'tv-set'),
(644,	'tv-sets'),
(281,	'typing'),
(51,	'umi.cms'),
(765,	'understand'),
(275,	'unfortunately'),
(767,	'unscrew'),
(112,	'url'),
(705,	'usb'),
(301,	'use'),
(218,	'user'),
(312,	'using'),
(274,	'visitor'),
(229,	'visual'),
(446,	'vityas'),
(426,	'vn-87'),
(737,	'voltage'),
(356,	'waiting'),
(650,	'was'),
(725,	'wave'),
(454,	'wb-435'),
(265,	'welcome'),
(666,	'were'),
(331,	'what'),
(752,	'where'),
(350,	'which'),
(337,	'whole'),
(354,	'whould'),
(224,	'will'),
(334,	'wiring'),
(736,	'with'),
(326,	'without'),
(677,	'wow'),
(751,	'writing'),
(428,	'x-555'),
(436,	'x-980z'),
(353,	'year'),
(662,	'years'),
(244,	'you'),
(267,	'your'),
(581,	'автомобиле'),
(79,	'адреса'),
(24,	'активная'),
(374,	'акустика'),
(622,	'акустику'),
(200,	'акустических'),
(512,	'акции'),
(491,	'акция'),
(641,	'аппаратуры'),
(363,	'аудиотехникa'),
(114,	'битой'),
(132,	'браузера'),
(26,	'будет'),
(120,	'была'),
(407,	'были'),
(118,	'было'),
(175,	'бытовой'),
(489,	'вай-вай'),
(101,	'вами'),
(57,	'вариантах'),
(485,	'вау'),
(511,	'вашей'),
(580,	'вашем'),
(66,	'ваших'),
(410,	'ведущие'),
(129,	'вернуться'),
(197,	'весь'),
(36,	'визуального'),
(151,	'вине'),
(606,	'винтиков'),
(104,	'возможно'),
(39,	'возможности'),
(549,	'волн'),
(399,	'волной'),
(177,	'вопросы'),
(140,	'воспользоваться'),
(625,	'вписаться'),
(75,	'время'),
(192,	'выбрал'),
(27,	'выведена'),
(184,	'вызов'),
(611,	'выключать'),
(416,	'выпуск'),
(138,	'главную'),
(165,	'года'),
(627,	'гостиной'),
(157,	'готовы'),
(34,	'далее'),
(550,	'данная'),
(535,	'дать'),
(366,	'двд'),
(190,	'делать'),
(48,	'демонстрационного'),
(85,	'демонстрационный'),
(598,	'держать'),
(556,	'дециметрового'),
(564,	'диагонали'),
(557,	'диапазона'),
(548,	'диапазоне'),
(369,	'диски'),
(9,	'для'),
(498,	'дней'),
(83,	'добро'),
(587,	'доводилось'),
(167,	'дожидаясь'),
(617,	'долгих'),
(518,	'долго'),
(623,	'должна'),
(181,	'домашних'),
(176,	'дому'),
(573,	'дорогих'),
(45,	'доставка'),
(58,	'доставки'),
(124,	'доставленные'),
(92,	'достоинства'),
(188,	'думаете'),
(91,	'его'),
(20,	'если'),
(168,	'естественного'),
(590,	'ещё'),
(572,	'забудьте'),
(409,	'забыты'),
(788,	'запись'),
(100,	'запрашиваемой'),
(71,	'здесь'),
(96,	'здравствуйте'),
(638,	'игровой'),
(539,	'изделиям'),
(530,	'изображения'),
(402,	'изобретения'),
(119,	'или'),
(562,	'имеет'),
(620,	'именно'),
(552,	'индексом'),
(401,	'инновационные'),
(87,	'интернет-магазин'),
(49,	'интернет-магазина'),
(626,	'интерьер'),
(56,	'информацию'),
(70,	'информация'),
(519,	'искал'),
(575,	'источника'),
(205,	'кабелей'),
(631,	'кабельной'),
(23,	'как'),
(486,	'какая'),
(608,	'какие'),
(595,	'какой'),
(546,	'канале'),
(555,	'каналов'),
(141,	'картой'),
(72,	'карту'),
(42,	'каталог'),
(561,	'кинескоп'),
(405,	'кинескопные'),
(131,	'кнопки'),
(379,	'коммуникаторы'),
(69,	'контактная'),
(155,	'контактной'),
(602,	'корпус'),
(162,	'которое'),
(585,	'который'),
(419,	'которых'),
(523,	'крепкий'),
(487,	'крутая'),
(158,	'купить'),
(397,	'лет'),
(4,	'лучшие'),
(583,	'лучших'),
(545,	'любом'),
(507,	'магазина'),
(82,	'магазине'),
(373,	'магнитофоны'),
(11,	'метаинформации'),
(547,	'метровом'),
(586,	'мне'),
(187,	'мнениями'),
(537,	'многим'),
(364,	'мобильная'),
(418,	'моделей'),
(406,	'модели'),
(551,	'модель'),
(198,	'модельный'),
(534,	'может'),
(501,	'можете'),
(15,	'можно'),
(375,	'музыкальные'),
(111,	'наборе'),
(145,	'набранного'),
(6,	'наверху'),
(408,	'навсегда'),
(130,	'назад'),
(559,	'называли'),
(163,	'называют'),
(94,	'найдена'),
(136,	'написания'),
(578,	'например'),
(569,	'напряжением'),
(47,	'находитесь'),
(415,	'начали'),
(592,	'начать'),
(506,	'нашего'),
(150,	'нашей'),
(103,	'нашем'),
(420,	'нашли'),
(115,	'неработающей'),
(396,	'несколько'),
(125,	'неудобства'),
(117,	'никогда'),
(505,	'новинки'),
(164,	'новинкой'),
(172,	'новинок'),
(44,	'новости'),
(417,	'новых'),
(77,	'номера'),
(609,	'нужно'),
(584,	'обзоров'),
(171,	'обзоры'),
(35,	'области'),
(203,	'обсуждаем'),
(582,	'один'),
(107,	'одной'),
(25,	'она'),
(12,	'описание'),
(510,	'описания'),
(40,	'описаны'),
(90,	'описать'),
(46,	'оплата'),
(60,	'оплаты'),
(628,	'оптоволоконный'),
(624,	'органично'),
(599,	'отвёртку'),
(178,	'ответы'),
(610,	'откручивать'),
(514,	'отличная'),
(520,	'отличный'),
(30,	'отметка'),
(22,	'отмечена'),
(421,	'отражение'),
(179,	'отремонтировать'),
(522,	'очень'),
(148,	'ошибка'),
(109,	'ошиблись'),
(169,	'падения'),
(68,	'партнеров'),
(613,	'перед'),
(137,	'перейти'),
(567,	'переменного'),
(526,	'переносной'),
(113,	'перешли'),
(503,	'персональную'),
(589,	'пишите'),
(50,	'платформе'),
(367,	'плееры'),
(600,	'плоскогубцы'),
(202,	'подбираем'),
(186,	'поделитесь'),
(637,	'подключения'),
(565,	'подключить'),
(508,	'подробный'),
(84,	'пожаловать'),
(152,	'пожалуйста'),
(142,	'поиском'),
(32,	'показана'),
(67,	'покупателей'),
(502,	'получить'),
(8,	'поля'),
(62,	'помощи'),
(61,	'помощь'),
(607,	'понимаю'),
(370,	'портативные'),
(98,	'посетитель'),
(33,	'посетителям'),
(616,	'после'),
(576,	'постоянного'),
(16,	'почитать'),
(81,	'почты'),
(597,	'правильно'),
(144,	'правильности'),
(135,	'правильность'),
(126,	'предлагаем'),
(5,	'предложения'),
(93,	'преимущества'),
(110,	'при'),
(612,	'прибор'),
(789,	'прием'),
(528,	'приёмник'),
(541,	'принимать'),
(166,	'приобрести'),
(639,	'приставки'),
(593,	'приступить'),
(108,	'причин'),
(542,	'программы'),
(73,	'проезда'),
(517,	'прозрачная'),
(411,	'производители'),
(149,	'произошла'),
(122,	'просим'),
(400,	'прошли'),
(123,	'прощения'),
(134,	'прповерить'),
(579,	'прямо'),
(128,	'пути'),
(594,	'работе'),
(76,	'работы'),
(615,	'разбирать'),
(17,	'разделе'),
(563,	'размер'),
(64,	'разместите'),
(55,	'разместить'),
(618,	'размышлений'),
(605,	'разных'),
(403,	'разработки'),
(629,	'разъем'),
(560,	'раньше'),
(7,	'расположены'),
(88,	'рассказать'),
(160,	'революционное'),
(18,	'редактирование'),
(10,	'редактирования'),
(368,	'рекордеры'),
(174,	'ремонт'),
(596,	'руке'),
(41,	'руководстве'),
(199,	'ряд'),
(86,	'сайт'),
(63,	'сайта'),
(28,	'сайте'),
(89,	'своём'),
(532,	'своим'),
(14,	'свойств'),
(365,	'связь'),
(619,	'себя'),
(500,	'семи'),
(497,	'семь'),
(566,	'сети'),
(635,	'сигнала'),
(201,	'систем'),
(632,	'системе'),
(194,	'скажете'),
(504,	'скидку'),
(127,	'следующие'),
(189,	'сложно'),
(106,	'случилось'),
(521,	'смартфон'),
(3,	'смартфоны'),
(54,	'сможете'),
(494,	'сниженной'),
(31,	'снята'),
(601,	'снять'),
(513,	'события'),
(538,	'современным'),
(99,	'сожалению'),
(153,	'сообщите'),
(185,	'специалистов'),
(490,	'спешите'),
(59,	'способах'),
(540,	'способен'),
(65,	'справочную'),
(116,	'ссылке'),
(574,	'стабилизаторах'),
(604,	'столько'),
(19,	'страниц'),
(21,	'страница'),
(53,	'странице'),
(139,	'страницу'),
(38,	'страницы'),
(398,	'стремительной'),
(102,	'существует'),
(146,	'считаете'),
(516,	'такая'),
(603,	'там'),
(509,	'текст'),
(37,	'текста'),
(544,	'телевидения'),
(634,	'телевизионного'),
(527,	'телевизионный'),
(395,	'телевизор'),
(404,	'телевизоров'),
(362,	'телевизоры'),
(78,	'телефонов'),
(377,	'телефоны'),
(614,	'тем'),
(361,	'техника'),
(173,	'техники'),
(180,	'технику'),
(422,	'технологии'),
(499,	'течение'),
(43,	'товаров'),
(568,	'тока'),
(496,	'только'),
(553,	'том'),
(183,	'тратя'),
(97,	'уважаемый'),
(143,	'уверены'),
(121,	'удалена'),
(74,	'укажите'),
(182,	'условиях'),
(492,	'успейте'),
(630,	'установки'),
(161,	'устройство'),
(195,	'фан-клуб'),
(156,	'формы'),
(536,	'фору'),
(204,	'фотогалерея'),
(533,	'характеристикам'),
(531,	'ц-432'),
(529,	'цветного'),
(372,	'цветные'),
(515,	'цветопередача'),
(170,	'цен'),
(495,	'цене'),
(376,	'центры'),
(591,	'чего'),
(543,	'чёрно-белого'),
(371,	'черно-белые'),
(554,	'числе'),
(588,	'читать'),
(147,	'что'),
(488,	'штука'),
(558,	'экран'),
(524,	'электроника'),
(80,	'электронной'),
(191,	'электропроводку'),
(29,	'эта'),
(13,	'этих'),
(105,	'это'),
(52,	'этой'),
(154,	'этом'),
(621,	'эту');

DROP TABLE IF EXISTS `cms3_sliders`;
CREATE TABLE `cms3_sliders` (
  `id` int(11) unsigned NOT NULL AUTO_INCREMENT,
  `name` varchar(255) NOT NULL,
  `domain_id` int(11) unsigned NOT NULL,
  `language_id` int(11) unsigned NOT NULL,
  `sliding_speed` int(11) unsigned DEFAULT NULL,
  `sliding_delay` int(11) unsigned DEFAULT NULL,
  `sliding_loop_enable` tinyint(1) DEFAULT 0,
  `sliding_auto_play_enable` tinyint(1) DEFAULT 0,
  `sliders_random_order_enable` tinyint(1) DEFAULT 0,
  `slides_count` int(11) unsigned DEFAULT 0,
  `custom_id` varchar(255) DEFAULT NULL,
  PRIMARY KEY (`id`),
  KEY `id from domains` (`domain_id`),
  KEY `id from languages` (`language_id`),
  CONSTRAINT `id from domains` FOREIGN KEY (`domain_id`) REFERENCES `cms3_domains` (`id`) ON DELETE CASCADE ON UPDATE CASCADE,
  CONSTRAINT `id from languages` FOREIGN KEY (`language_id`) REFERENCES `cms3_langs` (`id`) ON DELETE CASCADE ON UPDATE CASCADE
) ENGINE=InnoDB DEFAULT CHARSET=utf8;


DROP TABLE IF EXISTS `cms3_slides`;
CREATE TABLE `cms3_slides` (
  `id` int(11) unsigned NOT NULL AUTO_INCREMENT,
  `name` varchar(255) NOT NULL,
  `slider_id` int(11) unsigned NOT NULL,
  `is_active` tinyint(1) DEFAULT 0,
  `title` varchar(1024) DEFAULT NULL,
  `image` varchar(255) DEFAULT NULL,
  `text` mediumtext DEFAULT NULL,
  `link` varchar(1024) DEFAULT NULL,
  `open_in_new_tab` tinyint(1) DEFAULT 1,
  `order` int(11) unsigned DEFAULT 0,
  PRIMARY KEY (`id`),
  KEY `slider_id and is_active with order` (`slider_id`,`is_active`,`order`),
  CONSTRAINT `id from sliders` FOREIGN KEY (`slider_id`) REFERENCES `cms3_sliders` (`id`) ON DELETE CASCADE ON UPDATE CASCADE
) ENGINE=InnoDB DEFAULT CHARSET=utf8;


DROP TABLE IF EXISTS `cms3_stock_balance_list`;
CREATE TABLE `cms3_stock_balance_list` (
  `id` int(10) unsigned NOT NULL AUTO_INCREMENT,
  `offer_id` int(10) unsigned NOT NULL,
  `stock_id` int(10) unsigned NOT NULL,
  `value` bigint(20) unsigned DEFAULT 0,
  PRIMARY KEY (`id`),
  KEY `stock balance to offer` (`offer_id`),
  KEY `stock balance to stock` (`stock_id`),
  CONSTRAINT `stock balance to offer` FOREIGN KEY (`offer_id`) REFERENCES `cms3_offer_list` (`id`) ON DELETE CASCADE ON UPDATE CASCADE,
  CONSTRAINT `stock balance to stock` FOREIGN KEY (`stock_id`) REFERENCES `cms3_objects` (`id`) ON DELETE CASCADE ON UPDATE CASCADE
) ENGINE=InnoDB DEFAULT CHARSET=utf8;


DROP TABLE IF EXISTS `cms3_templates`;
CREATE TABLE `cms3_templates` (
  `id` int(10) unsigned NOT NULL AUTO_INCREMENT,
  `name` varchar(128) DEFAULT NULL,
  `filename` varchar(64) DEFAULT NULL,
  `type` varchar(64) DEFAULT NULL,
  `domain_id` int(10) unsigned DEFAULT NULL,
  `lang_id` int(10) unsigned DEFAULT NULL,
  `title` varchar(128) DEFAULT NULL,
  `is_default` tinyint(1) DEFAULT NULL,
  PRIMARY KEY (`id`),
  KEY `Template - Lang_FK` (`lang_id`),
  KEY `Templates - domains_FK` (`domain_id`),
  KEY `is_default` (`is_default`),
  KEY `filename` (`filename`),
  KEY `title` (`title`)
) ENGINE=InnoDB DEFAULT CHARSET=utf8;

INSERT INTO `cms3_templates` (`id`, `name`, `filename`, `type`, `domain_id`, `lang_id`, `title`, `is_default`) VALUES
(1,	'demodizzy',	'vkontakte.xsl',	'xslt',	1,	1,	'ВКонтакте',	0),
(2,	'demodizzy',	'default.phtml',	'php',	1,	1,	'Основной',	1),
(3,	'demodizzy',	'default.xsl',	'xslt',	1,	2,	'Default',	1);

DROP TABLE IF EXISTS `cms_backup`;
CREATE TABLE `cms_backup` (
  `id` int(10) unsigned NOT NULL AUTO_INCREMENT,
  `ctime` int(11) DEFAULT NULL,
  `changed_module` varchar(128) DEFAULT NULL,
  `changed_method` varchar(128) DEFAULT NULL,
  `param` text DEFAULT NULL,
  `param0` mediumtext DEFAULT NULL,
  `user_id` int(11) DEFAULT NULL,
  `is_active` int(11) DEFAULT 0,
  PRIMARY KEY (`id`)
) ENGINE=InnoDB DEFAULT CHARSET=utf8;


DROP TABLE IF EXISTS `cms_permissions`;
CREATE TABLE `cms_permissions` (
  `module` varchar(64) DEFAULT NULL,
  `method` varchar(64) DEFAULT NULL,
  `owner_id` int(10) unsigned DEFAULT NULL,
  `allow` tinyint(4) DEFAULT 1,
  KEY `module` (`module`),
  KEY `method` (`method`),
  KEY `owner_id` (`owner_id`),
  KEY `allow` (`allow`),
  CONSTRAINT `FK_PermissionOwnerId_To_ObjectId` FOREIGN KEY (`owner_id`) REFERENCES `cms3_objects` (`id`) ON DELETE CASCADE ON UPDATE CASCADE
) ENGINE=InnoDB DEFAULT CHARSET=utf8;

INSERT INTO `cms_permissions` (`module`, `method`, `owner_id`, `allow`) VALUES
('domain',	'1',	618,	1),
('content',	'content',	618,	1),
('users',	'registrate',	618,	1),
('data',	'2373',	618,	1),
('data',	'main',	618,	1),
('catalog',	'view',	618,	1),
('news',	'view',	618,	1),
('vote',	'poll',	618,	1),
('vote',	'post',	618,	1),
('search',	'search',	618,	1),
('forum',	'view',	618,	1),
('banners',	'insert',	618,	1),
('banners',	'go_to',	618,	1),
('dispatches',	'subscribe',	618,	1),
('comments',	'insert',	618,	1),
('webforms',	'add',	618,	1),
('webforms',	'insert',	618,	1),
('webforms',	'messages',	618,	1),
('stat',	'tagsCloud',	618,	1),
('faq',	'projects',	618,	1),
('faq',	'post_question',	618,	1),
('photoalbum',	'albums',	618,	1),
('filemanager',	'list_files',	618,	1),
('filemanager',	'download',	618,	1),
('seo',	'guest',	618,	1),
('blogs20',	'common',	618,	1),
('emarket',	'purchasing',	618,	1),
('emarket',	'compare',	618,	1),
('emarket',	'personal',	618,	1),
('exchange',	'auto',	618,	1),
('exchange',	'get_export',	618,	1),
('social_networks',	'view',	618,	1),
('menu',	'view',	618,	1),
('appointment',	'enroll',	618,	1),
('umiSliders',	'view',	618,	1),
('umiSettings',	'read',	618,	1),
('umiStub',	'stub',	618,	1),
('config',	'cron_http_execute',	618,	1),
('users',	'settings',	619,	1),
('blogs20',	'add',	619,	1),
('stat',	'widgets',	618,	1),
('eshop',	'personal',	619,	1);

DROP TABLE IF EXISTS `cms_reg`;
CREATE TABLE `cms_reg` (
  `id` int(11) NOT NULL AUTO_INCREMENT,
  `var` varchar(48) NOT NULL,
  `val` varchar(255) DEFAULT NULL,
  `rel` int(11) NOT NULL DEFAULT 0,
  PRIMARY KEY (`id`),
  KEY `var` (`var`),
  KEY `rel` (`rel`,`var`)
) ENGINE=InnoDB DEFAULT CHARSET=utf8;

INSERT INTO `cms_reg` (`id`, `var`, `val`, `rel`) VALUES
(1,	'modules',	'',	0),
(2,	'events',	'events',	1),
(3,	'name',	'events',	2),
(4,	'title',	'Events',	2),
(5,	'description',	'Events',	2),
(6,	'filename',	'modules/events/class.php',	2),
(7,	'config',	'1',	2),
(8,	'ico',	'ico_events',	2),
(9,	'default_method',	'getUserSettings',	2),
(10,	'default_method_admin',	'last',	2),
(11,	'max-days-storing-events',	'30',	2),
(12,	'collect-events',	'0',	2),
(13,	'menu',	'menu',	1),
(14,	'name',	'menu',	13),
(15,	'filename',	'modules/menu/class.php',	13),
(16,	'config',	'0',	13),
(17,	'ico',	'ico_menu',	13),
(18,	'default_method',	'show',	13),
(19,	'default_method_admin',	'lists',	13),
(20,	'per_page',	'10',	13),
(21,	'news',	'news',	1),
(22,	'name',	'news',	21),
(23,	'filename',	'modules/news/class.php',	21),
(24,	'config',	'1',	21),
(25,	'default_method',	'archive',	21),
(26,	'default_method_admin',	'lists',	21),
(27,	'per_page',	'10',	21),
(28,	'content',	'content',	1),
(29,	'name',	'content',	28),
(30,	'filename',	'modules/content/class.php',	28),
(31,	'config',	'1',	28),
(32,	'default_method',	'content',	28),
(33,	'default_method_admin',	'sitetree',	28),
(34,	'blogs20',	'blogs20',	1),
(35,	'verison',	'2.0.0.0',	34),
(36,	'name',	'blogs20',	34),
(37,	'filename',	'modules/blogs20/class.php',	34),
(38,	'config',	'1',	34),
(39,	'ico',	'ico_blogs20',	34),
(40,	'default_method',	'blogsList',	34),
(41,	'default_method_admin',	'posts',	34),
(42,	'paging',	'',	34),
(43,	'blogs',	'10',	42),
(44,	'posts',	'10',	42),
(45,	'comments',	'50',	42),
(46,	'blogs_per_user',	'5',	34),
(47,	'allow_guest_comments',	'1',	34),
(48,	'notifications',	'',	34),
(49,	'on_comment_add',	'1',	48),
(50,	'forum',	'forum',	1),
(51,	'name',	'forum',	50),
(52,	'filename',	'modules/forum/class.php',	50),
(53,	'config',	'1',	50),
(54,	'default_method',	'show',	50),
(55,	'default_method_admin',	'confs_list',	50),
(56,	'need_moder',	'0',	50),
(57,	'allow_guest',	'0',	50),
(58,	'per_page',	'25',	50),
(59,	'sort_by_last_message',	'0',	50),
(60,	'dispatch_id',	'26073',	50),
(61,	'comments',	'comments',	1),
(62,	'name',	'comments',	61),
(63,	'title',	'Комментарии',	61),
(64,	'filename',	'modules/comments/class.php',	61),
(65,	'config',	'1',	61),
(66,	'default_method',	'void_func',	61),
(67,	'default_method_admin',	'view_comments',	61),
(68,	'per_page',	'10',	61),
(69,	'moderated',	'0',	61),
(70,	'guest_posting',	'0',	61),
(71,	'allow_guest',	'1',	61),
(72,	'default_comments',	'1',	61),
(73,	'vkontakte',	'0',	61),
(74,	'vk_per_page',	'0',	61),
(75,	'vk_width',	'0',	61),
(76,	'vk_api',	'',	61),
(77,	'vk_extend',	'0',	61),
(78,	'facebook',	'0',	61),
(79,	'fb_per_page',	'0',	61),
(80,	'fb_width',	'0',	61),
(81,	'fb_colorscheme',	'light',	61),
(82,	'vote',	'vote',	1),
(83,	'name',	'vote',	82),
(84,	'filename',	'modules/vote/class.php',	82),
(85,	'config',	'1',	82),
(86,	'default_method',	'insertlast',	82),
(87,	'default_method_admin',	'lists',	82),
(88,	'webforms',	'webforms',	1),
(89,	'name',	'webforms',	88),
(90,	'filename',	'webforms/class.php',	88),
(91,	'config',	'0',	88),
(92,	'default_method',	'insert',	88),
(93,	'default_method_admin',	'addresses',	88),
(94,	'imported',	'1',	88),
(95,	'photoalbum',	'photoalbum',	1),
(96,	'name',	'photoalbum',	95),
(97,	'filename',	'modules/photoalbum/class.php',	95),
(98,	'config',	'1',	95),
(99,	'default_method',	'albums',	95),
(100,	'default_method_admin',	'lists',	95),
(101,	'per_page',	'10',	95),
(102,	'faq',	'faq',	1),
(103,	'name',	'faq',	102),
(104,	'filename',	'modules/faq/class.php',	102),
(105,	'config',	'1',	102),
(106,	'default_method',	'project',	102),
(107,	'default_method_admin',	'projects_list',	102),
(108,	'per_page',	'10',	102),
(109,	'disable_new_question_notification',	'0',	102),
(110,	'dispatches',	'dispatches',	1),
(111,	'name',	'dispatches',	110),
(112,	'filename',	'dispatches/class.php',	110),
(113,	'config',	'1',	110),
(114,	'default_method',	'subscribe',	110),
(115,	'default_method_admin',	'lists',	110),
(116,	'catalog',	'catalog',	1),
(117,	'name',	'catalog',	116),
(118,	'title',	'Каталог',	116),
(119,	'filename',	'modules/catalog/class.php',	116),
(120,	'config',	'1',	116),
(121,	'default_method',	'category',	116),
(122,	'default_method_admin',	'tree',	116),
(123,	'per_page',	'25',	116),
(124,	'emarket',	'emarket',	1),
(125,	'version',	'2.8.0.5',	124),
(126,	'version_line',	'pro',	124),
(127,	'name',	'emarket',	124),
(128,	'title',	'Интернет-магазин',	124),
(129,	'filename',	'modules/emarket/class.php',	124),
(130,	'config',	'1',	124),
(131,	'ico',	'ico_eshop',	124),
(132,	'default_method_admin',	'orders',	124),
(133,	'enable-discounts',	'1',	124),
(134,	'enable-currency',	'1',	124),
(135,	'enable-stores',	'1',	124),
(136,	'enable-payment',	'1',	124),
(137,	'enable-delivery',	'1',	124),
(138,	'social_vkontakte_merchant_id',	'',	124),
(139,	'social_vkontakte_key',	'',	124),
(140,	'social_vkontakte_wishlist',	'1',	124),
(141,	'social_vkontakte_order',	'1',	124),
(142,	'social_vkontakte_testmode',	'1',	124),
(143,	'delivery-with-address',	'0',	124),
(144,	'default-store-city',	'Санкт-Петербург',	124),
(145,	'default-store-contact-email',	'hariton.moiseevich@umisoft.ru',	124),
(146,	'default-store-contact-full-name',	'Харитон Моисеевич',	124),
(147,	'default-store-contact-phone',	'88123090315',	124),
(148,	'default-store-country-code',	'RU',	124),
(149,	'default-store-house-number',	'25ж',	124),
(150,	'default-store-region',	'Санкт-Петербург',	124),
(151,	'default-store-street',	'Красного курсанта',	124),
(152,	'order-defaultHeight',	'60',	124),
(153,	'order-defaultLength',	'40',	124),
(154,	'order-defaultWidth',	'40',	124),
(155,	'order-defaultWeight',	'1000',	124),
(156,	'default-store-index',	'197110',	124),
(157,	'banners',	'banners',	1),
(158,	'name',	'banners',	157),
(159,	'filename',	'banners/class.php',	157),
(160,	'config',	'1',	157),
(161,	'default_method',	'insert_banner',	157),
(162,	'default_method_admin',	'lists',	157),
(163,	'users',	'users',	1),
(164,	'name',	'users',	163),
(165,	'filename',	'modules/users/class.php',	163),
(166,	'config',	'1',	163),
(167,	'default_method',	'auth',	163),
(168,	'default_method_admin',	'users_list_all',	163),
(169,	'def_group',	'619',	163),
(170,	'pages_permissions_changing_enabled_on_add',	'1',	163),
(171,	'pages_permissions_changing_enabled_on_edit',	'0',	163),
(172,	'stat',	'stat',	1),
(173,	'name',	'stat',	172),
(174,	'filename',	'modules/stat/class.php',	172),
(175,	'config',	'1',	172),
(176,	'default_method',	'sess_refresh',	172),
(177,	'default_method_admin',	'yandexMetric',	172),
(178,	'collect',	'0',	172),
(179,	'delete_after',	'30',	172),
(180,	'items_per_page',	'100',	172),
(181,	'seo',	'seo',	1),
(182,	'name',	'seo',	181),
(183,	'filename',	'modules/seo/class.php',	181),
(184,	'config',	'1',	181),
(185,	'default_method',	'show',	181),
(186,	'default_method_admin',	'webmaster',	181),
(187,	'megaindex-login',	'megaindex@umisoft.ru',	181),
(188,	'megaindex-password',	'et676e5rj',	181),
(189,	'exchange',	'exchange',	1),
(190,	'name',	'exchange',	189),
(191,	'filename',	'modules/exchange/class.php',	189),
(192,	'config',	'1',	189),
(193,	'ico',	'exchange',	189),
(194,	'default_method',	'import',	189),
(195,	'default_method_admin',	'import',	189),
(196,	'social_networks',	'social_networks',	1),
(197,	'version',	'1',	196),
(198,	'name',	'social_networks',	196),
(199,	'title',	'Интеграция с социальными сетями',	196),
(200,	'filename',	'modules/social_networks/class.php',	196),
(201,	'config',	'0',	196),
(202,	'ico',	'ico_social_networks',	196),
(203,	'default_method',	'vkontakte',	196),
(204,	'default_method_admin',	'vkontakte',	196),
(205,	'config',	'config',	1),
(206,	'name',	'config',	205),
(207,	'filename',	'modules/config/class.php',	205),
(208,	'config',	'0',	205),
(209,	'default_method',	'test',	205),
(210,	'default_method_admin',	'main',	205),
(211,	'tickets',	'tickets',	1),
(212,	'name',	'tickets',	211),
(213,	'filename',	'modules/tickets/class.php',	211),
(214,	'config',	'0',	211),
(215,	'ico',	'ico_tickets',	211),
(216,	'default_method',	'',	211),
(217,	'default_method_admin',	'tickets',	211),
(218,	'data',	'data',	1),
(219,	'name',	'data',	218),
(220,	'filename',	'modules/data/class.php',	218),
(221,	'config',	'1',	218),
(222,	'default_method',	'test',	218),
(223,	'default_method_admin',	'types',	218),
(224,	'autoupdate',	'autoupdate',	1),
(225,	'name',	'autoupdate',	224),
(226,	'filename',	'modules/autoupdate/class.php',	224),
(227,	'config',	'0',	224),
(228,	'default_method',	'updateall',	224),
(229,	'default_method_admin',	'versions',	224),
(230,	'backup',	'backup',	1),
(231,	'name',	'backup',	230),
(232,	'title',	'Backups',	230),
(233,	'filename',	'modules/backup/class.php',	230),
(234,	'config',	'1',	230),
(235,	'default_method',	'temp_method',	230),
(236,	'default_method_admin',	'snapshots',	230),
(237,	'max_timelimit',	'30',	230),
(238,	'max_save_actions',	'50',	230),
(239,	'enabled',	'1',	230),
(240,	'search',	'search',	1),
(241,	'name',	'search',	240),
(242,	'filename',	'modules/search/class.php',	240),
(243,	'default_method',	'search_do',	240),
(244,	'default_method_admin',	'index_control',	240),
(245,	'per_page',	'10',	240),
(246,	'one_iteration_index',	'5',	240),
(247,	'config',	'1',	240),
(248,	'filemanager',	'filemanager',	1),
(249,	'name',	'filemanager',	248),
(250,	'description',	'Управление файловой системой.',	248),
(251,	'filename',	'modules/filemanager/class.php',	248),
(252,	'config',	'0',	248),
(253,	'default_method',	'list_files',	248),
(254,	'default_method_admin',	'shared_files',	248),
(255,	'geoip',	'geoip',	1),
(256,	'config',	'1',	255),
(257,	'name',	'geoip',	255),
(258,	'default_method',	'empty',	255),
(259,	'default_method_admin',	'info',	255),
(260,	'IpapiCom',	'',	255),
(261,	'api-key',	'',	260),
(262,	'umiRedirects',	'umiRedirects',	1),
(263,	'config',	'1',	262),
(264,	'name',	'umiRedirects',	262),
(265,	'default_method',	'empty',	262),
(266,	'default_method_admin',	'lists',	262),
(267,	'umiSliders',	'umiSliders',	1),
(268,	'config',	'1',	267),
(269,	'name',	'umiSliders',	267),
(270,	'default_method',	'empty',	267),
(271,	'default_method_admin',	'getSliders',	267),
(272,	'default_sliding_speed',	'1',	267),
(273,	'default_sliding_delay',	'1',	267),
(274,	'default_sliding_slides_count',	'10',	267),
(275,	'umiNotifications',	'umiNotifications',	1),
(276,	'default_method',	'empty',	275),
(277,	'default_method_admin',	'notifications',	275),
(278,	'config',	'0',	275),
(279,	'umiSettings',	'umiSettings',	1),
(280,	'default_method',	'empty',	279),
(281,	'default_method_admin',	'read',	279),
(282,	'trash',	'trash',	1),
(283,	'config',	'0',	282),
(284,	'default_method',	'empty',	282),
(285,	'default_method_admin',	'trash',	282),
(286,	'umiStub',	'umiStub',	1),
(287,	'name',	'umiStub',	286),
(288,	'config',	'0',	286),
(289,	'default_method',	'empty',	286),
(290,	'default_method_admin',	'stub',	286),
(291,	'appointment',	'appointment',	1),
(292,	'config',	'1',	291),
(293,	'name',	'appointment',	291),
(294,	'work-time-0',	'',	291),
(295,	'work-time-1',	'',	291),
(296,	'work-time-2',	'',	291),
(297,	'work-time-3',	'',	291),
(298,	'work-time-4',	'',	291),
(299,	'work-time-5',	'',	291),
(300,	'work-time-6',	'',	291),
(301,	'default_method',	'page',	291),
(302,	'default_method_admin',	'orders',	291),
(303,	'solutions',	'',	0),
(304,	'1',	'demodizzy',	303),
(305,	'new-record-admin-notify',	'1',	291),
(306,	'new-record-user-notify',	'1',	291),
(307,	'record-status-changed-user-notify',	'1',	291),
(308,	'work-time-0-from',	'08:00',	291),
(309,	'work-time-0-to',	'20:00',	291),
(310,	'work-time-1-from',	'08:00',	291),
(311,	'work-time-1-to',	'20:00',	291),
(312,	'work-time-2-from',	'08:00',	291),
(313,	'work-time-2-to',	'20:00',	291),
(314,	'work-time-3-from',	'08:00',	291),
(315,	'work-time-3-to',	'20:00',	291),
(316,	'work-time-4-from',	'08:00',	291),
(317,	'work-time-4-to',	'20:00',	291),
(318,	'check_csrf_on_user_update',	'1',	163),
(319,	'require_current_password',	'1',	163),
(320,	'settings',	'',	0),
(321,	'keycode',	'51F99A19B0B-F528764D624-C0646C55DF2',	320),
(322,	'system_edition',	'commerce',	320),
(323,	'previous_edition',	'commerce',	320),
(324,	'system_version',	'20',	320),
(325,	'system_build',	'88158',	320),
(326,	'last_updated',	'1566304015',	320),
(327,	'system_build',	'88158',	224),
(328,	'install',	'1566304153',	320),
(329,	'guest_id',	'618',	163),
(330,	'create',	'1566304153',	320);

DROP TABLE IF EXISTS `cms_sitemap`;
CREATE TABLE `cms_sitemap` (
  `id` int(11) NOT NULL,
  `domain_id` int(10) unsigned NOT NULL,
  `link` varchar(1024) NOT NULL,
  `sort` tinyint(4) NOT NULL,
  `priority` double NOT NULL DEFAULT 0,
  `dt` datetime NOT NULL,
  `level` int(4) unsigned NOT NULL,
  `lang_id` int(10) unsigned NOT NULL,
  PRIMARY KEY (`id`),
  KEY `__sort` (`sort`),
  KEY `__domain_id` (`domain_id`),
  KEY `__domain_id__sort` (`domain_id`,`sort`),
  KEY `__domain_id__level` (`domain_id`,`level`),
  KEY `lang_id from cms3_langs` (`lang_id`),
  CONSTRAINT `domain_id from cms3_domains` FOREIGN KEY (`domain_id`) REFERENCES `cms3_domains` (`id`) ON DELETE CASCADE,
  CONSTRAINT `lang_id from cms3_langs` FOREIGN KEY (`lang_id`) REFERENCES `cms3_langs` (`id`) ON DELETE CASCADE
) ENGINE=InnoDB DEFAULT CHARSET=utf8;

INSERT INTO `cms_sitemap` (`id`, `domain_id`, `link`, `sort`, `priority`, `dt`, `level`, `lang_id`) VALUES
(1,	1,	'http://madgrant.ru/shop/mobil_naya_svyaz/smartfony/ericssont_450/',	7,	0.3,	'2019-08-20 15:29:02',	4,	1),
(2,	1,	'http://madgrant.ru/shop/mobil_naya_svyaz/smartfony/',	11,	0.3,	'2019-08-20 15:29:06',	3,	1),
(3,	1,	'http://madgrant.ru/',	10,	1,	'2019-08-20 15:28:59',	0,	1),
(4,	1,	'http://madgrant.ru/shop/',	16,	1,	'2019-08-20 15:29:05',	1,	1),
(5,	1,	'http://madgrant.ru/news1/',	1,	1,	'2019-08-20 15:28:59',	1,	1),
(6,	1,	'http://madgrant.ru/delivery_and_payment/',	0,	1,	'2019-08-20 15:28:59',	1,	1),
(7,	1,	'http://madgrant.ru/help/',	14,	1,	'2019-08-20 15:28:59',	1,	1),
(8,	1,	'http://madgrant.ru/contacts/',	7,	1,	'2019-08-20 15:28:59',	1,	1),
(9,	1,	'http://madgrant.ru/about/',	15,	1,	'2019-08-20 15:28:34',	1,	1),
(10,	1,	'http://madgrant.ru/notfound/',	9,	1,	'2019-08-20 15:28:59',	1,	1),
(11,	1,	'http://madgrant.ru/gotovy_li_vy_kupit_ipad/',	9,	1,	'2019-08-20 15:28:59',	1,	1),
(12,	1,	'http://madgrant.ru/obzory_novinok_tehniki/',	4,	1,	'2019-08-20 15:28:59',	1,	1),
(13,	1,	'http://madgrant.ru/remont_bytovoj_tehniki_na_domu/',	0,	1,	'2019-08-20 15:28:59',	1,	1),
(14,	1,	'http://madgrant.ru/pioneer_club/ya_vybral_m-150_chto_skazhete/podelites_mneniyami/',	1,	0.3,	'2019-08-20 15:28:59',	3,	1),
(15,	1,	'http://madgrant.ru/pioneer_club/ya_vybral_m-150_chto_skazhete/',	11,	0.5,	'2019-08-20 15:28:59',	2,	1),
(16,	1,	'http://madgrant.ru/pioneer_club/',	16,	1,	'2019-08-20 15:28:59',	1,	1),
(17,	1,	'http://madgrant.ru/kabeli_i_razemy/',	6,	1,	'2019-08-20 15:28:59',	1,	1),
(19,	1,	'http://madgrant.ru/en/',	13,	1,	'2019-08-20 15:28:59',	0,	2),
(20,	1,	'http://madgrant.ru/en/shop/',	0,	1,	'2019-08-20 15:28:59',	1,	2),
(21,	1,	'http://madgrant.ru/en/news1/',	8,	1,	'2019-08-20 15:28:59',	1,	2),
(22,	1,	'http://madgrant.ru/en/delivery_and_payment/',	4,	1,	'2019-08-20 15:28:59',	1,	2),
(23,	1,	'http://madgrant.ru/en/help/',	0,	1,	'2019-08-20 15:28:59',	1,	2),
(24,	1,	'http://madgrant.ru/en/contacts/',	4,	1,	'2019-08-20 15:28:59',	1,	2),
(25,	1,	'http://madgrant.ru/en/about/',	0,	1,	'2019-08-20 15:28:59',	1,	2),
(26,	1,	'http://madgrant.ru/en/notfound/',	15,	1,	'2019-08-20 15:28:59',	1,	2),
(27,	1,	'http://madgrant.ru/en/obzory_novinok_tehniki/',	12,	1,	'2019-08-20 15:28:59',	1,	2),
(28,	1,	'http://madgrant.ru/en/remont_bytovoj_tehniki_na_domu/',	6,	1,	'2019-08-20 15:28:59',	1,	2),
(29,	1,	'http://madgrant.ru/en/pioneer_club/ya_vybral_m-150_chto_skazhete/podelites_mneniyami/',	12,	0.3,	'2019-08-20 15:28:59',	3,	2),
(30,	1,	'http://madgrant.ru/en/pioneer_club/ya_vybral_m-150_chto_skazhete/',	0,	0.5,	'2019-08-20 15:28:59',	2,	2),
(31,	1,	'http://madgrant.ru/en/pioneer_club/',	0,	1,	'2019-08-20 15:28:59',	1,	2),
(32,	1,	'http://madgrant.ru/en/kabeli_i_razemy/',	2,	1,	'2019-08-20 15:28:59',	1,	2),
(34,	1,	'http://madgrant.ru/en/are_you_ready_to_buy_ipad/',	1,	1,	'2019-08-20 15:28:59',	1,	2),
(35,	1,	'http://madgrant.ru/shop/dvd_tehnika/',	1,	0.5,	'2019-08-20 15:29:05',	2,	1),
(36,	1,	'http://madgrant.ru/shop/televizory/',	16,	0.5,	'2019-08-20 15:29:06',	2,	1),
(37,	1,	'http://madgrant.ru/shop/audiotehnika/',	13,	0.5,	'2019-08-20 15:29:06',	2,	1),
(38,	1,	'http://madgrant.ru/shop/mobil_naya_svyaz/',	12,	0.5,	'2019-08-20 15:29:06',	2,	1),
(39,	1,	'http://madgrant.ru/shop/dvd_tehnika/dvd_pleery/',	4,	0.3,	'2019-08-20 15:31:03',	3,	1),
(40,	1,	'http://madgrant.ru/shop/dvd_tehnika/dvd_rekordery/',	8,	0.3,	'2019-08-20 15:29:05',	3,	1),
(41,	1,	'http://madgrant.ru/shop/dvd_tehnika/dvd_diski/',	0,	0.3,	'2019-08-20 15:29:06',	3,	1),
(42,	1,	'http://madgrant.ru/shop/televizory/port_televi/',	11,	0.3,	'2019-08-20 15:29:06',	3,	1),
(43,	1,	'http://madgrant.ru/shop/televizory/cherno-belye_televizory/',	1,	0.3,	'2019-08-20 15:29:06',	3,	1),
(44,	1,	'http://madgrant.ru/shop/televizory/cvetnye_televizory/',	15,	0.3,	'2019-08-20 15:29:06',	3,	1),
(45,	1,	'http://madgrant.ru/shop/televizory/zhk_televizory/',	10,	0.3,	'2019-08-20 15:29:06',	3,	1),
(46,	1,	'http://madgrant.ru/shop/audiotehnika/magnitofony/',	14,	0.3,	'2019-08-20 15:29:06',	3,	1),
(47,	1,	'http://madgrant.ru/shop/audiotehnika/pleery/',	14,	0.3,	'2019-08-20 15:29:06',	3,	1),
(48,	1,	'http://madgrant.ru/shop/audiotehnika/acoustics/',	14,	0.3,	'2019-08-20 15:29:06',	3,	1),
(49,	1,	'http://madgrant.ru/shop/audiotehnika/muzykal_nye_centry/',	10,	0.3,	'2019-08-20 15:29:05',	3,	1),
(50,	1,	'http://madgrant.ru/shop/mobil_naya_svyaz/telefony_gsm/',	6,	0.3,	'2019-08-20 15:29:05',	3,	1),
(51,	1,	'http://madgrant.ru/shop/mobil_naya_svyaz/kommunikatory/',	11,	0.3,	'2019-08-20 15:29:06',	3,	1),
(52,	1,	'http://madgrant.ru/shop/audiotehnika/pleery/player_a4/',	2,	0.3,	'2019-08-20 15:29:02',	4,	1),
(53,	1,	'http://madgrant.ru/shop/audiotehnika/pleery/plaer_t2/',	4,	0.3,	'2019-08-20 15:29:02',	4,	1),
(55,	1,	'http://madgrant.ru/shop/dvd_tehnika/dvd_pleery/akai_apa206c/',	15,	0.3,	'2019-08-20 15:29:02',	4,	1),
(56,	1,	'http://madgrant.ru/shop/audiotehnika/pleery/plaer_t3/',	6,	0.3,	'2019-08-20 15:29:02',	4,	1),
(57,	1,	'http://madgrant.ru/shop/audiotehnika/muzykal_nye_centry/teac_lpr400/',	13,	0.3,	'2019-08-20 15:29:02',	4,	1),
(58,	1,	'http://madgrant.ru/shop/dvd_tehnika/dvd_pleery/sony_ps6750/',	12,	0.3,	'2019-08-20 15:29:02',	4,	1),
(59,	1,	'http://madgrant.ru/shop/audiotehnika/acoustics/coral_cx7/',	16,	0.3,	'2019-08-20 15:29:01',	4,	1),
(60,	1,	'http://madgrant.ru/shop/dvd_tehnika/dvd_pleery/toshiba_srq660/',	16,	0.3,	'2019-08-20 15:29:02',	4,	1),
(61,	1,	'http://madgrant.ru/shop/dvd_tehnika/dvd_pleery/akai_bb-1442/',	16,	0.3,	'2019-08-20 15:29:02',	4,	1),
(62,	1,	'http://madgrant.ru/shop/dvd_tehnika/dvd_diski/dvd_1/',	1,	0.3,	'2019-08-20 15:29:02',	4,	1),
(63,	1,	'http://madgrant.ru/shop/dvd_tehnika/dvd_pleery/akai_tf-/',	8,	0.3,	'2019-08-20 15:29:02',	4,	1),
(64,	1,	'http://madgrant.ru/shop/televizory/zhk_televizory/televizor_horizont1/',	15,	0.3,	'2019-08-20 15:29:02',	4,	1),
(65,	1,	'http://madgrant.ru/shop/dvd_tehnika/dvd_pleery/sony_tg-2356/',	14,	0.3,	'2019-08-20 15:29:02',	4,	1),
(66,	1,	'http://madgrant.ru/shop/dvd_tehnika/dvd_pleery/sony_t5z534/',	12,	0.3,	'2019-08-20 15:29:02',	4,	1),
(67,	1,	'http://madgrant.ru/shop/dvd_tehnika/dvd_pleery/sony_bf-5534/',	13,	0.3,	'2019-08-20 15:29:02',	4,	1),
(68,	1,	'http://madgrant.ru/shop/dvd_tehnika/dvd_diski/dvd_2/',	14,	0.3,	'2019-08-20 15:29:02',	4,	1),
(69,	1,	'http://madgrant.ru/shop/dvd_tehnika/dvd_pleery/akai_vn-87/',	2,	0.3,	'2019-08-20 15:29:02',	4,	1),
(70,	1,	'http://madgrant.ru/shop/televizory/zhk_televizory/televizor_horizont3/',	0,	0.3,	'2019-08-20 15:29:02',	4,	1),
(71,	1,	'http://madgrant.ru/shop/dvd_tehnika/dvd_pleery/toshiba_x-555/',	10,	0.3,	'2019-08-20 15:29:02',	4,	1),
(72,	1,	'http://madgrant.ru/shop/dvd_tehnika/dvd_rekordery/dual_c819/',	9,	0.3,	'2019-08-20 15:29:02',	4,	1),
(73,	1,	'http://madgrant.ru/shop/dvd_tehnika/dvd_rekordery/pioneer_ct970/',	1,	0.3,	'2019-08-20 15:29:02',	4,	1),
(74,	1,	'http://madgrant.ru/shop/dvd_tehnika/dvd_rekordery/toshiba_pcx6ad/',	7,	0.3,	'2019-08-20 15:29:02',	4,	1),
(75,	1,	'http://madgrant.ru/shop/dvd_tehnika/dvd_rekordery/dual_c-522/',	10,	0.3,	'2019-08-20 15:29:02',	4,	1),
(76,	1,	'http://madgrant.ru/shop/televizory/zhk_televizory/televizor_horizont2/',	5,	0.3,	'2019-08-20 15:29:02',	4,	1),
(77,	1,	'http://madgrant.ru/shop/dvd_tehnika/dvd_rekordery/pioneer_gd-90/',	3,	0.3,	'2019-08-20 15:29:02',	4,	1),
(78,	1,	'http://madgrant.ru/shop/dvd_tehnika/dvd_rekordery/toshiba_gf-908/',	3,	0.3,	'2019-08-20 15:29:02',	4,	1),
(79,	1,	'http://madgrant.ru/shop/dvd_tehnika/dvd_rekordery/dual_x-980z/',	9,	0.3,	'2019-08-20 15:29:02',	4,	1),
(80,	1,	'http://madgrant.ru/shop/dvd_tehnika/dvd_rekordery/pioneer_pk-2355/',	8,	0.3,	'2019-08-20 15:29:02',	4,	1),
(81,	1,	'http://madgrant.ru/shop/dvd_tehnika/dvd_rekordery/toshiba_pc-x6ad/',	15,	0.3,	'2019-08-20 15:29:02',	4,	1),
(82,	1,	'http://madgrant.ru/shop/dvd_tehnika/dvd_rekordery/dual_cg-755/',	3,	0.3,	'2019-08-20 15:29:02',	4,	1),
(83,	1,	'http://madgrant.ru/shop/televizory/port_televi/elektronika_432/',	3,	0.3,	'2019-08-20 15:29:02',	4,	1),
(84,	1,	'http://madgrant.ru/shop/televizory/port_televi/oki_7/',	1,	0.3,	'2019-08-20 15:29:02',	4,	1),
(85,	1,	'http://madgrant.ru/shop/televizory/cvetnye_televizory/sovet_tc1/',	7,	0.3,	'2019-08-20 15:29:02',	4,	1),
(86,	1,	'http://madgrant.ru/shop/televizory/cvetnye_televizory/sovet_tc2/',	5,	0.3,	'2019-08-20 15:29:02',	4,	1),
(87,	1,	'http://madgrant.ru/shop/televizory/port_televi/elektronika_botrk-16/',	1,	0.3,	'2019-08-20 15:29:02',	4,	1),
(88,	1,	'http://madgrant.ru/shop/televizory/zhk_televizory/televizor_horizont4/',	1,	0.3,	'2019-08-20 15:29:02',	4,	1),
(89,	1,	'http://madgrant.ru/shop/televizory/zhk_televizory/televizor_horizont/',	12,	0.3,	'2019-08-20 15:29:02',	4,	1),
(90,	1,	'http://madgrant.ru/shop/televizory/port_televi/oki_garen-1/',	1,	0.3,	'2019-08-20 15:29:02',	4,	1),
(91,	1,	'http://madgrant.ru/shop/televizory/port_televi/elektronika_trist-r90/',	16,	0.3,	'2019-08-20 15:29:03',	4,	1),
(92,	1,	'http://madgrant.ru/shop/televizory/cherno-belye_televizory/moskwich/',	8,	0.3,	'2019-08-20 15:29:02',	4,	1),
(93,	1,	'http://madgrant.ru/shop/televizory/cherno-belye_televizory/soviet_b1/',	11,	0.3,	'2019-08-20 15:29:02',	4,	1),
(94,	1,	'http://madgrant.ru/shop/televizory/cherno-belye_televizory/soviet_ba/',	3,	0.3,	'2019-08-20 15:29:02',	4,	1),
(95,	1,	'http://madgrant.ru/shop/televizory/cherno-belye_televizory/soviet_t7/',	6,	0.3,	'2019-08-20 15:29:02',	4,	1),
(96,	1,	'http://madgrant.ru/shop/televizory/cherno-belye_televizory/moskwich_singed12/',	12,	0.3,	'2019-08-20 15:29:03',	4,	1),
(97,	1,	'http://madgrant.ru/shop/televizory/cvetnye_televizory/sovet_tc3/',	16,	0.3,	'2019-08-20 15:29:02',	4,	1),
(98,	1,	'http://madgrant.ru/shop/televizory/cvetnye_televizory/sovet_wb-435/',	12,	0.3,	'2019-08-20 15:29:02',	4,	1),
(99,	1,	'http://madgrant.ru/shop/televizory/cvetnye_televizory/sovet_bc-hook/',	9,	0.3,	'2019-08-20 15:29:02',	4,	1),
(100,	1,	'http://madgrant.ru/shop/audiotehnika/magnitofony/magn_208/',	7,	0.3,	'2019-08-20 15:29:02',	4,	1),
(101,	1,	'http://madgrant.ru/shop/audiotehnika/magnitofony/sony_tc640/',	7,	0.3,	'2019-08-20 15:29:02',	4,	1),
(102,	1,	'http://madgrant.ru/shop/audiotehnika/magnitofony/magn_315/',	11,	0.3,	'2019-08-20 15:29:02',	4,	1),
(103,	1,	'http://madgrant.ru/shop/audiotehnika/magnitofony/magn_ss-top/',	8,	0.3,	'2019-08-20 15:29:02',	4,	1),
(104,	1,	'http://madgrant.ru/shop/audiotehnika/magnitofony/sony_ace-5/',	13,	0.3,	'2019-08-20 15:29:02',	4,	1),
(105,	1,	'http://madgrant.ru/shop/audiotehnika/pleery/player_b783/',	13,	0.3,	'2019-08-20 15:29:02',	4,	1),
(106,	1,	'http://madgrant.ru/shop/audiotehnika/pleery/plaer_n78/',	11,	0.3,	'2019-08-20 15:29:02',	4,	1),
(107,	1,	'http://madgrant.ru/shop/audiotehnika/acoustics/pioneer_m150/',	9,	0.3,	'2019-08-20 15:29:02',	4,	1),
(108,	1,	'http://madgrant.ru/shop/audiotehnika/acoustics/technics_sbg800/',	11,	0.3,	'2019-08-20 15:29:02',	4,	1),
(109,	1,	'http://madgrant.ru/shop/audiotehnika/acoustics/coral_gg-wp/',	6,	0.3,	'2019-08-20 15:29:02',	4,	1),
(110,	1,	'http://madgrant.ru/shop/audiotehnika/acoustics/pioneer_gl-hf/',	3,	0.3,	'2019-08-20 15:29:02',	4,	1),
(112,	1,	'http://madgrant.ru/shop/audiotehnika/muzykal_nye_centry/teac_bb-200/',	13,	0.3,	'2019-08-20 15:29:02',	4,	1),
(114,	1,	'http://madgrant.ru/shop/mobil_naya_svyaz/telefony_gsm/fy8850/',	1,	0.3,	'2019-08-20 15:29:02',	4,	1),
(115,	1,	'http://madgrant.ru/shop/mobil_naya_svyaz/telefony_gsm/gsm_cl4/',	8,	0.3,	'2019-08-20 15:29:02',	4,	1),
(116,	1,	'http://madgrant.ru/shop/mobil_naya_svyaz/telefony_gsm/fy-lr1250/',	14,	0.3,	'2019-08-20 15:29:03',	4,	1),
(117,	1,	'http://madgrant.ru/shop/mobil_naya_svyaz/telefony_gsm/gsm_bf1550/',	16,	0.3,	'2019-08-20 15:29:03',	4,	1),
(118,	1,	'http://madgrant.ru/shop/mobil_naya_svyaz/telefony_gsm/fy_push888/',	2,	0.3,	'2019-08-20 15:29:03',	4,	1),
(119,	1,	'http://madgrant.ru/shop/mobil_naya_svyaz/smartfony/ericssont_415/',	5,	0.3,	'2019-08-20 15:29:02',	4,	1),
(120,	1,	'http://madgrant.ru/shop/mobil_naya_svyaz/smartfony/ericssont_disen9/',	11,	0.3,	'2019-08-20 15:29:03',	4,	1),
(121,	1,	'http://madgrant.ru/shop/mobil_naya_svyaz/smartfony/ericssont_tome2/',	14,	0.3,	'2019-08-20 15:29:03',	4,	1),
(122,	1,	'http://madgrant.ru/shop/mobil_naya_svyaz/smartfony/ericssont_ashe-53/',	16,	0.3,	'2019-08-20 15:29:03',	4,	1),
(123,	1,	'http://madgrant.ru/shop/mobil_naya_svyaz/kommunikatory/elektronika_71/',	13,	0.3,	'2019-08-20 15:29:01',	4,	1),
(124,	1,	'http://madgrant.ru/shop/mobil_naya_svyaz/kommunikatory/mpad_2000/',	1,	0.3,	'2019-08-20 15:29:02',	4,	1),
(125,	1,	'http://madgrant.ru/shop/mobil_naya_svyaz/kommunikatory/newton/',	9,	0.3,	'2019-08-20 15:29:02',	4,	1),
(126,	1,	'http://madgrant.ru/shop/mobil_naya_svyaz/kommunikatory/elektronika_ie3800/',	2,	0.3,	'2019-08-20 15:29:03',	4,	1),
(127,	1,	'http://madgrant.ru/shop/mobil_naya_svyaz/kommunikatory/mpad_inhib100/',	4,	0.3,	'2019-08-20 15:29:03',	4,	1),
(128,	1,	'http://madgrant.ru/shop/televizory/zhk_televizory/televizor_horizont/re_televizor_horizont/',	9,	0.2,	'2019-08-20 15:28:59',	5,	1),
(131,	1,	'http://madgrant.ru/news1/speshite_akciya/',	14,	0.5,	'2019-08-20 15:28:59',	2,	1),
(132,	1,	'http://madgrant.ru/news1/ne_speshite_ona_zakonchilas/',	8,	0.5,	'2019-08-20 15:28:59',	2,	1),
(133,	1,	'http://madgrant.ru/shop/dvd_tehnika/dvd_diski/dvd_4/',	1,	0.3,	'2019-08-20 15:29:02',	4,	1),
(134,	1,	'http://madgrant.ru/shop/dvd_tehnika/dvd_diski/dvd_5/',	4,	0.3,	'2019-08-20 15:29:02',	4,	1),
(135,	1,	'http://madgrant.ru/shop/dvd_tehnika/dvd_diski/dvd_6/',	12,	0.3,	'2019-08-20 15:29:02',	4,	1),
(136,	1,	'http://madgrant.ru/shop/dvd_tehnika/dvd_diski/dvd_3/',	10,	0.3,	'2019-08-20 15:29:02',	4,	1),
(137,	1,	'http://madgrant.ru/shop/dvd_tehnika/dvd_diski/dvd_7/',	15,	0.3,	'2019-08-20 15:29:02',	4,	1),
(138,	1,	'http://madgrant.ru/shop/dvd_tehnika/dvd_diski/dvd_9/',	14,	0.3,	'2019-08-20 15:29:02',	4,	1),
(139,	1,	'http://madgrant.ru/shop/dvd_tehnika/dvd_diski/dvd_12/',	8,	0.3,	'2019-08-20 15:29:02',	4,	1),
(140,	1,	'http://madgrant.ru/shop/dvd_tehnika/dvd_diski/dvd_11/',	1,	0.3,	'2019-08-20 15:29:02',	4,	1),
(143,	1,	'http://madgrant.ru/shop/televizory/zhk_televizory/televizor_horizont2/re_televizor_panasonic/',	16,	0.2,	'2019-08-20 15:28:50',	5,	1),
(145,	1,	'http://madgrant.ru/shop/dvd_tehnika/dvd_pleery/akai_apa206c/re_akai_ap-a206c/',	8,	0.2,	'2019-08-20 15:28:50',	5,	1),
(148,	1,	'http://madgrant.ru/shop/mobil_naya_svyaz/smartfony/ericssont_450/re_ericssont_450/',	14,	0.2,	'2019-08-20 15:28:50',	5,	1),
(149,	1,	'http://madgrant.ru/obzory_novinok_tehniki/elektronika_432d/',	14,	0.5,	'2019-08-20 15:28:41',	2,	1),
(150,	1,	'http://madgrant.ru/obzory_novinok_tehniki/elektronika_432d/bravo/',	7,	0.3,	'2019-08-20 15:28:50',	3,	1),
(151,	1,	'http://madgrant.ru/remont_bytovoj_tehniki_na_domu/s_chego_nachat/',	16,	0.5,	'2019-08-20 15:28:41',	2,	1),
(152,	1,	'http://madgrant.ru/remont_bytovoj_tehniki_na_domu/s_chego_nachat/kak_snyat_korpus/',	0,	0.3,	'2019-08-20 15:28:41',	3,	1),
(153,	1,	'http://madgrant.ru/remont_bytovoj_tehniki_na_domu/s_chego_nachat/nuzhno_li_vyklyuchat_pribor/',	1,	0.3,	'2019-08-20 15:28:50',	3,	1),
(154,	1,	'http://madgrant.ru/pioneer_club/ya_vybral_m-150_chto_skazhete/ya_vybral_m-150_chto_skazhete/',	16,	0.3,	'2019-08-20 15:28:50',	3,	1),
(155,	1,	'http://madgrant.ru/kabeli_i_razemy/optovolokonnyj_razem/',	16,	0.5,	'2019-08-20 15:28:41',	2,	1),
(156,	1,	'http://madgrant.ru/kabeli_i_razemy/bnc_connector/',	13,	0.5,	'2019-08-20 15:28:41',	2,	1),
(157,	1,	'http://madgrant.ru/kabeli_i_razemy/razem_dlya_psp/',	8,	0.5,	'2019-08-20 15:28:41',	2,	1),
(158,	1,	'http://madgrant.ru/kabeli_i_razemy/razem_firewire/',	15,	0.5,	'2019-08-20 15:28:41',	2,	1),
(159,	1,	'http://madgrant.ru/en/shop/dvd_tehnika/',	0,	0.5,	'2019-08-20 15:28:59',	2,	2),
(160,	1,	'http://madgrant.ru/en/shop/audiotehnika/',	6,	0.5,	'2019-08-20 15:28:59',	2,	2),
(161,	1,	'http://madgrant.ru/en/shop/televizory/',	2,	0.5,	'2019-08-20 15:28:59',	2,	2),
(162,	1,	'http://madgrant.ru/en/shop/mobil_naya_svyaz/',	15,	0.5,	'2019-08-20 15:28:59',	2,	2),
(163,	1,	'http://madgrant.ru/en/shop/dvd_tehnika/dvd_pleery/',	12,	0.3,	'2019-08-20 15:28:59',	3,	2),
(164,	1,	'http://madgrant.ru/en/shop/dvd_tehnika/dvd_rekordery/',	7,	0.3,	'2019-08-20 15:28:59',	3,	2),
(165,	1,	'http://madgrant.ru/en/shop/dvd_tehnika/dvd_diski/',	4,	0.3,	'2019-08-20 15:28:59',	3,	2),
(166,	1,	'http://madgrant.ru/en/shop/dvd_tehnika/dvd_pleery/akai_apa206c/',	15,	0.3,	'2019-08-20 15:28:59',	4,	2),
(167,	1,	'http://madgrant.ru/en/shop/audiotehnika/pleery/plaer_t2/',	15,	0.3,	'2019-08-20 15:28:59',	4,	2),
(168,	1,	'http://madgrant.ru/en/shop/audiotehnika/pleery/',	3,	0.3,	'2019-08-20 15:28:59',	3,	2),
(169,	1,	'http://madgrant.ru/en/shop/audiotehnika/pleery/plaer_t3/',	2,	0.3,	'2019-08-20 15:28:59',	4,	2),
(170,	1,	'http://madgrant.ru/en/shop/audiotehnika/muzykal_nye_centry/teac_lpr400/',	6,	0.3,	'2019-08-20 15:28:59',	4,	2),
(171,	1,	'http://madgrant.ru/en/shop/audiotehnika/muzykal_nye_centry/',	6,	0.3,	'2019-08-20 15:28:59',	3,	2),
(172,	1,	'http://madgrant.ru/en/shop/dvd_tehnika/dvd_pleery/sony_ps6750/',	13,	0.3,	'2019-08-20 15:28:59',	4,	2),
(173,	1,	'http://madgrant.ru/en/shop/dvd_tehnika/dvd_pleery/toshiba_srq660/',	15,	0.3,	'2019-08-20 15:28:59',	4,	2),
(174,	1,	'http://madgrant.ru/en/shop/dvd_tehnika/dvd_pleery/akai_apa206c/re_akai_ap-a206c/',	3,	0.2,	'2019-08-20 15:28:59',	5,	2),
(175,	1,	'http://madgrant.ru/en/shop/dvd_tehnika/dvd_rekordery/dual_c819/',	15,	0.3,	'2019-08-20 15:28:59',	4,	2),
(176,	1,	'http://madgrant.ru/en/shop/dvd_tehnika/dvd_rekordery/pioneer_ct970/',	10,	0.3,	'2019-08-20 15:28:59',	4,	2),
(177,	1,	'http://madgrant.ru/en/shop/dvd_tehnika/dvd_rekordery/toshiba_pcx6ad/',	14,	0.3,	'2019-08-20 15:28:59',	4,	2),
(178,	1,	'http://madgrant.ru/en/shop/dvd_tehnika/dvd_diski/dvd_1/',	16,	0.3,	'2019-08-20 15:28:59',	4,	2),
(179,	1,	'http://madgrant.ru/en/shop/dvd_tehnika/dvd_diski/dvd_2/',	4,	0.3,	'2019-08-20 15:28:59',	4,	2),
(180,	1,	'http://madgrant.ru/en/shop/audiotehnika/acoustics/',	13,	0.3,	'2019-08-20 15:29:00',	3,	2),
(181,	1,	'http://madgrant.ru/en/shop/audiotehnika/magnitofony/',	14,	0.3,	'2019-08-20 15:29:00',	3,	2),
(183,	1,	'http://madgrant.ru/en/shop/audiotehnika/pleery/player_a4/',	12,	0.3,	'2019-08-20 15:29:00',	4,	2),
(184,	1,	'http://madgrant.ru/en/shop/audiotehnika/acoustics/coral_cx7/',	8,	0.3,	'2019-08-20 15:29:00',	4,	2),
(185,	1,	'http://madgrant.ru/en/shop/audiotehnika/acoustics/pioneer_m150/',	8,	0.3,	'2019-08-20 15:29:00',	4,	2),
(186,	1,	'http://madgrant.ru/en/shop/audiotehnika/acoustics/technics_sbg800/',	5,	0.3,	'2019-08-20 15:29:00',	4,	2),
(187,	1,	'http://madgrant.ru/en/shop/audiotehnika/magnitofony/magn_208/',	6,	0.3,	'2019-08-20 15:29:00',	4,	2),
(188,	1,	'http://madgrant.ru/en/shop/audiotehnika/magnitofony/sony_tc640/',	12,	0.3,	'2019-08-20 15:29:00',	4,	2),
(189,	1,	'http://madgrant.ru/en/shop/audiotehnika/magnitofony/magn_315/',	7,	0.3,	'2019-08-20 15:29:00',	4,	2),
(190,	1,	'http://madgrant.ru/en/shop/televizory/zhk_televizory/',	5,	0.3,	'2019-08-20 15:29:00',	3,	2),
(191,	1,	'http://madgrant.ru/en/shop/televizory/cvetnye_televizory/',	16,	0.3,	'2019-08-20 15:29:00',	3,	2),
(192,	1,	'http://madgrant.ru/en/shop/televizory/port_televi/',	9,	0.3,	'2019-08-20 15:29:00',	3,	2),
(193,	1,	'http://madgrant.ru/en/shop/televizory/cherno-belye_televizory/',	13,	0.3,	'2019-08-20 15:29:00',	3,	2),
(194,	1,	'http://madgrant.ru/en/shop/televizory/zhk_televizory/televizor_horizont2/',	5,	0.3,	'2019-08-20 15:29:00',	4,	2),
(195,	1,	'http://madgrant.ru/en/shop/televizory/zhk_televizory/televizor_horizont4/',	4,	0.3,	'2019-08-20 15:29:00',	4,	2),
(196,	1,	'http://madgrant.ru/en/shop/televizory/zhk_televizory/televizor_horizont3/',	3,	0.3,	'2019-08-20 15:29:00',	4,	2),
(197,	1,	'http://madgrant.ru/en/shop/televizory/zhk_televizory/televizor_horizont/',	16,	0.3,	'2019-08-20 15:29:00',	4,	2),
(198,	1,	'http://madgrant.ru/en/shop/televizory/zhk_televizory/televizor_horizont1/',	5,	0.3,	'2019-08-20 15:29:00',	4,	2),
(199,	1,	'http://madgrant.ru/en/shop/televizory/zhk_televizory/televizor_horizont/re_televizor_horizont/',	3,	0.2,	'2019-08-20 15:29:00',	5,	2),
(202,	1,	'http://madgrant.ru/en/shop/televizory/zhk_televizory/televizor_horizont2/re_televizor_panasonic/',	10,	0.2,	'2019-08-20 15:29:00',	5,	2),
(203,	1,	'http://madgrant.ru/en/shop/televizory/cvetnye_televizory/sovet_tc1/',	3,	0.3,	'2019-08-20 15:29:00',	4,	2),
(204,	1,	'http://madgrant.ru/en/shop/televizory/cvetnye_televizory/sovet_tc2/',	15,	0.3,	'2019-08-20 15:29:00',	4,	2),
(205,	1,	'http://madgrant.ru/en/shop/televizory/cvetnye_televizory/sovet_tc3/',	0,	0.3,	'2019-08-20 15:29:00',	4,	2),
(206,	1,	'http://madgrant.ru/en/shop/televizory/port_televi/elektronika_432/',	11,	0.3,	'2019-08-20 15:29:00',	4,	2),
(207,	1,	'http://madgrant.ru/en/shop/televizory/port_televi/oki_7/',	13,	0.3,	'2019-08-20 15:29:00',	4,	2),
(208,	1,	'http://madgrant.ru/en/shop/televizory/cherno-belye_televizory/moskwich/',	7,	0.3,	'2019-08-20 15:29:00',	4,	2),
(209,	1,	'http://madgrant.ru/en/shop/televizory/cherno-belye_televizory/soviet_b1/',	11,	0.3,	'2019-08-20 15:29:00',	4,	2),
(210,	1,	'http://madgrant.ru/en/shop/televizory/cherno-belye_televizory/soviet_ba/',	3,	0.3,	'2019-08-20 15:29:00',	4,	2),
(211,	1,	'http://madgrant.ru/en/shop/televizory/cherno-belye_televizory/soviet_t7/',	9,	0.3,	'2019-08-20 15:29:00',	4,	2),
(212,	1,	'http://madgrant.ru/en/shop/mobil_naya_svyaz/telefony_gsm/',	2,	0.3,	'2019-08-20 15:29:00',	3,	2),
(213,	1,	'http://madgrant.ru/en/shop/mobil_naya_svyaz/kommunikatory/',	4,	0.3,	'2019-08-20 15:29:00',	3,	2),
(214,	1,	'http://madgrant.ru/en/shop/mobil_naya_svyaz/smartfony/',	6,	0.3,	'2019-08-20 15:29:00',	3,	2),
(215,	1,	'http://madgrant.ru/en/shop/mobil_naya_svyaz/telefony_gsm/fy8850/',	15,	0.3,	'2019-08-20 15:29:00',	4,	2),
(216,	1,	'http://madgrant.ru/en/shop/mobil_naya_svyaz/telefony_gsm/gsm_cl4/',	6,	0.3,	'2019-08-20 15:29:00',	4,	2),
(217,	1,	'http://madgrant.ru/en/shop/mobil_naya_svyaz/kommunikatory/elektronika_71/',	1,	0.3,	'2019-08-20 15:29:00',	4,	2),
(218,	1,	'http://madgrant.ru/en/shop/mobil_naya_svyaz/kommunikatory/mpad_2000/',	13,	0.3,	'2019-08-20 15:29:00',	4,	2),
(219,	1,	'http://madgrant.ru/en/shop/mobil_naya_svyaz/kommunikatory/newton/',	3,	0.3,	'2019-08-20 15:29:00',	4,	2),
(220,	1,	'http://madgrant.ru/en/shop/mobil_naya_svyaz/smartfony/ericssont_415/',	12,	0.3,	'2019-08-20 15:29:00',	4,	2),
(221,	1,	'http://madgrant.ru/en/shop/mobil_naya_svyaz/smartfony/ericssont_450/',	9,	0.3,	'2019-08-20 15:29:00',	4,	2),
(222,	1,	'http://madgrant.ru/en/shop/mobil_naya_svyaz/smartfony/ericssont_450/re_ericssont_450/',	13,	0.2,	'2019-08-20 15:29:00',	5,	2),
(223,	1,	'http://madgrant.ru/en/news1/ne_speshite_ona_zakonchilas/',	8,	0.5,	'2019-08-20 15:29:00',	2,	2),
(224,	1,	'http://madgrant.ru/en/news1/speshite_akciya/',	14,	0.5,	'2019-08-20 15:29:00',	2,	2),
(225,	1,	'http://madgrant.ru/en/obzory_novinok_tehniki/elektronika_432d/',	14,	0.5,	'2019-08-20 15:29:00',	2,	2),
(226,	1,	'http://madgrant.ru/en/obzory_novinok_tehniki/elektronika_432d/bravo/',	14,	0.3,	'2019-08-20 15:29:00',	3,	2),
(227,	1,	'http://madgrant.ru/en/remont_bytovoj_tehniki_na_domu/s_chego_nachat/',	12,	0.5,	'2019-08-20 15:29:00',	2,	2),
(228,	1,	'http://madgrant.ru/en/remont_bytovoj_tehniki_na_domu/s_chego_nachat/kak_snyat_korpus/',	10,	0.3,	'2019-08-20 15:29:00',	3,	2),
(229,	1,	'http://madgrant.ru/en/remont_bytovoj_tehniki_na_domu/s_chego_nachat/nuzhno_li_vyklyuchat_pribor/',	8,	0.3,	'2019-08-20 15:29:00',	3,	2),
(230,	1,	'http://madgrant.ru/en/pioneer_club/ya_vybral_m-150_chto_skazhete/ya_vybral_m-150_chto_skazhete/',	15,	0.3,	'2019-08-20 15:29:00',	3,	2),
(231,	1,	'http://madgrant.ru/en/kabeli_i_razemy/optovolokonnyj_razem/',	2,	0.5,	'2019-08-20 15:29:00',	2,	2),
(232,	1,	'http://madgrant.ru/en/kabeli_i_razemy/bnc_connector/',	13,	0.5,	'2019-08-20 15:29:00',	2,	2),
(233,	1,	'http://madgrant.ru/en/kabeli_i_razemy/razem_dlya_psp/',	1,	0.5,	'2019-08-20 15:29:00',	2,	2),
(234,	1,	'http://madgrant.ru/en/kabeli_i_razemy/razem_firewire/',	2,	0.5,	'2019-08-20 15:29:00',	2,	2),
(235,	1,	'http://madgrant.ru/appointment1/',	6,	1,	'2019-08-20 15:29:01',	1,	1);

DROP TABLE IF EXISTS `cms_stat_domains`;
CREATE TABLE `cms_stat_domains` (
  `id` int(11) NOT NULL AUTO_INCREMENT,
  `entrytime` int(11) DEFAULT NULL,
  `refer_domain` text DEFAULT NULL,
  `sess_id` text DEFAULT NULL,
  PRIMARY KEY (`id`),
  KEY `sess_id` (`sess_id`(4))
) ENGINE=MyISAM DEFAULT CHARSET=utf8;


DROP TABLE IF EXISTS `cms_stat_entry_points`;
CREATE TABLE `cms_stat_entry_points` (
  `id` int(11) unsigned NOT NULL AUTO_INCREMENT,
  `name` varchar(255) DEFAULT NULL,
  `description` text DEFAULT NULL,
  `url` text DEFAULT NULL,
  `host_id` int(11) unsigned DEFAULT NULL,
  PRIMARY KEY (`id`),
  KEY `url` (`url`(1)),
  KEY `host_id` (`host_id`)
) ENGINE=MyISAM DEFAULT CHARSET=utf8;


DROP TABLE IF EXISTS `cms_stat_entry_points_events`;
CREATE TABLE `cms_stat_entry_points_events` (
  `entry_point_id` int(11) unsigned DEFAULT NULL,
  `event_id` int(11) unsigned DEFAULT NULL,
  KEY `entry_point_id` (`entry_point_id`),
  KEY `event_id` (`event_id`)
) ENGINE=MyISAM DEFAULT CHARSET=utf8;


DROP TABLE IF EXISTS `cms_stat_events`;
CREATE TABLE `cms_stat_events` (
  `id` int(11) unsigned NOT NULL AUTO_INCREMENT,
  `description` text DEFAULT NULL,
  `name` varchar(255) DEFAULT NULL,
  `type` tinyint(4) DEFAULT NULL,
  `profit` float(9,2) DEFAULT 0.00,
  `host_id` int(11) unsigned DEFAULT NULL,
  PRIMARY KEY (`id`),
  KEY `name` (`name`,`type`),
  KEY `host_id` (`host_id`),
  KEY `type` (`type`)
) ENGINE=MyISAM DEFAULT CHARSET=utf8;


DROP TABLE IF EXISTS `cms_stat_events_collected`;
CREATE TABLE `cms_stat_events_collected` (
  `event_id` int(11) unsigned DEFAULT NULL,
  `hit_id` int(11) unsigned DEFAULT NULL,
  KEY `event_id` (`event_id`,`hit_id`),
  KEY `hit_id` (`hit_id`)
) ENGINE=MyISAM DEFAULT CHARSET=utf8;


DROP TABLE IF EXISTS `cms_stat_events_rel`;
CREATE TABLE `cms_stat_events_rel` (
  `metaevent_id` int(11) unsigned DEFAULT NULL,
  `event_id` int(11) unsigned DEFAULT NULL,
  UNIQUE KEY `metaevent_id` (`metaevent_id`,`event_id`),
  KEY `event_id` (`event_id`)
) ENGINE=MyISAM DEFAULT CHARSET=utf8;


DROP TABLE IF EXISTS `cms_stat_events_urls`;
CREATE TABLE `cms_stat_events_urls` (
  `event_id` int(11) unsigned DEFAULT NULL,
  `page_id` int(11) unsigned DEFAULT NULL,
  UNIQUE KEY `event_id` (`event_id`,`page_id`),
  KEY `page_id` (`page_id`)
) ENGINE=MyISAM DEFAULT CHARSET=utf8;


DROP TABLE IF EXISTS `cms_stat_finders`;
CREATE TABLE `cms_stat_finders` (
  `id` int(11) NOT NULL AUTO_INCREMENT,
  `bot_name` text DEFAULT NULL,
  `pattern` text DEFAULT NULL,
  `alias` text DEFAULT NULL,
  `domain` text DEFAULT NULL,
  `utf` int(11) DEFAULT NULL,
  PRIMARY KEY (`id`)
) ENGINE=MyISAM DEFAULT CHARSET=utf8;


DROP TABLE IF EXISTS `cms_stat_hits`;
CREATE TABLE `cms_stat_hits` (
  `id` int(11) unsigned NOT NULL AUTO_INCREMENT,
  `page_id` int(11) unsigned DEFAULT NULL,
  `date` datetime DEFAULT NULL,
  `hour` tinyint(8) DEFAULT NULL,
  `day_of_week` tinyint(1) DEFAULT NULL,
  `day` tinyint(4) DEFAULT NULL,
  `month` tinyint(4) DEFAULT NULL,
  `year` int(11) unsigned DEFAULT NULL,
  `path_id` int(11) unsigned DEFAULT NULL,
  `number_in_path` int(11) unsigned DEFAULT NULL,
  `week` tinyint(4) unsigned DEFAULT NULL,
  `prev_page_id` int(11) unsigned DEFAULT NULL,
  PRIMARY KEY (`id`),
  KEY `day_of_week` (`day_of_week`),
  KEY `date` (`date`,`day_of_week`,`day`,`month`),
  KEY `day` (`day`,`month`,`date`,`day_of_week`),
  KEY `page_id` (`page_id`,`date`),
  KEY `date_level` (`date`,`number_in_path`),
  KEY `date_prev_page_level` (`date`,`prev_page_id`,`number_in_path`),
  KEY `path_id_level` (`path_id`,`number_in_path`,`prev_page_id`)
) ENGINE=MyISAM DEFAULT CHARSET=utf8;


DROP TABLE IF EXISTS `cms_stat_holidays`;
CREATE TABLE `cms_stat_holidays` (
  `id` int(11) unsigned NOT NULL AUTO_INCREMENT,
  `name` char(255) DEFAULT NULL,
  `day` tinyint(2) DEFAULT NULL,
  `month` tinyint(4) DEFAULT NULL,
  PRIMARY KEY (`id`),
  KEY `day_month` (`day`,`month`,`id`)
) ENGINE=MyISAM DEFAULT CHARSET=utf8;


DROP TABLE IF EXISTS `cms_stat_pages`;
CREATE TABLE `cms_stat_pages` (
  `id` int(11) unsigned NOT NULL AUTO_INCREMENT,
  `uri` text DEFAULT NULL,
  `host_id` int(11) unsigned DEFAULT NULL,
  `section` varchar(255) DEFAULT NULL,
  PRIMARY KEY (`id`),
  KEY `section` (`section`),
  KEY `uri` (`uri`(4)),
  KEY `host_id` (`host_id`)
) ENGINE=MyISAM DEFAULT CHARSET=utf8;


DROP TABLE IF EXISTS `cms_stat_paths`;
CREATE TABLE `cms_stat_paths` (
  `id` int(11) unsigned NOT NULL AUTO_INCREMENT,
  `user_id` int(11) unsigned DEFAULT NULL,
  `date` datetime DEFAULT NULL,
  `source_id` int(11) unsigned DEFAULT NULL,
  `host_id` int(11) unsigned DEFAULT NULL,
  PRIMARY KEY (`id`),
  KEY `source_id` (`source_id`),
  KEY `user_id` (`user_id`),
  KEY `id_host` (`id`,`host_id`),
  KEY `date_host_id` (`date`,`host_id`,`user_id`),
  KEY `host_id` (`host_id`)
) ENGINE=MyISAM DEFAULT CHARSET=utf8;


DROP TABLE IF EXISTS `cms_stat_phrases`;
CREATE TABLE `cms_stat_phrases` (
  `phrase` text DEFAULT NULL,
  `domain` text DEFAULT NULL,
  `finder_id` int(11) DEFAULT NULL,
  `entrytime` int(11) DEFAULT NULL
) ENGINE=MyISAM DEFAULT CHARSET=utf8;


DROP TABLE IF EXISTS `cms_stat_sites`;
CREATE TABLE `cms_stat_sites` (
  `id` int(11) NOT NULL AUTO_INCREMENT,
  `name` char(255) DEFAULT NULL,
  `group_id` int(11) unsigned DEFAULT NULL,
  PRIMARY KEY (`id`),
  KEY `name` (`name`),
  KEY `group_id` (`group_id`)
) ENGINE=MyISAM DEFAULT CHARSET=utf8;


DROP TABLE IF EXISTS `cms_stat_sites_groups`;
CREATE TABLE `cms_stat_sites_groups` (
  `id` int(11) unsigned NOT NULL AUTO_INCREMENT,
  `name` char(255) DEFAULT NULL,
  PRIMARY KEY (`id`)
) ENGINE=MyISAM DEFAULT CHARSET=utf8;


DROP TABLE IF EXISTS `cms_stat_sources`;
CREATE TABLE `cms_stat_sources` (
  `id` int(11) unsigned NOT NULL AUTO_INCREMENT,
  `src_type` tinyint(4) unsigned DEFAULT NULL,
  `concrete_src_id` int(11) unsigned DEFAULT NULL,
  PRIMARY KEY (`id`),
  KEY `src_type` (`src_type`,`concrete_src_id`,`id`)
) ENGINE=MyISAM DEFAULT CHARSET=utf8;


DROP TABLE IF EXISTS `cms_stat_sources_coupon`;
CREATE TABLE `cms_stat_sources_coupon` (
  `id` int(11) unsigned NOT NULL AUTO_INCREMENT,
  `number` varchar(255) DEFAULT NULL,
  `profit` float(9,2) DEFAULT NULL,
  `descript` text DEFAULT NULL,
  PRIMARY KEY (`id`)
) ENGINE=MyISAM DEFAULT CHARSET=utf8;


DROP TABLE IF EXISTS `cms_stat_sources_coupon_events`;
CREATE TABLE `cms_stat_sources_coupon_events` (
  `coupon_id` int(11) unsigned DEFAULT NULL,
  `event_id` int(11) unsigned DEFAULT NULL
) ENGINE=MyISAM DEFAULT CHARSET=utf8;


DROP TABLE IF EXISTS `cms_stat_sources_openstat`;
CREATE TABLE `cms_stat_sources_openstat` (
  `id` int(11) unsigned NOT NULL AUTO_INCREMENT,
  `service_id` int(11) unsigned DEFAULT 0,
  `campaign_id` int(11) unsigned DEFAULT 0,
  `ad_id` int(11) unsigned DEFAULT NULL,
  `source_id` int(11) unsigned DEFAULT NULL,
  `path_id` int(11) unsigned DEFAULT NULL,
  PRIMARY KEY (`id`),
  KEY `source_id` (`source_id`)
) ENGINE=MyISAM DEFAULT CHARSET=cp1251;


DROP TABLE IF EXISTS `cms_stat_sources_openstat_ad`;
CREATE TABLE `cms_stat_sources_openstat_ad` (
  `id` int(11) unsigned NOT NULL AUTO_INCREMENT,
  `name` char(255) DEFAULT NULL,
  PRIMARY KEY (`id`)
) ENGINE=MyISAM DEFAULT CHARSET=cp1251;


DROP TABLE IF EXISTS `cms_stat_sources_openstat_campaign`;
CREATE TABLE `cms_stat_sources_openstat_campaign` (
  `id` int(11) unsigned NOT NULL AUTO_INCREMENT,
  `name` char(255) DEFAULT NULL,
  PRIMARY KEY (`id`),
  KEY `name` (`name`)
) ENGINE=MyISAM DEFAULT CHARSET=cp1251;


DROP TABLE IF EXISTS `cms_stat_sources_openstat_service`;
CREATE TABLE `cms_stat_sources_openstat_service` (
  `id` int(11) unsigned NOT NULL AUTO_INCREMENT,
  `name` char(255) DEFAULT NULL,
  PRIMARY KEY (`id`),
  KEY `name` (`name`)
) ENGINE=MyISAM DEFAULT CHARSET=cp1251;


DROP TABLE IF EXISTS `cms_stat_sources_openstat_source`;
CREATE TABLE `cms_stat_sources_openstat_source` (
  `id` int(11) unsigned NOT NULL AUTO_INCREMENT,
  `name` char(255) DEFAULT NULL,
  PRIMARY KEY (`id`),
  KEY `name` (`name`)
) ENGINE=MyISAM DEFAULT CHARSET=cp1251;


DROP TABLE IF EXISTS `cms_stat_sources_pr`;
CREATE TABLE `cms_stat_sources_pr` (
  `id` int(11) unsigned NOT NULL AUTO_INCREMENT,
  `name` varchar(255) DEFAULT NULL,
  `description` text DEFAULT NULL,
  PRIMARY KEY (`id`)
) ENGINE=MyISAM DEFAULT CHARSET=utf8;


DROP TABLE IF EXISTS `cms_stat_sources_pr_events`;
CREATE TABLE `cms_stat_sources_pr_events` (
  `pr_id` int(11) unsigned DEFAULT NULL,
  `event_id` int(11) unsigned DEFAULT NULL
) ENGINE=MyISAM DEFAULT CHARSET=utf8;


DROP TABLE IF EXISTS `cms_stat_sources_pr_sites`;
CREATE TABLE `cms_stat_sources_pr_sites` (
  `id` int(11) unsigned NOT NULL AUTO_INCREMENT,
  `pr_id` int(11) unsigned DEFAULT NULL,
  `url` text DEFAULT NULL,
  PRIMARY KEY (`id`)
) ENGINE=MyISAM DEFAULT CHARSET=utf8;


DROP TABLE IF EXISTS `cms_stat_sources_search`;
CREATE TABLE `cms_stat_sources_search` (
  `id` int(11) unsigned NOT NULL AUTO_INCREMENT,
  `engine_id` int(11) unsigned DEFAULT NULL,
  `text_id` int(11) DEFAULT NULL,
  PRIMARY KEY (`id`),
  KEY `engine_id` (`engine_id`)
) ENGINE=MyISAM DEFAULT CHARSET=utf8;


DROP TABLE IF EXISTS `cms_stat_sources_search_engines`;
CREATE TABLE `cms_stat_sources_search_engines` (
  `id` int(11) unsigned NOT NULL AUTO_INCREMENT,
  `name` char(255) DEFAULT NULL,
  `url_mask` char(255) DEFAULT NULL,
  `varname` char(255) DEFAULT NULL,
  PRIMARY KEY (`id`)
) ENGINE=MyISAM DEFAULT CHARSET=utf8;


DROP TABLE IF EXISTS `cms_stat_sources_search_queries`;
CREATE TABLE `cms_stat_sources_search_queries` (
  `id` int(11) unsigned NOT NULL AUTO_INCREMENT,
  `text` text DEFAULT NULL,
  PRIMARY KEY (`id`)
) ENGINE=MyISAM DEFAULT CHARSET=utf8;


DROP TABLE IF EXISTS `cms_stat_sources_sites`;
CREATE TABLE `cms_stat_sources_sites` (
  `id` int(11) unsigned NOT NULL AUTO_INCREMENT,
  `uri` text DEFAULT NULL,
  `domain` int(11) DEFAULT NULL,
  PRIMARY KEY (`id`),
  KEY `domain` (`domain`),
  KEY `uri` (`uri`(255)),
  KEY `id_domain` (`id`,`domain`)
) ENGINE=MyISAM DEFAULT CHARSET=utf8;


DROP TABLE IF EXISTS `cms_stat_sources_sites_domains`;
CREATE TABLE `cms_stat_sources_sites_domains` (
  `id` int(11) unsigned NOT NULL AUTO_INCREMENT,
  `name` char(255) DEFAULT NULL,
  PRIMARY KEY (`id`)
) ENGINE=MyISAM DEFAULT CHARSET=utf8;


DROP TABLE IF EXISTS `cms_stat_sources_ticket`;
CREATE TABLE `cms_stat_sources_ticket` (
  `id` int(11) unsigned NOT NULL AUTO_INCREMENT,
  `name` char(255) DEFAULT NULL,
  `url` char(255) DEFAULT NULL,
  PRIMARY KEY (`id`)
) ENGINE=MyISAM DEFAULT CHARSET=utf8;


DROP TABLE IF EXISTS `cms_stat_users`;
CREATE TABLE `cms_stat_users` (
  `id` int(11) unsigned NOT NULL AUTO_INCREMENT,
  `session_id` varchar(32) DEFAULT NULL,
  `first_visit` datetime DEFAULT NULL,
  `login` varchar(255) DEFAULT NULL,
  `os_id` int(11) unsigned DEFAULT NULL,
  `browser_id` int(11) unsigned DEFAULT NULL,
  `ip` varchar(15) DEFAULT NULL,
  `location` text DEFAULT NULL,
  `js_version` varchar(5) DEFAULT NULL,
  `host_id` int(11) unsigned DEFAULT NULL,
  PRIMARY KEY (`id`),
  KEY `first_visit` (`first_visit`),
  KEY `session_id` (`session_id`),
  KEY `host_id` (`host_id`)
) ENGINE=MyISAM DEFAULT CHARSET=utf8;


DROP TABLE IF EXISTS `cms_stat_users_browsers`;
CREATE TABLE `cms_stat_users_browsers` (
  `id` int(11) unsigned NOT NULL AUTO_INCREMENT,
  `name` char(255) DEFAULT NULL,
  PRIMARY KEY (`id`)
) ENGINE=MyISAM DEFAULT CHARSET=utf8;


DROP TABLE IF EXISTS `cms_stat_users_os`;
CREATE TABLE `cms_stat_users_os` (
  `id` int(11) unsigned NOT NULL AUTO_INCREMENT,
  `name` char(255) DEFAULT NULL,
  PRIMARY KEY (`id`)
) ENGINE=MyISAM DEFAULT CHARSET=utf8;
















DROP TABLE IF EXISTS `umi_event_feeds`;
CREATE TABLE `umi_event_feeds` (
  `id` int(11) unsigned NOT NULL AUTO_INCREMENT,
  `date` bigint(20) DEFAULT NULL,
  `params` mediumtext DEFAULT NULL,
  `type_id` varchar(255) NOT NULL,
  `element_id` int(11) DEFAULT NULL,
  `object_id` int(11) DEFAULT NULL,
  PRIMARY KEY (`id`)
) ENGINE=MyISAM DEFAULT CHARSET=utf8;


DROP TABLE IF EXISTS `umi_event_types`;
CREATE TABLE `umi_event_types` (
  `id` varchar(255) NOT NULL,
  PRIMARY KEY (`id`)
) ENGINE=MyISAM DEFAULT CHARSET=utf8;


DROP TABLE IF EXISTS `umi_event_users`;
CREATE TABLE `umi_event_users` (
  `id` int(11) unsigned NOT NULL,
  `last_check_in` bigint(20) DEFAULT NULL,
  `settings` mediumtext DEFAULT NULL,
  PRIMARY KEY (`id`)
) ENGINE=MyISAM DEFAULT CHARSET=utf8;

INSERT INTO `umi_event_users` (`id`, `last_check_in`, `settings`) VALUES
(182,	1566304224,	'a:0:{}');

DROP TABLE IF EXISTS `umi_event_user_history`;
CREATE TABLE `umi_event_user_history` (
  `user_id` int(11) NOT NULL,
  `event_id` int(11) NOT NULL,
  `read` tinyint(1) NOT NULL DEFAULT 1
) ENGINE=MyISAM DEFAULT CHARSET=utf8;


-- 2019-08-20 12:31:25
